,location,001,002,003,004,005,006,007,008,009,010,011,012,013,014,015,016,017,018,019,020,021,022,CompassString
0,S01,-86.9175,-79.0,-89.291405,-82.633537,-88.66537,-200,-88.85012,-89.5968555,-88.80237,-82.00077,-74.0,-81.44696200000001,-78.0,-68.0,-89.0,-200,-200,-200,-200,-53.0,-200,-200,3
1,S01,-86.9175,-77.499626,-89.291405,-82.633537,-88.66537,-200,-88.85012,-89.5968555,-88.80237,-82.00077,-76.500626,-81.44696200000001,-77.49988,-69.00025,-89.0,-200,-200,-200,-200,-56.123498999999995,-200,-200,3
2,S01,-87.9995,-76.332115,-89.291405,-89.499626,-88.66537,-200,-88.85012,-89.5968555,-89.33178,-81.0,-72.3668775,-79.0,-76.66589,-68.66656,-89.0,-200,-200,-200,-200,-53.0,-200,-200,3
3,S01,-86.99883,-77.00025,-89.291405,-82.633537,-88.66537,-200,-88.85012,-89.5968555,-89.749565,-82.00077,-72.3668775,-81.0005,-75.99825,-69.89851,-89.0,-200,-200,-200,-200,-53.0,-200,-200,3
4,S01,-86.9175,-78.0032,-89.291405,-88.665726,-88.66537,-200,-88.85012,-89.5968555,-88.80237,-82.00077,-78.00166,-81.44696200000001,-76.3998,-69.25094,-89.0,-200,-200,-200,-200,-53.0,-200,-200,3
5,S01,-86.9175,-73.40885800000001,-89.291405,-89.500755,-88.66537,-200,-88.85012,-89.5968555,-88.80237,-84.00075,-77.24993,-81.44696200000001,-78.656728,-70.003,-89.0,-200,-200,-200,-200,-56.123498999999995,-200,-200,3
6,S01,-86.9175,-73.40885800000001,-89.291405,-82.633537,-88.66537,-200,-88.85012,-89.5968555,-88.80237,-85.00133,-77.4004,-84.00284,-78.656728,-70.67221,-89.0,-200,-200,-200,-200,-53.6018,-200,-200,3
7,S01,-86.9175,-80.5141,-89.291405,-82.633537,-88.66537,-200,-88.85012,-89.5968555,-88.80237,-86.50362,-72.3668775,-86.5065,-77.33744,-69.89851,-89.0,-200,-200,-200,-200,-54.170757,-200,-200,3
8,S01,-87.249565,-80.44018,-89.291405,-82.633537,-88.66537,-200,-88.85012,-89.5968555,-88.80237,-82.00077,-76.66364,-81.44696200000001,-78.00784,-69.89851,-89.0,-200,-200,-200,-200,-54.433773,-200,-200,3
9,S01,-86.9175,-80.636856,-89.291405,-89.499466,-88.66537,-200,-88.85012,-89.5968555,-88.80237,-86.20199,-76.712006,-81.44696200000001,-78.511215,-71.86961,-89.0,-200,-200,-200,-200,-56.123498999999995,-200,-200,3
10,S01,-86.9175,-73.40885800000001,-89.291405,-89.14008,-88.66537,-200,-88.85012,-89.5968555,-88.80237,-87.00532,-76.49614,-86.0037,-78.656728,-72.76869,-89.0,-200,-200,-200,-200,-56.123498999999995,-200,-200,3
11,S01,-86.9175,-80.45293,-89.291405,-88.99633,-88.66537,-200,-88.85012,-89.5968555,-88.80237,-87.004555,-72.3668775,-85.50079,-79.3527,-69.89851,-89.0,-200,-200,-200,-200,-55.009533,-200,-200,3
12,S01,-87.4001,-80.40699,-89.291405,-82.633537,-88.66537,-200,-88.85012,-89.5968555,-88.80237,-82.00077,-76.55276,-85.285,-79.925446,-69.89851,-89.0,-200,-200,-200,-200,-55.345562,-200,-200,3
13,S01,-87.50054,-81.01679,-89.291405,-82.633537,-88.66537,-200,-88.85012,-89.5968555,-88.80237,-82.00077,-76.39528,-81.44696200000001,-80.302315,-72.794685,-89.0,-200,-200,-200,-200,-55.411934,-200,-200,3
14,S01,-86.9175,-73.40885800000001,-89.291405,-88.659645,-88.66537,-200,-88.85012,-89.5968555,-88.80237,-87.00398,-76.35872,-85.24907,-78.656728,-72.815506,-89.0,-200,-200,-200,-200,-56.123498999999995,-200,-200,3
15,S01,-88.43506,-73.40885800000001,-89.291405,-88.59274,-88.66537,-200,-88.85012,-89.5968555,-88.80237,-86.666435,-76.3282,-85.55818,-78.656728,-73.11005,-89.0,-200,-200,-200,-200,-55.28134,-200,-200,3
16,S01,-89.01066,-81.015366,-89.291405,-82.633537,-88.66537,-200,-88.85012,-89.5968555,-88.80237,-86.396,-72.3668775,-85.60299,-80.36167,-69.89851,-89.0,-200,-200,-200,-200,-55.342487,-200,-200,3
17,S01,-86.9175,-81.01415,-89.291405,-82.633537,-88.66537,-200,-88.85012,-89.5968555,-88.80237,-82.00077,-76.30233,-81.44696200000001,-80.33316,-73.27084,-89.0,-200,-200,-200,-200,-55.39432,-200,-200,3
18,S01,-86.9175,-81.013115,-89.291405,-88.63041,-88.66537,-200,-88.85012,-89.5968555,-88.80237,-86.266884,-76.206604,-81.44696200000001,-80.30867,-73.40716,-89.0,-200,-200,-200,-200,-56.123498999999995,-200,-200,3
19,S01,-86.9175,-73.40885800000001,-89.291405,-88.49169,-88.66537,-200,-88.85012,-89.5968555,-88.80237,-86.32926,-76.12347,-84.99226,-78.656728,-73.67124,-89.0,-200,-200,-200,-200,-56.123498999999995,-200,-200,3
20,S01,-88.67236,-80.874405,-89.291405,-88.137596,-88.66537,-200,-88.85012,-89.5968555,-88.80237,-85.909134,-72.3668775,-85.24816,-80.08069,-69.89851,-89.0,-200,-200,-200,-200,-55.21833,-200,-200,3
21,S01,-88.502754,-80.752754,-89.291405,-82.633537,-88.66537,-200,-88.85012,-89.5968555,-88.80237,-82.00077,-76.115456,-85.4651,-79.81586,-69.89851,-89.0,-200,-200,-200,-200,-55.134384,-200,-200,3
22,S01,-88.45625,-80.645164,-89.291405,-88.12748,-88.66537,-200,-88.85012,-89.5968555,-88.80237,-82.00077,-76.10837,-81.44696200000001,-79.58162,-73.62499,-89.0,-200,-200,-200,-200,-54.995865,-200,-200,3
23,S01,-86.9175,-73.40885800000001,-89.291405,-88.1187,-88.66537,-200,-88.85012,-89.5968555,-88.80237,-85.98932,-76.33517,-85.65143,-78.656728,-73.71423,-89.0,-200,-200,-200,-200,-56.123498999999995,-200,-200,3
24,S01,-89.09808,-73.40885800000001,-89.291405,-88.305695,-88.66537,-200,-88.85012,-89.5968555,-88.80237,-85.99005,-72.3668775,-86.019966,-78.656728,-73.79316,-89.0,-200,-200,-200,-200,-55.180275,-200,-200,3
25,S01,-86.9175,-80.199615,-89.291405,-82.633537,-88.66537,-200,-88.85012,-89.5968555,-88.80237,-85.9258,-72.3668775,-86.14847,-79.78084,-69.89851,-89.0,-200,-200,-200,-200,-55.228046,-200,-200,3
26,S01,-86.9175,-79.96647,-89.291405,-82.633537,-88.66537,-200,-88.85012,-89.5968555,-88.80237,-82.00077,-76.03899,-81.44696200000001,-80.07058,-73.63038,-89.0,-200,-200,-200,-200,-55.2709,-200,-200,3
27,S01,-86.9175,-79.75607,-89.291405,-82.633537,-88.66537,-200,-88.85012,-89.5968555,-88.80237,-82.00077,-75.824745,-81.44696200000001,-80.332054,-69.89851,-89.0,-200,-200,-200,-200,-56.123498999999995,-200,-200,3
28,S01,-86.9175,-73.40885800000001,-89.291405,-88.16416,-88.66537,-200,-88.85012,-89.5968555,-88.80237,-85.377884,-75.52872,-85.70966,-78.656728,-73.76193,-89.0,-200,-200,-200,-200,-56.123498999999995,-200,-200,2
29,S01,-89.405685,-79.56518,-89.291405,-87.804924,-88.66537,-200,-88.85012,-89.5968555,-88.80237,-85.12275,-72.3668775,-85.318634,-80.061066,-73.72152,-89.0,-200,-200,-200,-200,-55.415665,-200,-200,3
30,S01,-89.081856,-79.2935,-89.291405,-82.633537,-88.66537,-200,-88.85012,-89.5968555,-88.80237,-82.00077,-72.3668775,-84.96785,-79.91164,-69.89851,-89.0,-200,-200,-200,-200,-55.089603,-200,-200,3
31,S01,-89.00731,-78.76272,-89.291405,-87.64921,-88.66537,-200,-88.85012,-89.5968555,-88.80237,-82.00077,-75.25882,-81.44696200000001,-79.63379,-73.583206,-89.0,-200,-200,-200,-200,-54.88996,-200,-200,2
32,S01,-86.9175,-73.40885800000001,-89.291405,-87.34955,-88.66537,-200,-88.85012,-89.5968555,-88.80237,-85.06042,-75.15266,-84.75738,-78.656728,-73.11538,-89.0,-200,-200,-200,-200,-56.123498999999995,-200,-200,2
33,S01,-88.87704,-73.40885800000001,-89.291405,-87.07767,-88.66537,-200,-88.85012,-89.5968555,-88.80237,-84.84504,-75.055046,-84.515594,-78.656728,-72.78096,-89.0,-200,-200,-200,-200,-54.989132,-200,-200,2
34,S01,-88.88458,-78.365364,-89.291405,-82.633537,-88.66537,-200,-88.85012,-89.5968555,-88.80237,-84.5988,-72.3668775,-84.34397,-79.60505,-69.89851,-89.0,-200,-200,-200,-200,-54.898933,-200,-200,2
35,S01,-89.1827,-77.77948,-89.291405,-82.633537,-88.66537,-200,-88.85012,-89.5968555,-88.80237,-82.00077,-75.140305,-81.44696200000001,-79.79771,-72.79089,-89.0,-200,-200,-200,-200,-54.72802,-200,-200,2
36,S01,-86.9175,-77.32185,-89.291405,-86.97624,-88.66537,-200,-88.85012,-89.5968555,-88.80237,-84.325485,-75.34662,-81.44696200000001,-79.891205,-72.843895,-89.0,-200,-200,-200,-200,-56.123498999999995,-200,-200,2
37,S01,-86.9175,-73.40885800000001,-89.291405,-86.74236,-88.66537,-200,-88.85012,-89.5968555,-88.80237,-84.07519,-75.29116,-84.186806,-78.656728,-72.892975,-89.0,-200,-200,-200,-200,-56.123498999999995,-200,-200,2
38,S01,-89.28359,-76.937935,-89.291405,-86.52732,-88.66537,-200,-88.85012,-89.5968555,-88.80237,-84.026436,-72.3668775,-84.08765,-79.8545,-69.89851,-89.0,-200,-200,-200,-200,-55.079197,-200,-200,3
39,S01,-89.05637,-76.6603,-89.93073,-82.633537,-88.66537,-200,-88.85012,-89.5968555,-88.80237,-82.00077,-74.99939,-83.95229,-80.020386,-69.89851,-89.0,-200,-200,-200,-200,-55.19949,-200,-200,3
40,S01,-88.90104,-76.400955,-89.291405,-86.372696,-88.66537,-200,-88.85012,-89.5968555,-88.80237,-82.00077,-75.03835,-81.44696200000001,-80.01959,-73.020935,-89.0,-200,-200,-200,-200,-55.071457,-200,-200,3
41,S01,-86.9175,-73.40885800000001,-89.291405,-85.97479,-88.66537,-200,-88.85012,-89.5968555,-88.80237,-83.76226,-75.07484,-83.65714,-78.656728,-72.820015,-89.0,-200,-200,-200,-200,-56.123498999999995,-200,-200,3
42,S01,-88.857056,-73.40885800000001,-89.88993,-85.81109,-88.66537,-200,-88.85012,-89.5968555,-88.80237,-83.64499,-75.07207,-83.259415,-78.656728,-72.749146,-89.0,-200,-200,-200,-200,-55.107613,-200,-200,3
43,S01,-88.393776,-76.38574,-89.55498,-82.633537,-88.66537,-200,-88.85012,-89.5968555,-88.80237,-83.65961,-72.3668775,-83.12898,-80.208565,-69.89851,-89.0,-200,-200,-200,-200,-54.837933,-200,-200,3
44,S01,-88.330574,-76.48252,-89.53212,-82.633537,-88.66537,-200,-88.85012,-89.5968555,-88.80237,-82.00077,-74.67168,-81.44696200000001,-80.34892,-72.87249,-89.0,-200,-200,-200,-200,-54.695854,-200,-200,3
45,S01,-86.9175,-76.392746,-89.291405,-85.81865,-88.66537,-200,-88.85012,-89.5968555,-88.80237,-82.00077,-74.68329,-81.44696200000001,-80.37247,-72.54404,-89.0,-200,-200,-200,-200,-56.123498999999995,-200,-200,3
46,S01,-86.9175,-73.40885800000001,-89.47081,-85.78677,-88.66537,-200,-88.85012,-89.5968555,-88.80237,-83.95335,-75.213615,-82.96821,-78.656728,-72.669014,-89.0,-200,-200,-200,-200,-56.123498999999995,-200,-200,3
47,S01,-88.00923,-76.484955,-89.68611,-85.71898,-88.66537,-200,-88.85012,-89.5968555,-88.80237,-83.9941,-72.3668775,-82.89353,-80.2532,-69.89851,-89.0,-200,-200,-200,-200,-54.706852,-200,-200,3
48,S01,-88.09375,-76.64128,-89.81185,-82.633537,-88.66537,-200,-88.85012,-89.5968555,-88.80237,-82.00077,-75.51176,-83.00853,-80.20981,-69.89851,-89.0,-200,-200,-200,-200,-54.752586,-200,-200,3
49,S01,-88.08989,-76.415924,-89.291405,-85.50726,-88.66537,-200,-88.85012,-89.5968555,-88.80237,-82.00077,-75.32829,-81.44696200000001,-79.965164,-72.609985,-89.0,-200,-200,-200,-200,-54.72653,-200,-200,3
50,S01,-86.9175,-73.40885800000001,-89.291405,-85.27194,-88.66537,-200,-88.85012,-89.5968555,-88.80237,-83.80461,-75.28488,-83.008224,-78.656728,-72.311874,-89.0,-200,-200,-200,-200,-56.123498999999995,-200,-200,3
51,S01,-87.88621,-73.40885800000001,-89.74478,-84.9794,-88.66537,-200,-88.85012,-89.5968555,-88.80237,-83.922905,-72.3668775,-82.90183,-78.656728,-71.9959,-89.0,-200,-200,-200,-200,-54.9394,-200,-200,3
52,S01,-87.54019,-76.20236,-89.5732,-82.633537,-88.66537,-200,-88.85012,-89.5968555,-88.80237,-83.889534,-72.3668775,-82.905235,-79.99961,-69.89851,-89.0,-200,-200,-200,-200,-55.207706,-200,-200,3
53,S01,-87.67146,-76.03234,-89.48219,-82.633537,-88.66537,-200,-88.85012,-89.5968555,-88.80237,-82.00077,-74.922455,-81.44696200000001,-79.8689,-69.89851,-89.0,-200,-200,-200,-200,-55.495056,-200,-200,3
54,S01,-86.9175,-75.87072,-89.291405,-85.01474,-88.66537,-200,-88.85012,-89.5968555,-88.80237,-83.64588,-74.67222,-81.44696200000001,-79.712524,-71.86289,-89.0,-200,-200,-200,-200,-56.123498999999995,-200,-200,3
55,S01,-86.9175,-73.40885800000001,-89.39625,-84.607056,-88.66537,-200,-88.85012,-89.5968555,-88.80237,-83.38115,-74.55805,-82.77272,-78.656728,-71.703964,-89.0,-200,-200,-200,-200,-56.123498999999995,-200,-200,3
56,S01,-87.42449,-75.93797,-89.51853,-84.2207,-88.66537,-200,-88.85012,-89.5968555,-88.80237,-83.23249,-72.3668775,-82.61385,-79.91112,-69.89851,-89.0,-200,-200,-200,-200,-55.44704,-200,-200,3
57,S01,-87.336815,-75.846634,-89.4347,-82.633537,-88.66537,-200,-88.85012,-89.5968555,-88.80237,-82.00077,-74.326614,-82.463066,-79.91388,-69.89851,-89.0,-200,-200,-200,-200,-55.369747,-200,-200,3
58,S01,-87.18344,-75.60636,-89.291405,-84.18081,-88.66537,-200,-88.85012,-89.5968555,-88.80237,-82.00077,-74.37712,-81.44696200000001,-79.51844,-71.488655,-89.0,-200,-200,-200,-200,-55.2339,-200,-200,3
59,S01,-86.9175,-73.40885800000001,-89.291405,-84.33559,-88.66537,-200,-88.85012,-89.5968555,-88.80237,-83.091606,-74.69335,-82.15915,-78.656728,-71.25212,-89.0,-200,-200,-200,-200,-56.123498999999995,-200,-200,3
60,S01,-87.41946,-75.61824,-89.355125,-84.04071,-88.66537,-200,-88.85012,-89.5968555,-88.80237,-82.957886,-72.3668775,-82.15412,-79.3217,-71.057755,-89.0,-200,-200,-200,-200,-55.10425,-200,-200,3
61,S01,-87.235565,-75.451,-89.27949,-82.633537,-88.66537,-200,-88.85012,-89.5968555,-88.80237,-82.00077,-72.3668775,-82.27368,-79.073975,-69.89851,-89.0,-200,-200,-200,-200,-54.980377,-200,-200,3
62,S01,-87.16115,-75.55527,-89.20749,-82.633537,-88.66537,-200,-88.85012,-89.5968555,-88.80237,-82.00077,-74.46732,-81.44696200000001,-79.0718,-70.96412,-89.0,-200,-200,-200,-200,-54.95119,-200,-200,3
63,S01,-86.9175,-73.40885800000001,-89.291405,-83.94618,-88.66537,-200,-88.85012,-89.5968555,-88.80237,-82.83077,-74.25068,-81.44696200000001,-78.656728,-70.87466,-89.0,-200,-200,-200,-200,-56.123498999999995,-200,-200,3
64,S01,-86.9175,-73.40885800000001,-89.13886,-84.13156,-88.66537,-200,-88.85012,-89.5968555,-88.80237,-82.678185,-74.24349,-82.326546,-78.656728,-70.759315,-89.0,-200,-200,-200,-200,-55.011383,-200,-200,2
65,S01,-87.15588,-75.3941,-89.10399,-83.88613,-88.66537,-200,-88.85012,-89.5968555,-88.80237,-82.657104,-72.3668775,-82.28651,-78.895645,-69.89851,-89.0,-200,-200,-200,-200,-55.040066,-200,-200,3
66,S01,-87.05453,-75.7268,-89.131035,-82.633537,-88.66537,-200,-88.85012,-89.5968555,-88.80237,-82.00077,-74.236595,-82.24821,-78.9273,-69.89851,-89.0,-200,-200,-200,-200,-54.92425,-200,-200,3
67,S01,-87.0528,-75.64952,-89.291405,-84.03836,-88.66537,-200,-88.85012,-89.5968555,-88.80237,-82.00077,-74.257996,-81.44696200000001,-78.87268,-71.08956,-89.0,-200,-200,-200,-200,-54.869717,-200,-200,3
68,S01,-86.9175,-73.40885800000001,-89.291405,-84.18413,-88.66537,-200,-88.85012,-89.5968555,-88.80237,-82.48388,-74.72242,-82.15278,-78.656728,-71.14499,-89.0,-200,-200,-200,-200,-56.123498999999995,-200,-200,2
69,S01,-87.05116,-75.49116,-89.09737,-84.12076,-88.66537,-200,-88.85012,-89.5968555,-88.80237,-82.37873,-72.3668775,-82.00328,-78.87625,-70.94017,-89.0,-200,-200,-200,-200,-55.125652,-200,-200,3
70,S01,-87.202705,-75.39431,-89.065125,-82.633537,-88.66537,-200,-88.85012,-89.5968555,-88.80237,-82.24838,-72.3668775,-82.06052,-79.1016,-69.89851,-89.0,-200,-200,-200,-200,-55.482788,-200,-200,3
71,S01,-87.19659,-75.41094,-89.291405,-82.633537,-88.66537,-200,-88.85012,-89.5968555,-88.80237,-82.00077,-74.64765,-81.44696200000001,-79.34599,-70.941864,-89.0,-200,-200,-200,-200,-55.46953,-200,-200,2
72,S01,-86.9175,-75.29095,-89.291405,-84.05997,-88.66537,-200,-88.85012,-89.5968555,-88.80237,-82.21171,-74.60283,-82.2005,-78.656728,-70.83137,-89.0,-200,-200,-200,-200,-56.123498999999995,-200,-200,3
73,S01,-87.160965,-73.40885800000001,-89.06323,-83.916565,-88.66537,-200,-88.85012,-89.5968555,-88.80237,-82.14754,-74.74832,-81.9426,-78.656728,-70.808304,-89.0,-200,-200,-200,-200,-55.538364,-200,-200,3
74,S01,-87.215,-75.60658,-88.946754,-83.80678,-88.66537,-200,-88.85012,-89.5968555,-89.7879,-82.05731,-72.3668775,-81.69453,-79.30938,-69.89851,-89.0,-200,-200,-200,-200,-55.577766,-200,-200,3
75,S01,-87.17975,-75.67054,-88.948265,-82.633537,-89.91191,-200,-88.85012,-89.5968555,-89.70123,-82.00077,-74.75505,-81.455734,-79.327995,-69.89851,-89.0,-200,-200,-200,-200,-55.82956,-200,-200,3
76,S01,-86.9175,-75.67927,-89.291405,-83.97858,-88.66537,-200,-88.85012,-89.95335,-89.557274,-82.00077,-74.89405,-81.44696200000001,-79.3994,-71.11568,-89.0,-200,-200,-200,-200,-56.125595,-200,-200,3
77,S01,-86.9175,-73.40885800000001,-89.291405,-83.81438,-88.66537,-200,-88.85012,-89.78527,-88.80237,-82.22572,-74.84425,-81.44334,-78.656728,-71.16694,-89.0,-200,-200,-200,-200,-56.123498999999995,-200,-200,3
78,S01,-87.002594,-75.6877,-88.977745,-83.76502,-88.66537,-200,-88.85012,-89.725845,-88.80237,-82.1353,-72.3668775,-81.43139,-79.54782,-70.97374,-89.0,-200,-200,-200,-200,-56.06971,-200,-200,3
79,S01,-86.9175,-75.59148,-88.95062,-82.633537,-88.66537,-200,-88.85012,-89.5968555,-89.600815,-82.076065,-72.3668775,-81.41986,-79.53342,-69.89851,-89.0,-200,-200,-200,-200,-55.989613,-200,-200,3
80,S01,-86.779655,-75.57616,-89.291405,-83.717445,-88.66537,-200,-88.85012,-89.5968555,-89.37455,-82.00077,-74.63958,-81.44696200000001,-79.467316,-70.867546,-89.0,-200,-200,-200,-200,-56.0935,-200,-200,3
81,S01,-86.9175,-75.50989,-89.291405,-83.75172,-88.66537,-200,-88.85012,-89.76749,-89.33417,-82.073975,-74.75253,-81.44696200000001,-78.656728,-70.65904,-89.0,-200,-200,-200,-200,-56.123498999999995,-200,-200,3
82,S01,-86.647064,-73.40885800000001,-89.06184,-83.54628,-88.66537,-200,-88.85012,-89.774956,-88.80237,-82.09917,-74.78462,-81.30273,-78.656728,-70.536545,-89.0,-200,-200,-200,-200,-56.123498999999995,-200,-200,3
83,S01,-86.57436,-75.31798,-89.304985,-83.53191,-88.66537,-200,-88.85012,-89.5968555,-89.29546,-82.0965,-72.3668775,-81.58398,-79.53292,-69.89851,-89.0,-200,-200,-200,-200,-56.039642,-200,-200,3
84,S01,-86.50433,-75.18294,-89.35068,-82.633537,-89.74221,-200,-88.85012,-89.78207,-89.172325,-82.00077,-74.73901,-81.80357,-79.28769,-69.89851,-89.0,-200,-200,-200,-200,-55.961967,-200,-200,3
85,S01,-86.38291,-75.12784,-89.291405,-83.622406,-89.75652,-200,-88.85012,-89.72666,-89.33748,-82.040474,-74.618675,-81.44696200000001,-79.280334,-70.60082,-89.0,-200,-200,-200,-200,-56.123498999999995,-200,-200,3
86,S01,-86.9175,-73.40885800000001,-89.291405,-83.50267,-88.66537,-200,-88.85012,-89.643166,-88.80237,-82.09241,-74.300186,-81.886375,-78.656728,-70.63707,-89.0,-200,-200,-200,-200,-56.123498999999995,-200,-200,3
87,S01,-86.55974,-74.8486,-89.28786,-83.41257,-88.66537,-200,-88.85012,-89.593575,-89.24393,-82.16885,-72.3668775,-81.86357,-79.04468,-70.594955,-89.0,-200,-200,-200,-200,-56.013718,-200,-200,3
88,S01,-86.5184,-74.877335,-89.20072,-82.633537,-88.66537,-200,-89.79737,-89.5968555,-89.20942,-82.00077,-72.3668775,-81.66262,-78.8164,-69.89851,-89.0,-200,-200,-200,-200,-56.038612,-200,-200,3
89,S01,-86.47848,-74.53286,-89.291405,-83.14648,-89.45117,-200,-89.743866,-89.36752,-89.12128,-82.00077,-74.117,-81.44696200000001,-78.82101,-70.68197,-89.0,-200,-200,-200,-200,-56.16311,-200,-200,3
90,S01,-86.9175,-73.40885800000001,-89.291405,-83.04118,-89.3266,-200,-88.85012,-89.32735,-88.80237,-82.21664,-73.9893,-81.44696200000001,-78.656728,-70.43612,-89.0,-200,-200,-200,-200,-56.123498999999995,-200,-200,3
91,S01,-86.9175,-73.40885800000001,-89.24803,-82.83823,-88.66537,-200,-88.85012,-89.28883,-88.80237,-82.0556,-73.74134,-81.39187,-78.656728,-70.17272,-89.0,-200,-200,-200,-200,-56.43354,-200,-200,3
92,S01,-86.51818,-74.099846,-89.291405,-82.633537,-89.06657,-200,-89.63387,-89.5968555,-88.80237,-81.822655,-72.3668775,-81.129585,-78.75061,-69.89851,-89.0,-200,-200,-200,-200,-56.770298,-200,-200,3
93,S01,-86.401146,-73.87619,-89.13719,-82.633537,-88.73444,-200,-89.58647,-89.19456,-89.14518,-82.00077,-73.55015,-81.02596,-78.45892,-69.89851,-89.0,-200,-200,-200,-200,-56.850063,-200,-200,3
94,S01,-86.9175,-73.634575,-89.291405,-82.64154,-88.66537,-200,-89.684326,-88.99066,-89.03344,-81.77608,-73.585785,-81.44696200000001,-78.54638,-70.54479,-89.0,-200,-200,-200,-200,-57.025795,-200,-200,2
95,S01,-86.9175,-73.40885800000001,-89.291405,-82.625534,-88.66537,-200,-88.85012,-89.01895,-88.80237,-81.78176,-73.37574,-81.025314,-78.656728,-70.28165,-89.0,-200,-200,-200,-200,-56.123498999999995,-200,-200,0
96,S01,-86.287926,-73.61912,-89.28906,-82.53554,-88.66537,-200,-89.80663,-89.018425,-88.80237,-81.837746,-72.3668775,-81.12398,-78.41006,-70.05125,-89.0,-200,-200,-200,-200,-56.90284,-200,-200,0
97,S01,-86.25501,-73.41007,-89.30735,-82.633537,-88.66537,-200,-89.84009,-89.5968555,-89.08599,-82.00077,-72.3668775,-81.12092,-78.44895,-69.89851,-89.0,-200,-200,-200,-200,-56.880848,-200,-200,0
98,S01,-86.223145,-73.18276,-89.291405,-82.633537,-88.5651,-200,-88.85012,-88.96299,-89.03071,-82.00077,-73.123024,-81.44696200000001,-78.26752,-70.00059,-89.0,-200,-200,-200,-200,-56.786724,-200,-200,0
99,S01,-86.9175,-73.40885800000001,-89.291405,-82.37412,-88.45266,-200,-88.85012,-89.04561,-88.80237,-81.76654,-72.85325,-81.21626,-78.656728,-70.00057,-89.0,-200,-200,-200,-200,-56.123498999999995,-200,-200,0
100,S01,-86.217514,-73.40885800000001,-89.32505,-82.26662,-88.66537,-200,-88.85012,-88.936554,-88.80237,-81.622635,-72.615234,-81.16204,-78.656728,-70.294136,-89.0,-200,-200,-200,-200,-56.76772,-200,-200,0
101,S01,-86.186966,-73.03399,-89.291405,-82.633537,-88.66537,-200,-88.85012,-89.5968555,-89.05619,-81.65682,-72.3668775,-81.03631,-77.99424,-69.89851,-89.0,-200,-200,-200,-200,-56.749245,-200,-200,0
102,S01,-86.08248,-72.91331,-89.334526,-82.633537,-88.39099,-200,-89.78905,-88.9917,-89.00254,-82.00077,-72.43199,-81.44696200000001,-78.042694,-69.89851,-89.0,-200,-200,-200,-200,-56.539494,-200,-200,0
103,S01,-86.9175,-72.84371,-89.291405,-82.33349,-88.66537,-200,-89.79484,-89.17743,-89.05428,-81.91227,-72.301765,-81.44696200000001,-77.92136,-70.01905,-89.0,-200,-200,-200,-200,-56.123498999999995,-200,-200,0
104,S01,-86.9175,-73.40885800000001,-89.35123,-82.32536,-88.66537,-200,-88.85012,-89.09389,-88.80237,-81.81612,-72.127335,-81.059685,-78.656728,-69.87307,-89.0,-200,-200,-200,-200,-56.123498999999995,-200,-200,0
105,S01,-85.98114,-72.77601,-89.291405,-82.09919,-88.66537,-200,-88.85012,-89.14362,-89.10434,-81.69829,-72.3668775,-80.93746,-77.73145,-69.89851,-89.0,-200,-200,-200,-200,-56.64605,-200,-200,0
106,S01,-86.15449,-72.66267,-89.291405,-82.633537,-88.66537,-200,-89.82762,-89.5968555,-89.10168,-82.00077,-71.93384,-80.81866,-77.83343,-69.89851,-89.0,-200,-200,-200,-200,-56.511627,-200,-200,0
107,S01,-86.9175,-72.528694,-89.291405,-82.096794,-88.66537,-200,-88.85012,-89.1399,-89.04831,-82.00077,-71.911674,-81.44696200000001,-77.74216,-69.65874,-89.0,-200,-200,-200,-200,-56.38083,-200,-200,0
108,S01,-86.9175,-73.40885800000001,-89.291405,-82.09447,-88.66537,-200,-88.85012,-89.0334,-88.80237,-81.53514,-71.724495,-80.9189,-78.656728,-69.5707,-89.0,-200,-200,-200,-200,-56.123498999999995,-200,-200,0
109,S01,-86.15069,-73.40885800000001,-89.291405,-82.04426,-88.66537,-200,-88.85012,-88.90478,-88.80237,-81.54642,-71.54229,-80.9925,-78.656728,-69.55702,-89.0,-200,-200,-200,-200,-56.158897,-200,-200,0
110,S01,-86.17146,-72.98799,-89.291405,-82.633537,-88.66537,-200,-89.751396,-89.5968555,-89.09757,-81.55737,-72.3668775,-80.873634,-77.58215,-69.89851,-89.0,-200,-200,-200,-200,-55.942856,-200,-200,0
111,S01,-86.19164,-73.05884,-89.44228,-82.633537,-88.66537,-200,-89.75804,-88.93259,-88.80237,-82.00077,-71.43545,-81.44696200000001,-77.47375,-69.49594,-89.0,-200,-200,-200,-200,-55.708984,-200,-200,0
112,S01,-86.9175,-73.198204,-89.291405,-81.971535,-88.66537,-200,-89.71145,-88.959526,-88.80237,-81.784584,-71.3314,-81.44696200000001,-77.36822,-69.222244,-89.0,-200,-200,-200,-200,-56.123498999999995,-200,-200,0
113,S01,-86.9175,-73.40885800000001,-89.48095,-82.067444,-88.66537,-200,-88.85012,-89.01073,-88.80237,-81.66988,-71.32365,-80.75797,-78.656728,-69.19324,-89.0,-200,-200,-200,-200,-56.123498999999995,-200,-200,0
114,S01,-86.21125,-73.07658,-89.41968,-81.97092,-88.66537,-200,-89.534996,-89.5968555,-89.019844,-81.55833,-72.3668775,-80.64541,-77.38308,-69.5672,-89.0,-200,-200,-200,-200,-55.715813,-200,-200,0
115,S01,-86.27862,-73.09813,-89.45852,-82.633537,-88.66537,-200,-89.416664,-89.5968555,-88.96944,-82.00077,-71.15271,-80.53583,-77.209885,-69.89851,-89.0,-200,-200,-200,-200,-55.83945,-200,-200,0
116,S01,-86.32004,-73.40885800000001,-89.291405,-81.806,-88.66537,-200,-89.45768,-89.08533,-88.94537,-82.00077,-71.102585,-81.44696200000001,-77.18158,-69.3887,-89.0,-200,-200,-200,-200,-55.796516,-200,-200,0
117,S01,-86.9175,-73.40885800000001,-89.291405,-81.73981,-88.66537,-200,-88.85012,-89.03356,-88.80237,-81.425995,-71.0305,-80.4997,-78.656728,-69.23843,-89.0,-200,-200,-200,-200,-56.123498999999995,-200,-200,0
118,S01,-86.28839,-73.40885800000001,-89.42284,-81.6048,-88.66537,-200,-88.85012,-88.933945,-88.80237,-81.32096,-70.84434,-80.37069,-78.656728,-69.06863,-89.0,-200,-200,-200,-200,-55.68483,-200,-200,0
119,S01,-86.2815,-73.02599,-89.24204,-82.633537,-88.66537,-200,-89.49735,-89.5968555,-88.89733,-81.218735,-72.3668775,-80.268425,-77.31738,-69.89851,-89.0,-200,-200,-200,-200,-55.529526,-200,-200,0
120,S01,-86.32242,-73.095085,-89.35744,-82.633537,-88.66537,-200,-89.5102,-89.132195,-88.801544,-82.00077,-70.96361,-81.44696200000001,-77.30999,-69.89851,-89.0,-200,-200,-200,-200,-55.470886,-200,-200,0
121,S01,-86.9175,-73.02334,-89.291405,-81.61407,-88.66537,-200,-88.85012,-89.17789,-88.70854,-81.26075,-70.94136,-81.44696200000001,-77.41895,-69.020226,-89.0,-200,-200,-200,-200,-56.123498999999995,-200,-200,0
122,S01,-86.9175,-73.40885800000001,-89.291405,-81.64649,-88.66537,-200,-88.85012,-89.319695,-88.80237,-81.53688,-70.94271,-80.14546,-78.656728,-69.11311,-89.0,-200,-200,-200,-200,-56.123498999999995,-200,-200,0
123,S01,-86.45715,-72.9534,-89.42127,-81.72476,-88.66537,-200,-88.85012,-89.5968555,-88.80237,-81.47737,-72.3668775,-79.97908,-77.33969,-69.15705,-89.0,-200,-200,-200,-200,-55.413723,-200,-200,0
124,S01,-86.49365,-72.839035,-89.38707,-82.633537,-88.66537,-200,-88.85012,-89.5968555,-88.66693,-82.00077,-72.3668775,-79.81694,-77.33183,-69.89851,-89.0,-200,-200,-200,-200,-55.58888,-200,-200,0
125,S01,-86.57636,-72.65839,-89.291405,-81.63803,-88.66537,-200,-88.85012,-89.36045,-88.74777,-82.00077,-70.898026,-81.44696200000001,-77.43961,-69.24633,-89.0,-200,-200,-200,-200,-55.43704,-200,-200,0
126,S01,-86.9175,-73.40885800000001,-89.291405,-81.785835,-88.66537,-200,-88.85012,-89.32759,-88.80237,-81.58319,-70.99222,-81.44696200000001,-78.656728,-69.101524,-89.0,-200,-200,-200,-200,-56.123498999999995,-200,-200,0
127,S01,-86.75098,-73.40885800000001,-89.37779,-81.76762,-88.66537,-200,-88.85012,-89.3919,-88.80237,-81.70962,-72.3668775,-79.68209,-78.656728,-69.00664,-89.0,-200,-200,-200,-200,-55.288967,-200,-200,0
128,S01,-86.96794,-72.59724,-89.34488,-82.633537,-88.66537,-200,-89.44646,-89.5968555,-88.85049,-82.00077,-72.3668775,-79.527504,-77.54471,-69.89851,-89.0,-200,-200,-200,-200,-55.190475,-200,-200,0
129,S01,-87.13248,-72.5376,-89.479515,-82.633537,-88.49844,-200,-89.43519,-89.5968555,-88.80596,-82.00077,-71.01532,-81.44696200000001,-77.371155,-69.237366,-89.0,-200,-200,-200,-200,-55.094406,-200,-200,0
130,S01,-86.9175,-72.43357,-89.291405,-81.9812,-88.67858,-200,-88.85012,-89.43045,-88.762665,-81.76295,-71.060745,-81.44696200000001,-77.20189,-69.04754,-89.0,-200,-200,-200,-200,-56.123498999999995,-200,-200,0
131,S01,-86.9175,-73.40885800000001,-89.5156,-82.09708,-88.66537,-200,-88.85012,-89.58739,-88.80237,-82.00078,-71.17363,-79.5615,-78.656728,-68.88542,-89.0,-200,-200,-200,-200,-56.123498999999995,-200,-200,0
132,S01,-87.22275,-72.46943,-89.59804,-82.09484,-88.66537,-200,-88.85012,-89.5968555,-88.80237,-82.00076,-72.3668775,-79.47942,-77.65578,-69.89851,-89.0,-200,-200,-200,-200,-54.93202,-200,-200,0
133,S01,-87.240845,-72.29871,-89.56034,-82.633537,-88.65216,-200,-89.549736,-89.5968555,-88.91167,-82.00077,-71.35224,-79.46839,-77.66366,-69.89851,-89.0,-200,-200,-200,-200,-54.819298,-200,-200,0
134,S01,-86.9175,-72.26907,-89.291405,-82.11566,-88.66537,-200,-88.85012,-89.62102,-88.96139,-82.00077,-71.41258,-81.44696200000001,-77.71706,-68.979904,-89.0,-200,-200,-200,-200,-54.640846,-200,-200,0
135,S01,-86.9175,-73.40885800000001,-89.291405,-82.11301,-88.66537,-200,-88.85012,-89.5968555,-88.80237,-81.93134,-71.40319,-79.54949,-78.656728,-69.415955,-89.0,-200,-200,-200,-200,-56.123498999999995,-200,-200,0
136,S01,-87.258484,-73.40885800000001,-89.523636,-82.13334,-88.66537,-200,-88.85012,-89.63001,-88.80237,-81.9791,-71.37129,-79.49104,-78.656728,-69.65822,-89.0,-200,-200,-200,-200,-54.717403,-200,-200,0
137,S01,-86.9175,-72.44527,-89.53481,-82.633537,-88.66537,-200,-88.85012,-89.5968555,-88.80237,-81.97958,-72.3668775,-79.54847,-77.95173,-69.89851,-89.0,-200,-200,-200,-200,-54.746597,-200,-200,0
138,S01,-87.13658,-72.48065,-89.70948,-82.633537,-88.66537,-200,-88.85012,-89.68608,-88.98604,-82.00077,-71.34016,-81.44696200000001,-77.97562,-69.71174,-89.0,-200,-200,-200,-200,-54.66143,-200,-200,0
139,S01,-86.9175,-72.628845,-89.291405,-82.244736,-88.66537,-200,-88.85012,-89.71707,-89.081,-81.98006,-71.55922,-81.44696200000001,-78.11273,-69.80961,-89.0,-200,-200,-200,-200,-56.123498999999995,-200,-200,0
140,S01,-86.9175,-73.40885800000001,-89.291405,-82.33056,-88.66537,-200,-88.85012,-89.79429,-88.80237,-81.95755,-71.705124,-79.42166,-78.656728,-69.83674,-89.0,-200,-200,-200,-200,-56.123498999999995,-200,-200,0
141,S01,-87.34163,-72.8189,-89.71626,-82.36866,-88.66537,-200,-88.85012,-89.5968555,-89.03191,-81.95853,-72.3668775,-79.48051,-78.132904,-69.89851,-89.0,-200,-200,-200,-200,-54.759933,-200,-200,0
142,S01,-87.426094,-72.754974,-89.58316,-82.633537,-88.66537,-200,-89.560974,-89.5968555,-88.93707,-82.00077,-71.66654,-79.46956,-78.08448,-69.89851,-89.0,-200,-200,-200,-200,-54.697346,-200,-200,0
143,S01,-86.9175,-73.009705,-89.291405,-82.314674,-88.66537,-200,-89.422935,-89.77566,-88.91509,-81.95947,-71.696686,-81.44696200000001,-78.19595,-70.02254,-89.0,-200,-200,-200,-200,-54.54563,-200,-200,2
144,S01,-86.9175,-73.40885800000001,-89.291405,-82.44408,-88.66537,-200,-88.85012,-89.71072,-88.80237,-82.09753,-71.680954,-79.57267,-78.656728,-70.044754,-89.0,-200,-200,-200,-200,-56.123498999999995,-200,-200,1
145,S01,-86.9175,-72.805824,-89.31406,-82.5931,-88.66537,-200,-88.85012,-89.67079,-88.82349,-82.02683,-72.3668775,-79.559654,-78.214165,-69.99833,-89.0,-200,-200,-200,-200,-54.488026,-200,-200,3
146,S01,-87.30105,-72.81021,-89.21405,-82.633537,-88.66537,-200,-89.23961,-89.5968555,-88.75758,-82.00077,-72.3668775,-79.66047,-78.118805,-69.89851,-89.0,-200,-200,-200,-200,-54.65784,-200,-200,3
147,S01,-87.041084,-72.67899,-89.291405,-82.633537,-88.66537,-200,-89.061676,-89.562035,-88.739944,-82.00077,-71.57533,-81.44696200000001,-77.91267,-69.90765,-89.0,-200,-200,-200,-200,-54.57523,-200,-200,3
148,S01,-86.9175,-73.40885800000001,-89.291405,-82.44341,-88.66537,-200,-88.81552,-89.64191,-88.83891,-81.88948,-71.494736,-81.44696200000001,-78.656728,-69.84179,-89.0,-200,-200,-200,-200,-56.123498999999995,-200,-200,2
149,S01,-86.9175,-73.40885800000001,-89.00089,-82.25194,-88.66537,-200,-88.85012,-89.71976,-88.80237,-81.80096,-71.57369,-79.600136,-78.656728,-69.82274,-89.0,-200,-200,-200,-200,-56.123498999999995,-200,-200,2
150,S01,-86.879395,-72.75393,-88.908516,-82.04236,-88.66537,-200,-88.64952,-89.5968555,-88.749916,-81.64636,-72.3668775,-79.49593,-77.8243,-69.89851,-89.0,-200,-200,-200,-200,-54.607376,-200,-200,2
151,S01,-86.744606,-72.57913,-88.93367,-82.633537,-88.66537,-200,-88.46399,-89.5968555,-88.6863,-82.00077,-72.3668775,-79.34894,-77.58007,-69.89851,-89.0,-200,-200,-200,-200,-54.81912,-200,-200,2
152,S01,-86.9175,-72.34084,-89.291405,-81.905624,-88.66537,-200,-88.42863,-89.5643,-88.60119,-82.00077,-71.56078,-81.44696200000001,-77.364105,-69.6685,-89.0,-200,-200,-200,-200,-55.025913,-200,-200,3
153,S01,-86.9175,-73.40885800000001,-89.291405,-81.90776,-88.66537,-200,-88.85012,-89.57436,-88.80237,-81.7225,-71.45821,-79.27323,-78.656728,-69.47273,-89.0,-200,-200,-200,-200,-56.123498999999995,-200,-200,3
154,S01,-86.590225,-73.40885800000001,-88.91219,-81.88726,-88.66537,-200,-88.85012,-89.51504,-88.80237,-81.9329,-72.3668775,-79.13155,-77.08561,-69.28156,-89.0,-200,-200,-200,-200,-56.123498999999995,-200,-200,3
155,S01,-86.599594,-72.130615,-89.006065,-82.633537,-88.66537,-200,-88.4905,-89.5968555,-88.518196,-82.20625,-72.3668775,-79.0609,-76.88113,-69.89851,-89.0,-200,-200,-200,-200,-55.13786,-200,-200,3
156,S01,-86.44898,-72.26261,-89.291405,-82.633537,-88.24799,-200,-88.502716,-89.549194,-88.552284,-82.00077,-71.29061,-81.44696200000001,-76.793846,-69.320305,-89.0,-200,-200,-200,-200,-55.33716,-200,-200,3
157,S01,-86.9175,-73.40885800000001,-89.291405,-81.84468,-88.66537,-200,-88.85012,-89.51362,-88.80237,-82.08844,-71.26163,-81.44696200000001,-78.656728,-69.33562,-89.0,-200,-200,-200,-200,-56.123498999999995,-200,-200,3
158,S01,-86.9175,-73.40885800000001,-88.84544,-81.69038,-88.66537,-200,-88.85012,-89.6394,-88.80237,-81.97341,-71.233315,-79.26241,-78.656728,-69.30556,-89.0,-200,-200,-200,-200,-56.123498999999995,-200,-200,3
159,S01,-86.41596,-72.009514,-88.826096,-81.5622,-88.66537,-200,-88.41904,-89.5968555,-88.60849,-81.92884,-72.3668775,-79.21146,-76.82095,-69.89851,-89.0,-200,-200,-200,-200,-55.41947,-200,-200,3
160,S01,-86.20165,-72.03175,-88.898636,-82.633537,-88.66537,-200,-88.33764,-89.5968555,-88.61746,-82.00077,-71.18323,-79.409256,-76.60041,-69.89851,-89.0,-200,-200,-200,-200,-55.54479,-200,-200,3
161,S01,-86.9175,-71.85151,-89.291405,-81.41451,-88.66537,-200,-88.25843,-89.5332,-88.53466,-81.79507,-71.15671,-81.44696200000001,-76.63182,-69.16375,-89.0,-200,-200,-200,-200,-56.123498999999995,-200,-200,3
162,S01,-86.9175,-73.40885800000001,-89.291405,-81.51763,-88.66537,-200,-88.85012,-89.4753,-88.80237,-81.777145,-71.0412,-79.26512,-78.656728,-69.04771,-89.0,-200,-200,-200,-200,-56.123498999999995,-200,-200,1
163,S01,-86.06068,-71.63057,-88.78684,-81.37116,-88.66537,-200,-88.85012,-89.28188,-88.80237,-81.60197,-72.3668775,-79.19175,-78.656728,-69.06909,-89.0,-200,-200,-200,-200,-55.8243,-200,-200,3
164,S01,-85.94578,-71.369896,-88.76891,-82.633537,-88.66537,-200,-88.11037,-89.5968555,-88.49959,-81.47589,-72.3668775,-79.254814,-76.43824,-69.89851,-89.0,-200,-200,-200,-200,-55.985226,-200,-200,3
165,S01,-85.78826,-71.09282,-89.291405,-82.633537,-88.66537,-200,-87.98982,-89.38941,-88.48819,-82.00077,-70.973114,-81.44696200000001,-76.249115,-68.86557,-89.0,-200,-200,-200,-200,-56.120033,-200,-200,3
166,S01,-86.9175,-70.79971,-89.291405,-81.52002,-88.66537,-200,-88.85012,-89.53987,-88.80237,-81.352745,-70.90659,-81.44696200000001,-78.656728,-68.68917,-89.0,-200,-200,-200,-200,-56.123498999999995,-200,-200,3
167,S01,-86.9175,-73.40885800000001,-88.819695,-81.598114,-88.66537,-200,-88.85012,-89.41394,-88.80237,-81.23246,-70.931046,-79.27154,-78.656728,-68.584076,-89.0,-200,-200,-200,-200,-56.229343,-200,-200,3
168,S01,-85.77041,-70.558075,-88.869255,-81.607124,-88.66537,-200,-88.01358,-89.5968555,-88.54543,-81.11496,-72.3668775,-79.3103,-76.19874,-69.89851,-89.0,-200,-200,-200,-200,-56.336143,-200,-200,3
169,S01,-85.775604,-70.47851,-88.78141,-82.633537,-88.66537,-200,-88.08363,-89.5968555,-88.41922,-82.00077,-70.77612,-79.32576,-76.19429,-69.89851,-89.0,-200,-200,-200,-200,-56.32862,-200,-200,2
170,S01,-86.9175,-70.46781,-89.291405,-81.54869,-88.66537,-200,-88.01148,-89.35913,-88.40969,-80.95529,-70.714096,-81.44696200000001,-76.10044,-68.61579,-89.0,-200,-200,-200,-200,-56.209457,-200,-200,2
171,S01,-86.9175,-73.40885800000001,-89.291405,-81.514,-88.66537,-200,-88.85012,-89.32831,-88.80237,-80.84416,-70.83214,-79.07207,-78.656728,-68.490074,-89.0,-200,-200,-200,-200,-56.123498999999995,-200,-200,2
172,S01,-85.80328,-70.45736,-88.627625,-81.4801,-88.66537,-200,-88.85012,-89.434135,-88.80237,-80.66835,-72.3668775,-78.91374,-76.031105,-68.658104,-89.0,-200,-200,-200,-200,-56.093014,-200,-200,0
173,S01,-85.71739,-70.58114,-88.6134,-82.633537,-88.66537,-200,-88.127914,-89.5968555,-88.40039,-82.00077,-72.3668775,-79.02755,-76.03041,-69.89851,-89.0,-200,-200,-200,-200,-55.956886,-200,-200,0
174,S01,-85.58839,-71.05925,-89.291405,-82.633537,-88.238815,-200,-88.12494,-89.56008,-88.43667,-82.00077,-70.76892,-81.44696200000001,-76.119095,-68.822296,-89.0,-200,-200,-200,-200,-55.868523,-200,-200,0
175,S01,-86.9175,-71.05793,-89.291405,-81.424614,-88.66537,-200,-88.85012,-89.63785,-88.80237,-80.69818,-70.68483,-79.094025,-78.656728,-68.91568,-89.0,-200,-200,-200,-200,-56.123498999999995,-200,-200,0
176,S01,-86.9175,-73.40885800000001,-89.291405,-81.32567,-88.66537,-200,-88.85012,-89.66861,-88.80237,-80.70494,-70.55804,-79.15898,-78.656728,-68.96225,-89.0,-200,-200,-200,-200,-55.871456,-200,-200,0
177,S01,-85.75547,-71.03433,-88.66741,-81.22898,-88.66537,-200,-88.85012,-89.5968555,-88.42677,-80.73392,-72.3668775,-79.155426,-76.25043,-69.89851,-89.0,-200,-200,-200,-200,-55.874325,-200,-200,0
178,S01,-85.873604,-71.01127,-88.69753,-82.633537,-88.66537,-200,-88.2382,-89.5968555,-88.3266,-82.00077,-70.41182,-81.44696200000001,-76.311806,-69.89851,-89.0,-200,-200,-200,-200,-55.810215,-200,-200,1
179,S01,-86.9175,-71.055595,-89.291405,-81.179184,-88.66537,-200,-88.85012,-89.76634,-88.319214,-80.62805,-70.31349,-81.44696200000001,-76.28254,-68.717445,-89.0,-200,-200,-200,-200,-56.123498999999995,-200,-200,0
180,S01,-86.9175,-73.40885800000001,-89.291405,-81.175186,-88.66537,-200,-88.85012,-89.79415,-88.80237,-80.4799,-70.23967,-79.151955,-78.656728,-68.47821,-89.0,-200,-200,-200,-200,-56.123498999999995,-200,-200,0
181,S01,-85.89896,-71.2326,-88.7947,-81.14896,-88.66537,-200,-88.3254,-89.5968555,-88.221664,-80.33512,-72.3668775,-79.0816,-76.20933,-68.244415,-89.0,-200,-200,-200,-200,-55.70297,-200,-200,0
182,S01,-86.01367,-71.316505,-88.91215,-82.633537,-88.66537,-200,-88.52608,-89.5968555,-88.32948,-82.00077,-72.3668775,-79.21365,-76.33843,-69.89851,-89.0,-200,-200,-200,-200,-55.509003,-200,-200,0
183,S01,-85.945946,-71.28719,-89.291405,-82.633537,-88.410995,-200,-88.53702,-89.91141,-88.45731,-82.00077,-70.41251,-81.44696200000001,-76.35318,-68.23896,-89.0,-200,-200,-200,-200,-55.408543,-200,-200,0
184,S01,-86.9175,-73.40885800000001,-89.291405,-81.167946,-88.66537,-200,-88.85012,-89.5968555,-88.80237,-80.55096,-70.40333,-79.23119,-78.656728,-68.30052,-89.0,-200,-200,-200,-200,-56.123498999999995,-200,-200,0
185,S01,-86.081894,-73.40885800000001,-88.8465,-81.25342,-88.66537,-200,-88.85012,-89.5968555,-88.80237,-80.627945,-70.41661,-79.4267,-78.656728,-68.22696,-89.0,-200,-200,-200,-200,-55.310352,-200,-200,3
186,S01,-86.237144,-71.41435,-89.291405,-81.42613,-88.66537,-200,-88.59378,-89.5968555,-88.80237,-80.83706,-72.3668775,-79.46176,-76.47899,-69.89851,-89.0,-200,-200,-200,-200,-55.192116,-200,-200,0
187,S01,-86.9175,-71.78342,-89.291405,-82.633537,-88.66537,-200,-88.64913,-89.5968555,-88.80237,-82.00077,-72.3668775,-81.44696200000001,-76.60195,-69.89851,-89.0,-200,-200,-200,-200,-55.16558,-200,-200,0
188,S01,-86.9175,-71.89947,-89.291405,-81.46121,-88.66537,-200,-88.85012,-89.5968555,-88.80237,-80.863,-70.67437,-81.44696200000001,-76.67761,-68.24418,-89.0,-200,-200,-200,-200,-56.123498999999995,-200,-200,0
189,S01,-86.9175,-73.40885800000001,-89.291405,-81.606895,-88.66537,-200,-88.85012,-89.5968555,-88.80237,-80.95524,-70.88183,-79.45148,-78.656728,-68.55055,-89.0,-200,-200,-200,-200,-56.123498999999995,-200,-200,3
190,S01,-86.9175,-72.0129,-89.00762,-81.548836,-88.66537,-200,-88.85012,-89.5968555,-88.80237,-80.97852,-72.3668775,-79.50824,-78.656728,-68.82774,-89.0,-200,-200,-200,-200,-55.250904,-200,-200,0
191,S01,-86.9175,-72.101555,-89.291405,-82.633537,-88.66537,-200,-88.70312,-89.5968555,-88.60468,-82.00077,-72.3668775,-79.45239,-76.97415,-69.89851,-89.0,-200,-200,-200,-200,-55.20083,-200,-200,2
192,S01,-86.9175,-72.14375,-89.14249,-82.633537,-88.66537,-200,-88.80163,-89.5968555,-88.703606,-82.00077,-71.06238,-81.44696200000001,-77.01923,-68.80932,-89.0,-200,-200,-200,-200,-55.107403,-200,-200,1
193,S01,-86.9175,-73.40885800000001,-89.291405,-81.60341,-88.66537,-200,-88.85012,-89.5968555,-88.80237,-81.17952,-71.172165,-81.44696200000001,-78.656728,-68.724556,-89.0,-200,-200,-200,-200,-56.123498999999995,-200,-200,2
194,S01,-86.2094,-73.40885800000001,-89.29671,-81.81256,-88.66537,-200,-88.85012,-89.5968555,-88.80237,-81.19779,-71.07942,-79.53136,-78.656728,-68.6417,-89.0,-200,-200,-200,-200,-55.060547,-200,-200,3
195,S01,-86.18229,-72.25168,-89.37993,-82.633537,-88.66537,-200,-88.85012,-89.5968555,-88.86769,-81.34924,-72.3668775,-79.51953,-76.929825,-69.89851,-89.0,-200,-200,-200,-200,-54.970284,-200,-200,2
196,S01,-86.31261,-72.201645,-89.55105,-82.633537,-88.66537,-200,-88.78328,-89.5968555,-88.84819,-82.00077,-72.3668775,-81.44696200000001,-76.93139,-69.89851,-89.0,-200,-200,-200,-200,-54.859825,-200,-200,2
197,S01,-86.9175,-72.24159,-89.291405,-81.74998,-88.66537,-200,-88.85012,-89.5968555,-88.91897,-81.2747,-71.01099,-81.44696200000001,-77.04409,-68.627426,-89.0,-200,-200,-200,-200,-56.123498999999995,-200,-200,2
198,S01,-86.9175,-73.40885800000001,-89.291405,-82.04474,-88.66537,-200,-88.85012,-89.5968555,-88.80237,-81.22408,-71.12184,-79.50797,-78.656728,-68.524536,-89.0,-200,-200,-200,-200,-56.123498999999995,-200,-200,2
199,S01,-86.30561,-72.347275,-89.51624,-82.110466,-88.66537,-200,-88.85012,-89.5968555,-88.898346,-81.15236,-72.3668775,-79.60788,-77.15426,-68.42396,-89.0,-200,-200,-200,-200,-54.90738,-200,-200,2
200,S01,-86.2764,-72.53941,-89.50466,-82.633537,-88.66537,-200,-88.8568,-89.5968555,-88.90063,-82.00077,-72.3668775,-79.661064,-77.19528,-69.89851,-89.0,-200,-200,-200,-200,-54.931652,-200,-200,1
201,S01,-86.29258,-72.54964,-89.53818,-82.33035,-88.66537,-200,-88.70031,-89.5968555,-89.03733,-82.00077,-71.54121,-81.44696200000001,-77.12428,-68.32564,-89.0,-200,-200,-200,-200,-55.13306,-200,-200,3
202,S01,-86.9175,-73.40885800000001,-89.291405,-82.256325,-88.66537,-200,-88.85012,-89.5968555,-88.80237,-81.17121,-71.61803,-81.44696200000001,-78.656728,-68.4295,-89.0,-200,-200,-200,-200,-56.123498999999995,-200,-200,3
203,S01,-86.37545,-73.40885800000001,-89.43652,-82.07284,-88.66537,-200,-88.85012,-89.5968555,-88.80237,-81.14517,-71.73753,-79.84643,-78.656728,-68.4866,-89.0,-200,-200,-200,-200,-55.396572,-200,-200,3
204,S01,-86.501114,-72.49304,-89.24766,-82.633537,-88.66537,-200,-88.61598,-89.5968555,-89.01409,-80.919655,-72.3668775,-79.91651,-77.077095,-69.89851,-89.0,-200,-200,-200,-200,-55.343365,-200,-200,3
205,S01,-86.355934,-72.77062,-88.97362,-82.633537,-88.66537,-200,-88.60196,-89.5968555,-88.99139,-82.00077,-71.72116,-79.96281,-76.98654,-69.89851,-89.0,-200,-200,-200,-200,-55.291348,-200,-200,3
206,S01,-86.9175,-72.73133,-89.291405,-82.02678,-88.66537,-200,-88.85012,-89.5968555,-88.96921,-80.85477,-71.83834,-81.44696200000001,-77.09787,-68.54243,-89.0,-200,-200,-200,-200,-56.123498999999995,-200,-200,3
207,S01,-86.9175,-73.40885800000001,-89.291405,-81.937325,-88.66537,-200,-88.85012,-89.5968555,-88.80237,-80.857994,-71.886314,-79.919205,-78.656728,-68.64141,-89.0,-200,-200,-200,-200,-56.123498999999995,-200,-200,3
208,S01,-86.303345,-72.69292,-89.08602,-82.094185,-88.66537,-200,-88.85012,-89.5968555,-88.80237,-80.7945,-72.3668775,-79.965416,-77.02909,-68.67157,-89.0,-200,-200,-200,-200,-55.196106,-200,-200,3
209,S01,-86.14039,-72.52226,-88.99469,-82.633537,-88.66537,-200,-88.49735,-89.5968555,-88.88044,-82.00077,-71.911026,-80.07721,-76.93965,-69.89851,-89.0,-200,-200,-200,-200,-55.302708,-200,-200,3
210,S01,-86.04804,-72.39977,-89.291405,-82.633537,-88.66537,-200,-88.85012,-89.5968555,-88.86076,-82.00077,-71.86863,-81.44696200000001,-76.87441,-68.47908,-89.0,-200,-200,-200,-200,-55.51786,-200,-200,3
211,S01,-86.9175,-73.40885800000001,-89.291405,-81.95886,-88.66537,-200,-88.85012,-89.5968555,-88.80237,-80.799065,-71.82718,-81.44696200000001,-78.656728,-68.37967,-89.0,-200,-200,-200,-200,-56.123498999999995,-200,-200,3
212,S01,-86.15845,-73.40885800000001,-88.95013,-81.80437,-88.66537,-200,-88.85012,-89.5968555,-88.80237,-80.78132,-71.72011,-80.1865,-78.656728,-68.326866,-89.0,-200,-200,-200,-200,-55.794758,-200,-200,3
213,S01,-86.1772,-72.479614,-88.861916,-82.633537,-88.66537,-200,-88.48606,-89.5968555,-88.75217,-80.74177,-72.3668775,-80.315544,-76.92158,-69.89851,-89.0,-200,-200,-200,-200,-55.976753,-200,-200,3
214,S01,-86.21781,-72.55768,-88.909645,-82.633537,-88.66537,-200,-88.42968,-89.5968555,-88.80237,-82.00077,-71.615425,-81.44696200000001,-76.7902,-68.230865,-89.0,-200,-200,-200,-200,-55.888557,-200,-200,2
215,S01,-86.9175,-72.52314,-89.291405,-82.09728,-88.66537,-200,-88.261375,-89.5968555,-88.784454,-80.7475,-71.46873,-81.44696200000001,-76.90577,-68.13701,-89.0,-200,-200,-200,-200,-56.123498999999995,-200,-200,3
216,S01,-86.9175,-73.40885800000001,-88.75547,-82.25048,-88.66537,-200,-88.85012,-89.5968555,-88.80237,-80.642136,-71.48051,-80.30854,-78.656728,-68.04525,-89.0,-200,-200,-200,-200,-56.123498999999995,-200,-200,3
217,S01,-86.12387,-72.48937,-88.6271,-82.22273,-88.66537,-200,-88.232834,-89.5968555,-88.70001,-80.56132,-72.3668775,-80.21293,-76.66387,-69.89851,-89.0,-200,-200,-200,-200,-55.93538,-200,-200,2
218,S01,-86.03205,-72.36769,-88.65771,-82.633537,-88.66537,-200,-88.31799,-89.5968555,-88.662094,-82.00077,-71.5807,-81.44696200000001,-76.56044,-69.89851,-89.0,-200,-200,-200,-200,-56.092014,-200,-200,3
219,S01,-85.986824,-72.24872,-89.291405,-82.08467,-88.66537,-200,-88.19789,-89.5968555,-88.64733,-82.00077,-71.70083,-81.44696200000001,-76.50366,-68.0886,-89.0,-200,-200,-200,-200,-56.26733,-200,-200,3
220,S01,-86.9175,-73.40885800000001,-89.291405,-82.082794,-88.66537,-200,-88.85012,-89.5968555,-88.80237,-80.4823,-71.685295,-80.18602,-78.656728,-68.10881,-89.0,-200,-200,-200,-200,-56.123498999999995,-200,-200,3
221,S01,-85.875854,-73.40885800000001,-88.82135,-82.01442,-88.66537,-200,-88.85012,-89.5968555,-88.80237,-80.40505,-71.64795,-80.09316,-78.656728,-68.15074,-89.0,-200,-200,-200,-200,-56.57174,-200,-200,3
222,S01,-85.611664,-72.13239,-88.73621,-82.633537,-88.66537,-200,-88.035484,-89.5968555,-88.632904,-80.262985,-72.3668775,-79.93583,-76.22643,-69.89851,-89.0,-200,-200,-200,-200,-56.58123,-200,-200,3
223,S01,-85.48686,-72.24026,-88.653,-82.633537,-88.66537,-200,-88.169945,-89.5968555,-88.50741,-82.00077,-71.411995,-81.44696200000001,-76.04406,-68.03655,-89.0,-200,-200,-200,-200,-56.612675,-200,-200,3
224,S01,-86.9175,-72.23493,-89.291405,-81.83668,-88.66537,-200,-88.85012,-89.93934,-88.62974,-80.23498,-71.31423,-81.44696200000001,-75.79925,-67.81407,-89.0,-200,-200,-200,-200,-56.123498999999995,-200,-200,3
225,S01,-86.9175,-73.40885800000001,-88.43807,-81.97335,-88.66537,-200,-88.85012,-89.87397,-88.80237,-80.07455,-71.152176,-80.04814,-78.656728,-67.61871,-89.0,-200,-200,-200,-200,-56.123498999999995,-200,-200,3
226,S01,-86.9175,-72.07464,-88.25025,-81.79657,-88.66537,-200,-88.23369,-89.5968555,-88.80237,-80.11724,-72.3668775,-79.958374,-75.87019,-69.89851,-89.0,-200,-200,-200,-200,-56.732056,-200,-200,3
227,S01,-85.54274,-71.82929,-88.289185,-82.633537,-88.66537,-200,-88.16091,-89.5968555,-88.41533,-82.00077,-72.3668775,-79.82626,-75.80659,-69.89851,-89.0,-200,-200,-200,-200,-56.826622,-200,-200,3
228,S01,-85.64182,-71.67801,-89.291405,-82.633537,-88.66537,-200,-88.85012,-89.85454,-88.40608,-82.00077,-71.06019,-81.44696200000001,-75.74439,-67.47203,-89.0,-200,-200,-200,-200,-56.874775,-200,-200,1
229,S01,-86.9175,-73.40885800000001,-89.291405,-81.73457,-88.66537,-200,-88.85012,-89.85777,-88.80237,-80.092476,-70.92594,-79.76361,-78.656728,-67.32861,-89.0,-200,-200,-200,-200,-56.123498999999995,-200,-200,0
230,S01,-86.9175,-73.40885800000001,-88.28275,-81.563126,-88.66537,-200,-88.85012,-89.5968555,-88.80237,-80.26776,-72.3668775,-79.68018,-78.656728,-67.25486,-89.0,-200,-200,-200,-200,-56.83324,-200,-200,0
231,S01,-85.7609,-71.39719,-88.409904,-82.633537,-88.66537,-200,-88.85012,-89.5968555,-88.30804,-80.48347,-72.3668775,-79.66511,-75.55064,-69.89851,-89.0,-200,-200,-200,-200,-56.70402,-200,-200,0
232,S01,-85.67734,-71.18905,-89.291405,-82.633537,-88.66537,-200,-88.08983,-89.86093,-88.27894,-82.00077,-70.86113,-81.44696200000001,-75.449814,-69.89851,-89.0,-200,-200,-200,-200,-56.577675,-200,-200,0
233,S01,-86.9175,-70.98554,-89.291405,-81.772285,-88.66537,-200,-88.04286,-89.88624,-88.80237,-80.45059,-70.70917,-81.44696200000001,-75.39554,-67.138435,-89.0,-200,-200,-200,-200,-56.123498999999995,-200,-200,0
234,S01,-86.9175,-73.40885800000001,-88.556435,-81.710846,-88.66537,-200,-88.85012,-89.91098,-88.80237,-80.32981,-70.53843,-79.82767,-78.656728,-66.98029,-89.0,-200,-200,-200,-200,-56.123498999999995,-200,-200,0
235,S01,-86.9175,-70.85299,-88.65521,-81.65077,-88.66537,-200,-88.176636,-89.5968555,-88.80237,-80.25603,-72.3668775,-79.853645,-78.656728,-69.89851,-89.0,-200,-200,-200,-200,-56.454136,-200,-200,0
236,S01,-85.840004,-70.70123,-88.773994,-82.633537,-88.66537,-200,-88.85012,-89.5968555,-88.317215,-82.00077,-70.37149,-81.44696200000001,-75.45323,-69.89851,-89.0,-200,-200,-200,-200,-56.333344,-200,-200,0
237,S01,-85.82135,-70.48642,-89.291405,-81.65851,-88.66537,-200,-88.3522,-89.97958,-88.35463,-80.18388,-70.29683,-81.44696200000001,-78.656728,-66.82567,-89.0,-200,-200,-200,-200,-56.23738,-200,-200,0
238,S01,-86.9175,-73.40885800000001,-89.291405,-81.86548,-88.66537,-200,-88.85012,-89.5968555,-88.80237,-80.201965,-70.1574,-79.79041,-78.656728,-66.78523,-89.0,-200,-200,-200,-200,-56.123498999999995,-200,-200,2
239,S01,-85.84753,-73.40885800000001,-88.73458,-81.89061,-88.66537,-200,-88.34431,-89.5968555,-88.80237,-80.352554,-72.3668775,-79.72859,-78.656728,-66.96718,-89.0,-200,-200,-200,-200,-56.121403,-200,-200,3
240,S01,-85.850914,-70.47565,-88.784904,-82.633537,-88.66537,-200,-88.85012,-89.5968555,-88.34675,-80.300446,-72.3668775,-79.64599,-78.656728,-69.89851,-89.0,-200,-200,-200,-200,-55.941574,-200,-200,0
241,S01,-86.9175,-70.642235,-89.291405,-82.633537,-88.66537,-200,-88.38142,-89.5968555,-88.31682,-82.00077,-70.087494,-81.44696200000001,-78.656728,-67.03435,-89.0,-200,-200,-200,-200,-55.83216,-200,-200,1
242,S01,-86.9175,-70.58374,-89.291405,-82.633537,-88.66537,-200,-88.37287,-89.5968555,-88.420876,-80.42668,-69.97485,-81.44696200000001,-78.656728,-67.033585,-89.0,-200,-200,-200,-200,-56.123498999999995,-200,-200,1
243,S01,-86.9175,-73.40885800000001,-88.76747,-82.633537,-88.66537,-200,-88.85012,-89.5968555,-88.80237,-80.57226,-69.864716,-79.72028,-78.656728,-66.988556,-89.0,-200,-200,-200,-200,-56.123498999999995,-200,-200,2
244,S01,-86.9175,-70.59296,-88.86146,-82.633537,-88.66537,-200,-88.49885,-89.5968555,-88.61146,-80.7146,-72.3668775,-79.90368,-78.656728,-69.89851,-89.0,-200,-200,-200,-200,-55.880157,-200,-200,1
245,S01,-86.9175,-70.60197,-88.99774,-82.633537,-88.66537,-200,-88.66669,-89.5968555,-88.70892,-82.00077,-70.199776,-81.44696200000001,-75.664696,-69.89851,-89.0,-200,-200,-200,-200,-55.772118,-200,-200,0
246,S01,-86.9175,-70.72145,-89.291405,-81.71582,-88.66537,-200,-88.83068,-89.5968555,-88.737595,-82.00077,-70.06254,-81.44696200000001,-75.67212,-67.210236,-89.0,-200,-200,-200,-200,-55.666473,-200,-200,2
247,S01,-86.9175,-73.40885800000001,-89.291405,-81.58921,-88.66537,-200,-88.85012,-89.5968555,-88.80237,-80.69878,-70.260376,-79.99441,-78.656728,-67.36057,-89.0,-200,-200,-200,-200,-56.123498999999995,-200,-200,0
248,S01,-85.87642,-70.77189,-89.086586,-81.57616,-88.66537,-200,-88.90152,-89.5968555,-88.80237,-80.72759,-72.3668775,-80.23815,-75.70153,-67.35259,-89.0,-200,-200,-200,-200,-55.71813,-200,-200,2
249,S01,-85.923546,-71.219604,-89.291405,-82.633537,-88.66537,-200,-88.97074,-89.5968555,-88.58801,-82.00077,-72.3668775,-80.38789,-78.656728,-69.89851,-89.0,-200,-200,-200,-200,-55.72437,-200,-200,1
250,S01,-85.81429,-71.32541,-88.99589,-82.633537,-88.66537,-200,-89.03839,-89.5968555,-88.50837,-82.00077,-70.27675,-81.44696200000001,-78.656728,-67.43334,-89.0,-200,-200,-200,-200,-55.88541,-200,-200,3
251,S01,-86.9175,-71.42886,-89.291405,-82.633537,-88.66537,-200,-88.85012,-89.5968555,-88.80237,-80.82219,-70.31489,-81.44696200000001,-78.656728,-67.445885,-89.0,-200,-200,-200,-200,-56.123498999999995,-200,-200,3
252,S01,-86.9175,-73.40885800000001,-88.973785,-82.633537,-88.66537,-200,-88.85012,-89.5968555,-88.80237,-80.84827,-70.63991,-80.3793,-78.656728,-67.39174,-89.0,-200,-200,-200,-200,-56.123498999999995,-200,-200,3
253,S01,-85.685295,-71.46363,-89.085304,-82.633537,-88.66537,-200,-89.21611,-89.5968555,-88.56367,-80.94018,-72.3668775,-80.17162,-75.530975,-69.89851,-89.0,-200,-200,-200,-200,-56.02075,-200,-200,3
254,S01,-85.78101,-71.431244,-88.994675,-82.633537,-88.66537,-200,-89.25591,-89.5968555,-88.66211,-82.00077,-70.470825,-81.44696200000001,-75.54136,-69.89851,-89.0,-200,-200,-200,-200,-56.175217,-200,-200,3
255,S01,-85.83023,-71.46596,-89.291405,-82.633537,-88.66537,-200,-88.85012,-89.5968555,-88.53648,-82.00077,-70.349754,-81.44696200000001,-78.656728,-67.22812,-89.0,-200,-200,-200,-200,-56.61397,-200,-200,1
256,S01,-86.9175,-73.40885800000001,-89.291405,-82.633537,-88.66537,-200,-88.85012,-89.934525,-88.80237,-80.919365,-70.23136,-80.07926,-78.656728,-67.289474,-89.0,-200,-200,-200,-200,-56.123498999999995,-200,-200,1
257,S01,-85.72311,-73.40885800000001,-89.039154,-82.633537,-88.66537,-200,-89.16099,-89.82514,-88.3693,-80.81047,-72.3668775,-79.92252,-78.656728,-67.21667,-89.0,-200,-200,-200,-200,-56.7553,-200,-200,1
258,S01,-85.6849,-71.212234,-88.81651,-82.633537,-88.66537,-200,-89.1574,-89.5968555,-88.33893,-80.681854,-72.3668775,-79.96851,-75.7508,-69.89851,-89.0,-200,-200,-200,-200,-56.893494,-200,-200,3
259,S01,-85.62537,-71.05264,-88.77623,-82.633537,-88.66537,-200,-88.93102,-89.5968555,-88.4423,-82.00077,-70.071335,-81.44696200000001,-78.656728,-67.47746,-89.0,-200,-200,-200,-200,-57.11714,-200,-200,3
260,S01,-86.9175,-73.40885800000001,-89.291405,-82.633537,-88.66537,-200,-88.85012,-89.69603,-88.56554,-80.60036,-70.13614,-81.44696200000001,-78.656728,-67.48903,-89.0,-200,-200,-200,-200,-56.123498999999995,-200,-200,3
261,S01,-86.9175,-73.40885800000001,-88.89205,-81.38622,-88.66537,-200,-88.85012,-89.52547,-88.80237,-80.38787,-70.133125,-80.16845,-78.656728,-67.4782,-89.0,-200,-200,-200,-200,-56.123498999999995,-200,-200,1
262,S01,-85.766685,-70.763824,-88.7836,-82.633537,-88.66537,-200,-88.84344,-89.5968555,-88.53082,-80.44569,-72.3668775,-80.16472,-78.656728,-69.89851,-89.0,-200,-200,-200,-200,-57.291576,-200,-200,1
263,S01,-85.72752,-71.01244,-88.69973,-82.633537,-88.66537,-200,-88.82465,-89.5968555,-88.452545,-82.00077,-70.08592,-80.094666,-75.645615,-69.89851,-89.0,-200,-200,-200,-200,-57.240868,-200,-200,1
264,S01,-85.80006,-71.05642,-89.291405,-82.633537,-88.66537,-200,-88.69497,-89.53598,-88.42035,-82.00077,-69.88489,-81.44696200000001,-75.63132,-67.51188,-89.0,-200,-200,-200,-200,-56.123498999999995,-200,-200,0
265,S01,-86.9175,-73.40885800000001,-89.291405,-81.33338,-88.66537,-200,-88.85012,-89.56842,-88.80237,-80.7014,-69.71043,-80.070435,-78.656728,-67.41203,-89.0,-200,-200,-200,-200,-56.123498999999995,-200,-200,0
266,S01,-85.782326,-70.98879,-88.77288,-81.23743,-88.66537,-200,-88.54595,-89.5968555,-88.45536,-80.4867,-72.3668775,-80.06888,-78.656728,-67.20376,-89.0,-200,-200,-200,-200,-57.169155,-200,-200,1
267,S01,-85.96443,-70.92267,-88.73359,-82.633537,-88.66537,-200,-88.44479,-89.5968555,-88.312294,-80.40954,-72.3668775,-79.84603,-75.5952,-69.89851,-89.0,-200,-200,-200,-200,-57.032654,-200,-200,1
268,S01,-86.03169,-71.034996,-88.82813,-82.633537,-88.66537,-200,-88.61287,-89.600136,-88.37186,-82.00077,-69.78321,-81.44696200000001,-75.8034,-67.26563,-89.0,-200,-200,-200,-200,-57.054058,-200,-200,0
269,S01,-86.9175,-73.40885800000001,-89.291405,-81.21003,-88.66537,-200,-88.85012,-89.56469,-88.80237,-80.37835,-69.78801,-81.44696200000001,-78.656728,-67.39252,-89.0,-200,-200,-200,-200,-56.123498999999995,-200,-200,0
270,S01,-86.9175,-73.40885800000001,-88.942726,-81.36037,-88.66537,-200,-88.85012,-89.5968555,-88.80237,-80.41423,-70.12456,-79.78304,-78.656728,-67.62722,-89.0,-200,-200,-200,-200,-57.42899,-200,-200,2
271,S01,-86.20824,-71.299706,-89.05477,-81.26383,-88.66537,-200,-88.73268,-89.5968555,-88.38577,-80.44932,-72.3668775,-79.94276,-75.89629,-69.89851,-89.0,-200,-200,-200,-200,-57.28675,-200,-200,3
272,S01,-86.115005,-71.22671,-89.14217,-82.633537,-88.66537,-200,-88.71639,-89.5968555,-88.24429,-82.00077,-70.14393,-81.44696200000001,-76.14208,-69.89851,-89.0,-200,-200,-200,-200,-57.368904,-200,-200,1
273,S01,-86.9175,-71.19957,-89.291405,-81.28013,-88.66537,-200,-88.76716,-89.61864,-88.238884,-82.00077,-70.27348,-81.44696200000001,-76.27174,-67.90098,-89.0,-200,-200,-200,-200,-57.427113,-200,-200,1
274,S01,-86.9175,-73.40885800000001,-89.291405,-81.22965,-88.66537,-200,-88.85012,-89.64923,-88.80237,-80.4615,-70.3338,-79.98828,-78.656728,-68.013794,-89.0,-200,-200,-200,-200,-56.123498999999995,-200,-200,0
275,S01,-86.09031,-71.30576,-89.29409,-81.268845,-88.66537,-200,-88.81678,-89.679146,-88.80237,-80.56192,-72.3668775,-80.16557,-76.42066,-68.079865,-89.0,-200,-200,-200,-200,-57.506157,-200,-200,0
276,S01,-86.06616,-71.542336,-89.376175,-82.633537,-88.66537,-200,-88.86529,-89.5968555,-88.34435,-82.00077,-72.3668775,-80.20617,-76.76547,-69.89851,-89.0,-200,-200,-200,-200,-57.428593,-200,-200,0
277,S01,-86.17544,-71.640945,-89.43429,-82.633537,-88.66537,-200,-88.91271,-89.84128,-88.38103,-82.00077,-70.392784,-81.44696200000001,-76.947716,-68.23296,-89.0,-200,-200,-200,-200,-57.485477,-200,-200,0
278,S01,-86.9175,-73.40885800000001,-89.291405,-81.30717,-88.66537,-200,-88.85012,-89.93337,-88.80237,-80.57161,-70.384094,-80.489265,-78.656728,-68.29418,-89.0,-200,-200,-200,-200,-56.123498999999995,-200,-200,0
279,S01,-86.9175,-73.40885800000001,-89.291405,-81.30037,-88.66537,-200,-88.85012,-89.5968555,-88.80237,-80.69171,-70.44196,-80.788216,-78.656728,-68.35404,-89.0,-200,-200,-200,-200,-57.62959,-200,-200,0
280,S01,-86.28229,-71.73737,-89.291405,-82.633537,-88.66537,-200,-89.04791,-89.5968555,-88.80237,-80.80916,-72.3668775,-81.08054,-77.059525,-69.89851,-89.0,-200,-200,-200,-200,-57.72627,-200,-200,0
281,S01,-86.9175,-71.94227,-89.446815,-82.633537,-88.66537,-200,-88.85012,-89.89056,-88.43903,-82.00077,-70.43219,-81.44696200000001,-77.14673,-69.89851,-89.0,-200,-200,-200,-200,-57.776566,-200,-200,0
282,S01,-86.43105,-72.09839,-89.291405,-81.448654,-88.66537,-200,-88.85012,-89.848694,-88.49575,-80.8355,-70.42263,-81.44696200000001,-77.36478,-68.39046,-89.0,-200,-200,-200,-200,-57.803627,-200,-200,0
283,S01,-86.9175,-73.40885800000001,-89.291405,-81.46085,-88.66537,-200,-88.85012,-89.87418,-88.80237,-81.06038,-70.4354,-81.30002,-78.656728,-68.536674,-89.0,-200,-200,-200,-200,-56.123498999999995,-200,-200,0
284,S01,-86.39936,-72.383766,-89.50336,-81.56131,-88.66537,-200,-89.02464,-89.5968555,-88.80237,-81.169655,-72.3668775,-81.24913,-77.60012,-68.59116,-89.0,-200,-200,-200,-200,-57.697372,-200,-200,2
285,S01,-86.30195,-72.41952,-89.291405,-82.633537,-88.66537,-200,-89.046295,-89.5968555,-88.46262,-82.00077,-72.3668775,-81.19937,-77.94089,-69.89851,-89.0,-200,-200,-200,-200,-57.704067,-200,-200,0
286,S01,-86.206696,-72.43236,-89.291405,-82.633537,-88.66537,-200,-88.85012,-89.89911,-88.43024,-82.00077,-70.51425,-81.44696200000001,-78.656728,-68.62233,-89.0,-200,-200,-200,-200,-57.666374,-200,-200,0
287,S01,-86.9175,-73.40885800000001,-89.291405,-81.61528,-88.66537,-200,-88.85012,-89.96776,-88.80237,-81.29864,-70.591354,-81.438324,-78.656728,-68.6528,-89.0,-200,-200,-200,-200,-56.123498999999995,-200,-200,0
288,S01,-86.9175,-73.40885800000001,-89.291405,-81.690186,-88.66537,-200,-88.85012,-89.968475,-88.80237,-81.314156,-70.688866,-81.31801,-78.656728,-68.6826,-89.0,-200,-200,-200,-200,-57.67375,-200,-200,0
289,S01,-86.3571,-72.59975,-89.60293,-81.807686,-88.66537,-200,-88.85012,-89.5968555,-88.531425,-81.39569,-72.3668775,-81.465836,-78.097084,-69.89851,-89.0,-200,-200,-200,-200,-57.63673,-200,-200,0
290,S01,-86.504166,-72.76343,-89.58958,-82.633537,-88.66537,-200,-88.85012,-89.5968555,-88.58608,-82.00077,-70.629395,-81.588264,-78.294075,-69.89851,-89.0,-200,-200,-200,-200,-57.60053,-200,-200,0
291,S01,-86.9175,-72.96772,-89.291405,-81.8562,-88.66537,-200,-88.85012,-89.5968555,-88.66167,-81.40906,-70.54912,-81.44696200000001,-78.37607,-68.95506,-89.0,-200,-200,-200,-200,-56.123498999999995,-200,-200,0
292,S01,-86.9175,-73.40885800000001,-89.291405,-81.99215,-88.66537,-200,-88.85012,-89.924904,-88.80237,-81.53273,-70.62544,-81.707985,-78.656728,-68.97818,-89.0,-200,-200,-200,-200,-56.123498999999995,-200,-200,1
293,S01,-86.53728,-72.990555,-89.55438,-82.0587,-88.66537,-200,-88.85012,-89.88229,-88.64702,-81.58731,-72.3668775,-81.64808,-78.456245,-69.177734,-89.0,-200,-200,-200,-200,-57.609364,-200,-200,1
294,S01,-86.54752,-72.90229,-89.58639,-82.633537,-88.66537,-200,-89.06747,-89.5968555,-88.67697,-82.00077,-72.3668775,-81.63374,-78.46828,-69.89851,-89.0,-200,-200,-200,-200,-57.618004,-200,-200,0
295,S01,-86.491135,-73.01504,-89.661964,-82.633537,-88.66537,-200,-89.199135,-89.5968555,-88.68412,-82.00077,-70.744316,-81.44696200000001,-78.54641,-69.24016,-89.0,-200,-200,-200,-200,-57.537983,-200,-200,0
296,S01,-86.9175,-73.10317,-89.291405,-82.013145,-88.66537,-200,-88.85012,-89.5968555,-88.80237,-81.662796,-70.86056,-81.44696200000001,-78.656728,-69.23485,-89.0,-200,-200,-200,-200,-56.123498999999995,-200,-200,0
297,S01,-86.65734,-73.40885800000001,-89.64731,-82.12348,-88.66537,-200,-88.85012,-89.5968555,-88.80237,-81.51542,-72.3668775,-81.641846,-78.656728,-69.25177,-89.0,-200,-200,-200,-200,-57.680904,-200,-200,1
298,S01,-86.64279,-73.167244,-89.50016,-82.633537,-88.66537,-200,-89.2169,-89.5968555,-88.779655,-82.00077,-72.3668775,-81.60553,-78.5122,-69.89851,-89.0,-200,-200,-200,-200,-57.754314,-200,-200,1
299,S01,-86.62856,-73.0972,-89.46696,-82.633537,-88.66537,-200,-89.16772,-89.99249,-88.828804,-82.00077,-70.95211,-81.44696200000001,-78.56724,-69.26832,-89.0,-200,-200,-200,-200,-57.781864,-200,-200,0
300,S01,-86.9175,-73.227745,-89.291405,-81.94375,-88.66537,-200,-89.09744,-89.97053,-88.655525,-81.636734,-71.26281,-81.44696200000001,-78.75379,-69.30662,-89.0,-200,-200,-200,-200,-56.123498999999995,-200,-200,0
301,S01,-86.9175,-73.40885800000001,-89.54516,-81.98924,-88.66537,-200,-88.85012,-89.92692,-88.80237,-81.84384,-71.5224,-81.59213,-78.656728,-69.34407,-89.0,-200,-200,-200,-200,-56.123498999999995,-200,-200,0
302,S01,-86.76957,-73.289055,-89.55523,-82.16647,-88.66537,-200,-89.206184,-89.5968555,-88.80237,-81.98001,-72.3668775,-81.623276,-78.656728,-69.31435,-89.0,-200,-200,-200,-200,-58.05209,-200,-200,0
303,S01,-86.97385,-73.349014,-89.63147,-82.633537,-88.66537,-200,-89.245964,-89.5968555,-88.80237,-82.00077,-71.64355,-81.653725,-78.82561,-69.89851,-89.0,-200,-200,-200,-200,-58.33845,-200,-200,0
304,S01,-87.085075,-73.407646,-89.291405,-82.29553,-88.66537,-200,-89.35138,-89.5968555,-88.641014,-82.00077,-71.673546,-81.44696200000001,-78.7631,-69.72762,-89.0,-200,-200,-200,-200,-58.72906,-200,-200,0
305,S01,-86.9175,-73.40885800000001,-89.291405,-82.443855,-88.66537,-200,-88.85012,-89.5968555,-88.80237,-82.04681,-71.8577,-81.661385,-78.656728,-69.77788,-89.0,-200,-200,-200,-200,-56.123498999999995,-200,-200,0
306,S01,-87.215965,-73.40885800000001,-89.291405,-82.54465,-88.66537,-200,-88.85012,-89.5968555,-88.80237,-82.13425,-72.08201,-81.779465,-78.656728,-69.871254,-89.0,-200,-200,-200,-200,-58.735054,-200,-200,0
307,S01,-87.32183,-73.53133,-89.291405,-82.633537,-88.66537,-200,-89.520966,-89.5968555,-88.69322,-82.263985,-72.3668775,-81.91705,-78.746216,-69.89851,-89.0,-200,-200,-200,-200,-58.718796,-200,-200,0
308,S01,-87.49173,-73.38688,-89.59536,-82.633537,-88.66537,-200,-88.85012,-89.5968555,-88.80237,-82.00077,-72.19077,-81.44696200000001,-78.81819,-69.89622,-89.0,-200,-200,-200,-200,-58.74713,-200,-200,0
309,S01,-86.9175,-73.24563,-89.291405,-82.5326,-88.66537,-200,-88.85012,-89.5968555,-88.80237,-82.25815,-72.23079,-81.44696200000001,-78.9107,-69.89851,-89.0,-200,-200,-200,-200,-56.123498999999995,-200,-200,0
310,S01,-86.9175,-73.40885800000001,-89.62644,-82.52082,-88.66537,-200,-88.85012,-89.5968555,-88.80237,-82.23032,-72.29203,-82.00736,-78.656728,-69.85653,-89.0,-200,-200,-200,-200,-56.123498999999995,-200,-200,0
311,S01,-86.9175,-73.59404,-89.63471,-82.5093,-88.66537,-200,-88.85012,-89.5968555,-88.74427,-82.22523,-72.3668775,-81.94085,-79.22235,-69.837585,-89.0,-200,-200,-200,-200,-58.774837,-200,-200,0
312,S01,-87.591484,-73.77994,-89.6428,-82.633537,-88.66537,-200,-88.85012,-89.5968555,-88.83845,-82.00077,-72.440384,-81.92004,-79.50499,-69.89851,-89.0,-200,-200,-200,-200,-58.735584,-200,-200,0
313,S01,-87.6669,-74.0723,-89.291405,-82.65288,-88.66537,-200,-88.85012,-89.5968555,-88.886284,-82.00077,-72.58545,-81.44696200000001,-78.656728,-69.8633,-89.0,-200,-200,-200,-200,-58.675087,-200,-200,0
314,S01,-86.9175,-73.40885800000001,-89.291405,-82.88176,-88.66537,-200,-88.85012,-89.5968555,-88.80237,-82.33083,-72.72731,-81.943924,-78.656728,-69.91055,-89.0,-200,-200,-200,-200,-56.123498999999995,-200,-200,0
315,S01,-87.80702,-73.40885800000001,-89.73922,-82.88438,-88.66537,-200,-88.85012,-89.5968555,-88.80237,-82.345634,-72.3668775,-82.01151,-78.656728,-69.978874,-89.0,-200,-200,-200,-200,-58.74862,-200,-200,0
316,S01,-87.87767,-74.20339,-89.74499,-82.633537,-88.66537,-200,-88.85012,-89.5968555,-88.80237,-82.382225,-72.3668775,-82.12184,-79.89197,-69.89851,-89.0,-200,-200,-200,-200,-58.864754,-200,-200,0
317,S01,-88.01312,-74.110435,-89.77276,-82.633537,-88.66537,-200,-88.85012,-89.5968555,-88.93306,-82.00077,-72.73334,-81.44696200000001,-79.894356,-69.89851,-89.0,-200,-200,-200,-200,-58.88986,-200,-200,0
318,S01,-86.9175,-73.99742,-89.291405,-83.04177,-88.66537,-200,-88.85012,-89.5968555,-88.80237,-82.37377,-72.69501,-81.44696200000001,-79.89669,-70.045685,-89.0,-200,-200,-200,-200,-56.123498999999995,-200,-200,0
319,S01,-86.9175,-73.40885800000001,-89.291405,-83.28416,-88.66537,-200,-88.85012,-89.5968555,-88.80237,-82.431854,-72.90079,-82.20761,-78.656728,-70.11102,-89.0,-200,-200,-200,-200,-56.123498999999995,-200,-200,0
320,S01,-88.01283,-74.17439,-89.77779,-83.49906,-88.66537,-200,-89.68677,-89.5968555,-88.80237,-82.4223,-72.3668775,-82.24725,-80.25287,-70.130684,-89.0,-200,-200,-200,-200,-58.82595,-200,-200,0
321,S01,-88.01255,-74.54648,-89.7827,-82.633537,-88.66537,-200,-89.84888,-89.5968555,-89.06731,-82.00077,-73.03567,-82.219666,-80.4021,-69.89851,-89.0,-200,-200,-200,-200,-58.851913,-200,-200,0
322,S01,-88.10076,-74.843994,-89.291405,-83.51014,-88.66537,-200,-88.85012,-89.5968555,-89.17645,-82.00077,-73.21179,-81.44696200000001,-80.636505,-70.371056,-89.0,-200,-200,-200,-200,-58.877304,-200,-200,0
323,S01,-86.9175,-73.40885800000001,-89.291405,-83.4325,-88.66537,-200,-88.85012,-89.5968555,-88.80237,-82.545654,-73.538826,-82.325386,-78.656728,-70.56188,-89.0,-200,-200,-200,-200,-56.123498999999995,-200,-200,0
324,S01,-88.05429,-73.40885800000001,-89.291405,-83.334465,-88.66537,-200,-88.85012,-89.5968555,-88.80237,-82.59994,-72.3668775,-82.45088,-78.656728,-70.70426,-89.0,-200,-200,-200,-200,-58.99059,-200,-200,0
325,S01,-88.03097,-75.04647,-89.291405,-82.633537,-88.66537,-200,-89.96305,-89.5968555,-88.80237,-82.653015,-72.3668775,-82.507256,-80.77725,-69.89851,-89.0,-200,-200,-200,-200,-59.167713,-200,-200,0
326,S01,-88.03028,-75.02333,-89.291405,-82.633537,-88.66537,-200,-88.85012,-89.5968555,-88.80237,-82.00077,-73.54903,-81.44696200000001,-80.89277,-70.68869,-89.0,-200,-200,-200,-200,-59.34092,-200,-200,0
327,S01,-86.9175,-75.02281,-89.291405,-83.41554,-88.66537,-200,-88.85012,-89.5968555,-88.80237,-82.616455,-73.559,-81.44696200000001,-81.02785,-70.629234,-89.0,-200,-200,-200,-200,-56.123498999999995,-200,-200,0
328,S01,-86.9175,-73.40885800000001,-89.743256,-83.69388,-88.66537,-200,-88.85012,-89.5968555,-88.80237,-82.55859,-73.612976,-82.51815,-78.656728,-70.57109,-89.0,-200,-200,-200,-200,-56.123498999999995,-200,-200,0
329,S01,-88.118095,-75.066536,-89.726814,-83.74488,-88.66537,-200,-88.85012,-89.5968555,-89.216805,-82.59047,-72.3668775,-82.440346,-81.00511,-70.51424,-89.0,-200,-200,-200,-200,-59.311268,-200,-200,3
330,S01,-88.22609,-75.30832,-89.291405,-82.633537,-88.66537,-200,-88.85012,-89.5968555,-89.23413,-82.00077,-73.97536,-82.54118,-81.027115,-69.89851,-89.0,-200,-200,-200,-200,-59.370728,-200,-200,0
331,S01,-86.9175,-75.63321,-89.291405,-83.83899,-88.66537,-200,-88.85012,-89.5968555,-89.2732,-82.68799,-74.08647,-81.44696200000001,-81.092865,-70.45863,-89.0,-200,-200,-200,-200,-59.384644,-200,-200,0
332,S01,-86.9175,-73.40885800000001,-89.291405,-82.633537,-88.66537,-200,-88.85012,-89.5968555,-88.80237,-82.694885,-74.19513,-82.59556,-78.656728,-70.470604,-89.0,-200,-200,-200,-200,-56.123498999999995,-200,-200,2
333,S01,-86.9175,-73.40885800000001,-89.291405,-82.633537,-88.66537,-200,-88.85012,-89.5968555,-89.3999,-82.8122,-72.3668775,-82.58239,-78.656728,-70.4602,-89.0,-200,-200,-200,-200,-59.28768,-200,-200,0
334,S01,-88.26533,-75.50864,-89.66649,-82.633537,-88.66537,-200,-88.85012,-89.5968555,-89.56805,-82.00077,-72.3668775,-82.65797,-81.24563,-69.89851,-89.0,-200,-200,-200,-200,-59.23709,-200,-200,0
335,S01,-88.303696,-75.45316,-89.6075,-82.633537,-88.66537,-200,-88.85012,-89.5968555,-89.643974,-82.00077,-74.27927,-81.44696200000001,-81.32866,-70.516365,-89.0,-200,-200,-200,-200,-59.408756,-200,-200,0
336,S01,-86.9175,-75.465256,-89.291405,-84.13007,-88.66537,-200,-88.85012,-89.5968555,-89.76247,-82.86059,-74.71536,-81.44696200000001,-81.40985,-70.61552,-89.0,-200,-200,-200,-200,-56.123498999999995,-200,-200,3
337,S01,-86.9175,-73.40885800000001,-89.291405,-84.28201,-88.66537,-200,-88.85012,-89.5968555,-88.80237,-83.12904,-72.3668775,-82.687645,-78.656728,-70.601906,-89.0,-200,-200,-200,-200,-56.123498999999995,-200,-200,0
338,S01,-88.496056,-75.56554,-89.68255,-84.43059,-88.66537,-200,-88.85012,-89.5968555,-89.78984,-83.32522,-72.3668775,-82.71667,-81.71041,-69.89851,-89.0,-200,-200,-200,-200,-59.3776,-200,-200,3
339,S01,-86.9175,-75.95107,-89.77806,-82.633537,-88.66537,-200,-88.85012,-89.5968555,-89.88298,-82.00077,-74.92068,-81.44696200000001,-81.89374,-69.89851,-89.0,-200,-200,-200,-200,-59.36925,-200,-200,3
340,S01,-86.9175,-76.01849,-89.291405,-84.68646,-88.66537,-200,-88.85012,-89.5968555,-89.99618,-82.00077,-75.01089,-81.44696200000001,-82.09512,-70.61071,-89.0,-200,-200,-200,-200,-59.361084,-200,-200,1
341,S01,-86.9175,-73.40885800000001,-89.291405,-82.633537,-88.66537,-200,-88.85012,-89.5968555,-88.80237,-83.31802,-75.34235,-81.44696200000001,-78.656728,-70.92891,-89.0,-200,-200,-200,-200,-56.123498999999995,-200,-200,0
342,S01,-86.9175,-76.0402,-89.849335,-84.89244,-88.66537,-200,-88.85012,-89.5968555,-88.80237,-83.33311,-72.3668775,-81.44696200000001,-78.656728,-71.06316,-89.0,-200,-200,-200,-200,-59.3531,-200,-200,0
343,S01,-86.9175,-75.97297,-89.87479,-82.633537,-88.66537,-200,-88.85012,-89.5968555,-88.80237,-83.32574,-72.3668775,-81.44696200000001,-82.22571,-69.89851,-89.0,-200,-200,-200,-200,-59.323177,-200,-200,0
344,S01,-88.551445,-75.99568,-89.96604,-84.82847,-88.66537,-200,-88.85012,-89.5968555,-88.80237,-82.00077,-75.31266,-81.44696200000001,-82.419754,-71.06177,-89.0,-200,-200,-200,-200,-59.316032,-200,-200,2
345,S01,-86.9175,-76.08423,-89.291405,-84.765915,-88.66537,-200,-88.85012,-89.5968555,-88.80237,-82.00077,-75.30575,-82.74505,-82.54316,-71.08251,-89.0,-200,-200,-200,-200,-56.123498999999995,-200,-200,2
346,S01,-86.9175,-73.40885800000001,-89.291405,-84.81532,-88.66537,-200,-88.85012,-89.5968555,-88.80237,-83.4291,-75.27687,-82.83914,-78.656728,-71.50084,-89.0,-200,-200,-200,-200,-56.123498999999995,-200,-200,0
347,S01,-86.9175,-76.41406,-89.291405,-84.9521,-88.66537,-200,-88.85012,-89.5968555,-88.80237,-83.59652,-72.3668775,-83.019615,-82.597496,-69.89851,-89.0,-200,-200,-200,-200,-59.35327,-200,-200,0
348,S01,-88.605606,-76.5597,-89.291405,-82.633537,-88.66537,-200,-88.85012,-89.5968555,-88.80237,-82.00077,-72.3668775,-83.12975,-82.62851,-69.89851,-89.0,-200,-200,-200,-200,-59.34546,-200,-200,1
349,S01,-88.702805,-76.81268,-89.291405,-85.10797,-88.66537,-200,-88.85012,-89.5968555,-88.80237,-83.69389,-75.53611,-81.44696200000001,-82.680954,-71.53399,-89.0,-200,-200,-200,-200,-59.33782,-200,-200,2
350,S01,-86.9175,-73.40885800000001,-89.291405,-85.10558,-88.66537,-200,-88.85012,-89.5968555,-88.80237,-83.789116,-75.502144,-83.281685,-78.656728,-71.56641,-89.0,-200,-200,-200,-200,-56.123498999999995,-200,-200,0
351,S01,-86.9175,-76.88316,-89.291405,-85.21382,-88.66537,-200,-88.85012,-89.5968555,-88.80237,-83.992805,-72.3668775,-83.07643,-78.656728,-71.642334,-89.0,-200,-200,-200,-200,-59.219784,-200,-200,0
352,S01,-88.775734,-76.95209,-89.291405,-82.633537,-88.66537,-200,-88.85012,-89.5968555,-88.80237,-82.00077,-72.3668775,-83.11897,-82.59955,-69.89851,-89.0,-200,-200,-200,-200,-59.10436,-200,-200,0
353,S01,-88.80281,-76.75413,-89.291405,-82.633537,-88.66537,-200,-88.85012,-89.5968555,-88.80237,-82.00077,-75.645836,-81.44696200000001,-82.58629,-71.60602,-89.0,-200,-200,-200,-200,-58.925148,-200,-200,1
354,S01,-86.9175,-73.40885800000001,-89.291405,-85.297554,-88.66537,-200,-88.85012,-89.5968555,-88.80237,-84.03719,-75.47676,-81.44696200000001,-82.418526,-71.504166,-89.0,-200,-200,-200,-200,-56.123498999999995,-200,-200,0
355,S01,-88.58599,-73.40885800000001,-89.291405,-85.13617,-88.66537,-200,-88.85012,-89.5968555,-88.80237,-83.97003,-75.488335,-83.05,-78.656728,-71.603584,-89.0,-200,-200,-200,-200,-56.123498999999995,-200,-200,3
356,S01,-88.39609,-76.56055,-89.291405,-84.95624,-88.66537,-200,-88.85012,-89.5968555,-88.80237,-83.94858,-72.3668775,-83.071014,-82.21024,-69.89851,-89.0,-200,-200,-200,-200,-58.860466,-200,-200,3
357,S01,-88.25462,-76.658714,-89.291405,-82.633537,-88.66537,-200,-88.85012,-89.5968555,-88.80237,-82.00077,-75.30063,-82.98099,-82.31616,-69.89851,-89.0,-200,-200,-200,-200,-58.885666,-200,-200,2
358,S01,-86.9175,-76.40091,-89.291405,-84.82452,-88.66537,-200,-88.85012,-89.5968555,-89.98935,-83.70647,-75.55933,-81.44696200000001,-82.17648,-71.479675,-89.0,-200,-200,-200,-200,-58.821854,-200,-200,3
359,S01,-86.9175,-73.40885800000001,-89.291405,-84.51879,-88.66537,-200,-88.85012,-89.5968555,-88.80237,-83.49182,-75.50274,-82.89295,-78.656728,-71.380615,-89.0,-200,-200,-200,-200,-56.123498999999995,-200,-200,3
360,S01,-88.138405,-76.392044,-89.291405,-84.44098,-88.66537,-200,-88.85012,-89.5968555,-89.81264,-83.52517,-72.3668775,-82.80686,-82.15047,-71.239525,-89.0,-200,-200,-200,-200,-58.759453,-200,-200,2
361,S01,-87.936295,-76.11802,-89.998276,-82.633537,-88.66537,-200,-88.85012,-89.5968555,-89.55137,-82.00077,-72.3668775,-82.67845,-81.903885,-69.89851,-89.0,-200,-200,-200,-200,-58.963787,-200,-200,3
362,S01,-87.805,-75.717384,-89.90984,-82.633537,-88.66537,-200,-88.85012,-89.5968555,-89.40647,-82.00077,-75.40317,-81.44696200000001,-81.83967,-71.0131,-89.0,-200,-200,-200,-200,-59.119377,-200,-200,1
363,S01,-86.9175,-73.40885800000001,-89.291405,-84.34277,-88.66537,-200,-88.85012,-89.5968555,-88.80237,-83.46933,-75.08467,-81.44696200000001,-78.656728,-70.83591,-89.0,-200,-200,-200,-200,-56.123498999999995,-200,-200,1
364,S01,-86.9175,-73.40885800000001,-89.93395,-84.35731,-88.66537,-200,-88.85012,-89.5968555,-88.80237,-83.34839,-74.88378,-82.59711,-78.656728,-71.01644,-89.0,-200,-200,-200,-200,-56.123498999999995,-200,-200,0
365,S01,-87.72085,-75.34772,-89.291405,-84.283066,-88.66537,-200,-89.984055,-89.5968555,-89.33113,-83.252235,-72.3668775,-82.53967,-81.57785,-69.89851,-89.0,-200,-200,-200,-200,-58.873497,-200,-200,0
366,S01,-87.68279,-75.09679,-89.291405,-82.633537,-88.66537,-200,-89.984406,-89.5968555,-89.23534,-82.00077,-74.70945,-82.439285,-81.25548,-69.89851,-89.0,-200,-200,-200,-200,-58.699394,-200,-200,0
367,S01,-86.9175,-74.82929,-89.291405,-84.055664,-88.66537,-200,-89.98475,-89.5968555,-89.34071,-83.113976,-74.51686,-81.44696200000001,-81.27194,-70.94974,-89.0,-200,-200,-200,-200,-58.52914,-200,-200,0
368,S01,-86.9175,-73.40885800000001,-89.291405,-83.98809,-88.66537,-200,-88.85012,-89.5968555,-88.80237,-83.15568,-74.32853,-82.31901,-78.656728,-70.928734,-89.0,-200,-200,-200,-200,-56.123498999999995,-200,-200,0
369,S01,-87.75616,-74.78884,-89.291405,-83.877785,-88.66537,-200,-88.85012,-89.5968555,-89.28895,-83.17435,-72.3668775,-82.13505,-81.33227,-70.908195,-89.0,-200,-200,-200,-200,-58.36265,-200,-200,0
370,S01,-87.80578,-74.7714,-89.9565,-82.633537,-88.66537,-200,-89.94016,-89.5968555,-89.260445,-82.00077,-72.3668775,-81.933044,-81.28069,-69.89851,-89.0,-200,-200,-200,-200,-58.376747,-200,-200,0
371,S01,-87.94277,-74.621666,-89.291405,-83.76992,-88.66537,-200,-89.985756,-89.5968555,-89.32104,-82.00077,-74.100136,-81.44696200000001,-81.11969,-70.82178,-89.0,-200,-200,-200,-200,-58.346302,-200,-200,0
372,S01,-86.9175,-73.40885800000001,-89.291405,-83.686554,-88.66537,-200,-88.85012,-89.5968555,-88.80237,-82.99359,-73.72201,-81.82396,-78.656728,-70.56036,-89.0,-200,-200,-200,-200,-56.123498999999995,-200,-200,0
373,S01,-87.966156,-73.40885800000001,-89.291405,-83.58292,-88.66537,-200,-88.85012,-89.5968555,-88.80237,-82.92739,-73.35224,-81.76151,-78.656728,-70.32684,-89.0,-200,-200,-200,-200,-58.183857,-200,-200,0
374,S01,-87.922676,-74.71848,-89.291405,-83.481575,-88.66537,-200,-88.85012,-89.5968555,-89.35817,-82.840546,-72.3668775,-81.63411,-80.98436,-69.89851,-89.0,-200,-200,-200,-200,-57.958664,-200,-200,0
375,S01,-88.10131,-74.72471,-89.291405,-82.633537,-88.66537,-200,-88.85012,-89.5968555,-89.54929,-82.00077,-73.23389,-81.465294,-80.87414,-69.89851,-89.0,-200,-200,-200,-200,-57.69423,-200,-200,0
376,S01,-86.9175,-74.64235,-89.291405,-83.448814,-88.66537,-200,-89.961655,-89.5968555,-89.71407,-82.954636,-73.36139,-81.44696200000001,-80.89903,-70.27539,-89.0,-200,-200,-200,-200,-56.123498999999995,-200,-200,2
377,S01,-86.9175,-73.40885800000001,-89.291405,-83.35043,-88.66537,-200,-88.85012,-89.5968555,-88.80237,-82.8893,-73.46396,-81.52135,-78.656728,-70.13663,-89.0,-200,-200,-200,-200,-56.123498999999995,-200,-200,2
378,S01,-88.16541,-74.60603,-89.291405,-83.254234,-88.66537,-200,-88.85012,-89.5968555,-89.7204,-82.75907,-72.3668775,-81.421364,-78.656728,-70.02304,-89.0,-200,-200,-200,-200,-57.656765,-200,-200,2
379,S01,-86.9175,-74.658966,-89.291405,-82.633537,-88.66537,-200,-89.9625,-89.5968555,-89.72658,-82.00077,-72.3668775,-81.257256,-80.746475,-69.89851,-89.0,-200,-200,-200,-200,-57.62013,-200,-200,2
380,S01,-88.16176,-74.8213,-89.291405,-83.35918,-88.66537,-200,-89.96333,-89.5968555,-89.82108,-82.00077,-73.58637,-81.44696200000001,-80.77419,-69.93408,-89.0,-200,-200,-200,-200,-57.73909,-200,-200,0
381,S01,-86.9175,-73.40885800000001,-89.291405,-83.39546,-88.66537,-200,-88.85012,-89.5968555,-88.80237,-82.72018,-73.507065,-81.450584,-78.656728,-69.95765,-89.0,-200,-200,-200,-200,-56.123498999999995,-200,-200,0
382,S01,-88.091835,-73.40885800000001,-89.291405,-83.40883,-88.66537,-200,-88.85012,-89.5968555,-88.80237,-82.77059,-73.38529,-81.35217,-78.656728,-70.047035,-89.0,-200,-200,-200,-200,-57.590073,-200,-200,0
383,S01,-86.9175,-74.89159,-89.291405,-82.633537,-88.66537,-200,-88.85012,-89.5968555,-89.9135,-82.00077,-72.3668775,-81.56551,-81.00032,-69.89851,-89.0,-200,-200,-200,-200,-57.488575,-200,-200,0
384,S01,-88.244606,-74.89398,-89.291405,-82.633537,-88.66537,-200,-88.85012,-89.5968555,-89.98176,-82.00077,-73.465225,-81.663574,-81.08877,-69.89851,-89.0,-200,-200,-200,-200,-57.345097,-200,-200,0
385,S01,-86.9175,-74.94055,-89.291405,-83.444016,-88.66537,-200,-88.85012,-89.5968555,-88.80237,-82.99679,-73.72029,-81.44696200000001,-81.10892,-70.22289,-89.0,-200,-200,-200,-200,-56.123498999999995,-200,-200,0
386,S01,-86.9175,-73.40885800000001,-89.291405,-83.478424,-88.66537,-200,-88.85012,-89.5968555,-88.80237,-83.21799,-73.96971,-81.75947,-78.656728,-70.39487,-89.0,-200,-200,-200,-200,-56.123498999999995,-200,-200,0
387,S01,-86.9175,-75.09665,-89.291405,-83.51207,-88.66537,-200,-88.85012,-89.5968555,-88.80237,-83.39007,-72.3668775,-81.9638,-81.32764,-70.585144,-89.0,-200,-200,-200,-200,-57.315353,-200,-200,0
388,S01,-88.43823,-75.050285,-89.291405,-82.633537,-88.66537,-200,-88.85012,-89.5968555,-88.80237,-82.00077,-72.3668775,-82.20784,-81.60786,-69.89851,-89.0,-200,-200,-200,-200,-57.19782,-200,-200,0
389,S01,-88.58334,-75.00495,-89.291405,-83.544975,-88.66537,-200,-88.85012,-89.5968555,-88.80237,-82.00077,-74.36841,-81.44696200000001,-81.74921,-70.68277,-89.0,-200,-200,-200,-200,-57.060772,-200,-200,0
390,S01,-86.9175,-73.40885800000001,-89.291405,-83.53292,-88.66537,-200,-88.85012,-89.5968555,-88.80237,-83.35933,-74.736176,-82.13691,-78.656728,-70.77824,-89.0,-200,-200,-200,-200,-56.123498999999995,-200,-200,0
391,S01,-88.63679,-73.40885800000001,-89.291405,-83.49902,-88.66537,-200,-88.85012,-89.5968555,-88.80237,-83.32927,-72.3668775,-82.08966,-78.656728,-70.78314,-89.0,-200,-200,-200,-200,-56.123498999999995,-200,-200,0
392,S01,-88.82173,-75.13751,-89.291405,-82.633537,-88.66537,-200,-88.85012,-89.5968555,-88.80237,-83.29987,-72.3668775,-82.35303,-81.953766,-69.89851,-89.0,-200,-200,-200,-200,-57.125767,-200,-200,0
393,S01,-88.95836,-75.22292,-89.291405,-82.633537,-88.66537,-200,-88.85012,-89.5968555,-88.80237,-82.00077,-75.09581,-81.44696200000001,-82.1538,-71.03117,-89.0,-200,-200,-200,-200,-57.211433,-200,-200,0
394,S01,-86.9175,-75.30644,-89.291405,-83.53221,-88.66537,-200,-88.85012,-89.5968555,-88.80237,-83.40381,-75.44749,-81.44696200000001,-82.34942,-71.20738,-89.0,-200,-200,-200,-200,-56.123498999999995,-200,-200,0
395,S01,-86.9175,-73.40885800000001,-89.291405,-83.56467,-88.66537,-200,-88.85012,-89.5968555,-88.80237,-83.50544,-75.8135,-82.58846,-78.656728,-71.33547,-89.0,-200,-200,-200,-200,-56.123498999999995,-200,-200,0
396,S01,-86.9175,-73.40885800000001,-89.291405,-82.633537,-88.66537,-200,-88.85012,-89.5968555,-88.80237,-83.60483,-72.3668775,-82.50911,-82.54071,-71.48284,-89.0,-200,-200,-200,-200,-57.140423,-200,-200,0
397,S01,-86.9175,-75.697685,-89.291405,-82.633537,-88.66537,-200,-88.85012,-89.5968555,-88.80237,-82.00077,-75.950294,-82.43151,-82.72777,-69.89851,-89.0,-200,-200,-200,-200,-57.07098,-200,-200,0
398,S01,-86.9175,-76.05817,-89.291405,-83.618515,-88.66537,-200,-88.85012,-89.5968555,-88.80237,-82.00077,-76.128296,-81.44696200000001,-82.9328,-71.51639,-89.0,-200,-200,-200,-200,-57.003075,-200,-200,0
399,S01,-86.9175,-73.40885800000001,-89.291405,-83.62695,-88.66537,-200,-88.85012,-89.5968555,-88.80237,-83.56934,-76.39081,-81.44696200000001,-78.656728,-71.48286,-89.0,-200,-200,-200,-200,-56.123498999999995,-200,-200,0
400,S01,-89.04774,-73.40885800000001,-89.291405,-83.61309,-88.66537,-200,-88.85012,-89.5968555,-88.80237,-83.534645,-72.3668775,-82.35563,-78.656728,-71.5164,-89.0,-200,-200,-200,-200,-56.91456,-200,-200,0
401,S01,-89.11302,-76.01266,-89.291405,-82.633537,-88.66537,-200,-88.85012,-89.5968555,-88.80237,-83.50071,-72.3668775,-82.281425,-82.91217,-69.89851,-89.0,-200,-200,-200,-200,-56.828,-200,-200,0
402,S01,-89.198975,-75.968155,-89.291405,-82.633537,-88.66537,-200,-88.85012,-89.5968555,-88.80237,-82.00077,-76.4485,-81.44696200000001,-82.958336,-69.89851,-89.0,-200,-200,-200,-200,-56.743355,-200,-200,0
403,S01,-86.9175,-75.94675,-89.291405,-83.66587,-88.66537,-200,-88.85012,-89.5968555,-88.80237,-83.57809,-76.70393,-81.44696200000001,-83.00348,-71.48287,-89.0,-200,-200,-200,-200,-56.123498999999995,-200,-200,0
404,S01,-86.9175,-73.40885800000001,-89.291405,-83.73959,-88.66537,-200,-88.85012,-89.5968555,-88.80237,-83.675865,-76.88738,-82.20886,-78.656728,-71.51642,-89.0,-200,-200,-200,-200,-56.123498999999995,-200,-200,0
405,S01,-86.9175,-76.0806,-89.291405,-83.8338,-88.66537,-200,-88.85012,-89.5968555,-88.80237,-83.68303,-72.3668775,-82.270584,-83.202415,-71.549225,-89.0,-200,-200,-200,-200,-56.66058,-200,-200,0
406,S01,-89.17246,-76.10093,-89.291405,-82.633537,-88.66537,-200,-88.85012,-89.5968555,-88.80237,-82.00077,-76.7572,-82.37516,-83.17583,-69.89851,-89.0,-200,-200,-200,-200,-56.53541,-200,-200,0
407,S01,-89.2571,-76.098694,-89.291405,-82.633537,-88.66537,-200,-88.85012,-89.5968555,-88.80237,-82.00077,-76.60779,-81.44696200000001,-83.03926,-71.60342,-89.0,-200,-200,-200,-200,-56.346676,-200,-200,0
408,S01,-86.9175,-73.40885800000001,-89.291405,-83.72691,-88.66537,-200,-88.85012,-89.5968555,-88.80237,-83.601585,-76.90392,-82.36687,-78.656728,-71.59007,-89.0,-200,-200,-200,-200,-56.123498999999995,-200,-200,2
409,S01,-89.162964,-73.40885800000001,-89.291405,-83.68873,-88.66537,-200,-88.85012,-89.5968555,-88.80237,-83.720955,-77.03872,-82.29242,-78.656728,-71.57703,-89.0,-200,-200,-200,-200,-56.228447,-200,-200,0
410,S01,-89.18147,-75.96384,-89.291405,-82.633537,-88.66537,-200,-88.85012,-89.5968555,-88.80237,-83.793465,-72.3668775,-82.24173,-82.94994,-69.89851,-89.0,-200,-200,-200,-200,-56.201283,-200,-200,0
411,S01,-89.288025,-75.87619,-89.291405,-82.633537,-88.66537,-200,-88.85012,-89.5968555,-88.80237,-82.00077,-76.99364,-81.44696200000001,-82.796265,-71.69694,-89.0,-200,-200,-200,-200,-56.307392,-200,-200,0
412,S01,-86.9175,-75.81259,-89.291405,-83.98308,-88.66537,-200,-88.85012,-89.5968555,-88.80237,-83.842255,-76.971664,-81.44696200000001,-82.64598,-71.74786,-89.0,-200,-200,-200,-200,-56.123498999999995,-200,-200,0
413,S01,-86.9175,-73.40885800000001,-89.291405,-84.160355,-88.66537,-200,-88.85012,-89.5968555,-88.80237,-83.84574,-76.9944,-82.19216,-78.656728,-71.79766,-89.0,-200,-200,-200,-200,-56.123498999999995,-200,-200,0
414,S01,-89.21532,-75.9273,-89.291405,-84.35582,-88.66537,-200,-88.85012,-89.5968555,-88.80237,-83.84915,-72.3668775,-82.3427,-82.58747,-69.89851,-89.0,-200,-200,-200,-200,-56.190033,-200,-200,0
415,S01,-89.18844,-75.818344,-89.291405,-82.633537,-88.66537,-200,-88.85012,-89.5968555,-88.80237,-82.00077,-72.3668775,-82.44568,-82.70715,-69.89851,-89.0,-200,-200,-200,-200,-56.119495,-200,-200,0
416,S01,-89.11793,-76.02137,-89.291405,-82.633537,-88.66537,-200,-88.85012,-89.5968555,-88.80237,-82.00077,-76.7734,-81.44696200000001,-82.69151,-71.78002,-89.0,-200,-200,-200,-200,-56.00629,-200,-200,2
417,S01,-86.9175,-73.40885800000001,-89.291405,-84.45851,-88.66537,-200,-88.85012,-89.5968555,-88.80237,-84.0515,-76.55729,-82.43582,-78.656728,-71.74066,-89.0,-200,-200,-200,-200,-56.123498999999995,-200,-200,0
418,S01,-89.09321,-73.40885800000001,-89.291405,-84.42626,-88.66537,-200,-88.85012,-89.5968555,-88.80237,-84.293594,-72.3668775,-82.35985,-78.656728,-71.65794,-89.0,-200,-200,-200,-200,-55.873478,-200,-200,0
