,location,001,002,003,004,005,006,007,008,009,010,011,012,013,014,015,016,017,018,019,020,021,022,heading,direction
0,A08,-61.661378,-200.0,-63.0,-67.0,-62.0,-70.04692,-200.0,-70.93197,-61.0,-200.0,-200.0,-200.0,-200.0,-200.0,-200.0,-200.0,-200,-200.0,-200.0,-200.0,-200,-200.0,5.674173831939697,N
1,A08,-60.0,-200.0,-63.0,-68.001,-70.384895,-69.0,-200.0,-70.93197,-61.5005,-200.0,-200.0,-200.0,-200.0,-200.0,-200.0,-200.0,-200,-200.0,-200.0,-200.0,-200,-200.0,8.36811637878418,N
2,A08,-61.001,-200.0,-63.334442,-66.99734,-70.384895,-69.500496,-200.0,-70.0,-71.329185,-200.0,-200.0,-200.0,-200.0,-200.0,-200.0,-200.0,-200,-200.0,-200.0,-200.0,-200,-200.0,8.787939071655273,N
3,A08,-62.003994,-200.0,-65.269455,-66.242775,-66.004,-69.66755,-200.0,-70.0,-62.67088,-200.0,-200.0,-200.0,-200.0,-200.0,-200.0,-200.0,-200,-200.0,-200.0,-200.0,-200,-200.0,9.130125045776367,N
4,A08,-62.254734,-200.0,-62.9985,-64.29981,-65.66822,-68.74426,-200.0,-69.66556,-63.25722,-200.0,-200.0,-200.0,-200.0,-200.0,-200.0,-200.0,-200,-200.0,-200.0,-200.0,-200,-200.0,6.718679904937744,N
5,A08,-61.661378,-200.0,-62.796413,-66.193634,-65.75175,-70.04692,-200.0,-71.00848,-63.40755,-200.0,-200.0,-200.0,-200.0,-200.0,-200.0,-200.0,-200,-200.0,-200.0,-200.0,-200,-200.0,9.979049682617188,N
6,A08,-62.40557,-200.0,-63.000668,-66.160774,-70.384895,-70.01036,-200.0,-70.93197,-63.50809,-200.0,-200.0,-200.0,-200.0,-200.0,-200.0,-200.0,-200,-200.0,-200.0,-200.0,-200,-200.0,7.923930644989014,N
7,A08,-62.50645,-200.0,-63.00057,-66.137215,-70.384895,-70.85712,-200.0,-71.20915,-71.329185,-200.0,-200.0,-200.0,-200.0,-200.0,-200.0,-200.0,-200,-200.0,-200.0,-200.0,-200,-200.0,8.153221130371094,N
8,A08,-62.72532,-200.0,-65.269455,-66.76613,-66.409164,-71.171135,-200.0,-71.34337,-63.72672,-200.0,-200.0,-200.0,-200.0,-200.0,-200.0,-200.0,-200,-200.0,-200.0,-200.0,-200,-200.0,5.730344295501709,N
9,A08,-61.661378,-200.0,-63.000496,-64.29981,-65.83061,-72.05432,-200.0,-71.14651,-64.02073,-200.0,-200.0,-200.0,-200.0,-200.0,-200.0,-200.0,-200,-200.0,-200.0,-200.0,-200,-200.0,6.851407527923584,N
10,A08,-61.661378,-200.0,-63.116524,-66.212845,-65.4158,-70.04692,-200.0,-71.51556,-64.01832,-200.0,-200.0,-200.0,-200.0,-200.0,-200.0,-200.0,-200,-200.0,-200.0,-200.0,-200,-200.0,8.000543594360352,N
11,A08,-62.63151,-200.0,-63.20983,-65.76791,-67.948654,-200.0,-71.25794,-70.93197,-64.01639,-200.0,-200.0,-200.0,-200.0,-200.0,-200.0,-200.0,-200,-200.0,-200.0,-200.0,-200,-200.0,16.550548553466797,N
12,A08,-62.5582,-200.0,-63.286602,-65.40182,-70.384895,-71.93733,-200.0,-70.99136,-71.329185,-200.0,-200.0,-200.0,-200.0,-200.0,-200.0,-200.0,-200,-200.0,-200.0,-200.0,-200,-200.0,14.065338134765623,N
13,A08,-62.921707,-200.0,-65.269455,-65.636215,-68.30287,-72.13773,-200.0,-70.67543,-63.917637,-200.0,-200.0,-200.0,-200.0,-200.0,-200.0,-200.0,-200,-200.0,-200.0,-200.0,-200,-200.0,10.892581939697266,N
14,A08,-63.31795,-200.0,-63.441174,-64.29981,-68.693344,-72.48617,-200.0,-70.51264,-63.925068,-200.0,-200.0,-200.0,-200.0,-200.0,-200.0,-200.0,-200,-200.0,-200.0,-200.0,-200,-200.0,9.890947341918944,N
15,A08,-61.661378,-200.0,-63.15064,-65.582504,-69.01462,-70.04692,-200.0,-70.93197,-63.931393,-200.0,-200.0,-200.0,-200.0,-200.0,-200.0,-200.0,-200,-200.0,-200.0,-200.0,-200,-200.0,9.890947341918944,N
16,A08,-63.469696,-200.0,-62.97955,-65.53617,-70.384895,-200.0,-71.25794,-70.93197,-63.93685,-200.0,-200.0,-200.0,-200.0,-200.0,-200.0,-200.0,-200,-200.0,-200.0,-200.0,-200,-200.0,9.890947341918944,N
17,A08,-63.261185,-200.0,-63.056496,-65.571144,-70.384895,-72.332,-200.0,-70.195755,-71.329185,-200.0,-200.0,-200.0,-200.0,-200.0,-200.0,-200.0,-200,-200.0,-200.0,-200.0,-200,-200.0,9.890947341918944,N
18,A08,-63.160854,-200.0,-65.269455,-65.53011,-69.10351,-72.23157,-200.0,-69.92594,-63.941616,-200.0,-200.0,-200.0,-200.0,-200.0,-200.0,-200.0,-200,-200.0,-200.0,-200.0,-200,-200.0,9.890947341918944,N
19,A08,-63.148724,-200.0,-63.699024,-64.29981,-69.1792,-71.999405,-200.0,-69.69317,-63.945812,-200.0,-200.0,-200.0,-200.0,-200.0,-200.0,-200.0,-200,-200.0,-200.0,-200.0,-200,-200.0,9.890947341918944,N
20,A08,-61.661378,-200.0,-63.582188,-65.49366,-69.16495,-70.04692,-200.0,-70.93197,-63.949535,-200.0,-200.0,-200.0,-200.0,-200.0,-200.0,-200.0,-200,-200.0,-200.0,-200.0,-200,-200.0,9.890947341918944,N
21,A08,-62.922512,-200.0,-63.345444,-65.593216,-68.9263,-200.0,-71.25794,-70.93197,-63.886784,-200.0,-200.0,-200.0,-200.0,-200.0,-200.0,-200.0,-200,-200.0,-200.0,-200.0,-200,-200.0,9.890947341918944,N
22,A08,-62.721542,-200.0,-63.259674,-65.61915,-70.384895,-72.52072,-200.0,-69.56549,-71.329185,-200.0,-200.0,-200.0,-200.0,-200.0,-200.0,-200.0,-200,-200.0,-200.0,-200.0,-200,-200.0,9.890947341918944,N
23,A08,-62.60777,-200.0,-65.269455,-64.29981,-68.78791,-72.80627,-200.0,-69.45302,-63.830254,-200.0,-200.0,-200.0,-200.0,-200.0,-200.0,-200.0,-200,-200.0,-200.0,-200.0,-200,-200.0,9.890947341918944,N
24,A08,-62.569023,-200.0,-63.983967,-64.29981,-68.87126,-73.06499,-200.0,-69.3531,-63.84073,-200.0,-200.0,-200.0,-200.0,-200.0,-200.0,-200.0,-200,-200.0,-200.0,-200.0,-200,-200.0,9.890947341918944,N
25,A08,-61.661378,-200.0,-64.0448,-65.70434,-68.6815,-70.04692,-200.0,-69.26368,-63.970024,-200.0,-200.0,-200.0,-200.0,-200.0,-200.0,-200.0,-200,-200.0,-200.0,-200.0,-200,-200.0,9.890947341918944,N
26,A08,-62.965767,-200.0,-64.100464,-65.78192,-68.446815,-200.0,-71.25794,-70.93197,-64.204865,-200.0,-200.0,-200.0,-200.0,-200.0,-200.0,-200.0,-200,-200.0,-200.0,-200.0,-200,-200.0,9.890947341918944,N
27,A08,-63.267212,-200.0,-64.2653,-66.26082,-70.384895,-72.60076,-200.0,-69.18312,-71.329185,-200.0,-200.0,-200.0,-200.0,-200.0,-200.0,-200.0,-200,-200.0,-200.0,-200.0,-200,-200.0,9.890947341918944,N
28,A08,-63.543007,-200.0,-65.269455,-66.81446,-68.17248,-72.45291,-200.0,-69.04844,-64.36376,-200.0,-200.0,-200.0,-200.0,-200.0,-200.0,-200.0,-200,-200.0,-200.0,-200.0,-200,-200.0,9.890947341918944,N
29,A08,-63.79637,-200.0,-65.269455,-64.29981,-67.92263,-72.538895,-200.0,-68.92578,-64.39912,-200.0,-200.0,-200.0,-200.0,-200.0,-200.0,-200.0,-200,-200.0,-200.0,-200.0,-200,-200.0,9.890947341918944,N
30,A08,-61.661378,-200.0,-64.25056,-66.82477,-67.75232,-70.04692,-200.0,-68.81356,-64.37739,-200.0,-200.0,-200.0,-200.0,-200.0,-200.0,-200.0,-200,-200.0,-200.0,-200.0,-200,-200.0,9.890947341918944,N
31,A08,-63.918842,-200.0,-64.18247,-66.88875,-68.39172,-200.0,-71.25794,-70.93197,-64.35722,-200.0,-200.0,-200.0,-200.0,-200.0,-200.0,-200.0,-200,-200.0,-200.0,-200.0,-200,-200.0,9.890947341918944,N
32,A08,-63.977703,-200.0,-64.27958,-67.00155,-70.384895,-72.638824,-200.0,-68.710464,-71.329185,-200.0,-200.0,-200.0,-200.0,-200.0,-200.0,-200.0,-200,-200.0,-200.0,-200.0,-200,-200.0,9.890947341918944,N
33,A08,-64.139175,-200.0,-65.269455,-67.26405,-68.36996,-72.500244,-200.0,-68.55983,-64.390976,-200.0,-200.0,-200.0,-200.0,-200.0,-200.0,-200.0,-200,-200.0,-200.0,-200.0,-200,-200.0,9.890947341918944,N
34,A08,-63.816765,-200.0,-64.63251,-64.29981,-68.24093,-72.31929,-200.0,-68.36603,-64.42246,-200.0,-200.0,-200.0,-200.0,-200.0,-200.0,-200.0,-200,-200.0,-200.0,-200.0,-200,-200.0,9.890947341918944,N
35,A08,-61.661378,-200.0,-64.754906,-67.250404,-68.12121,-70.04692,-200.0,-68.293045,-64.50285,-200.0,-200.0,-200.0,-200.0,-200.0,-200.0,-200.0,-200,-200.0,-200.0,-200.0,-200,-200.0,8.857391357421875,N
36,A08,-63.619446,-200.0,-64.971245,-67.23765,-70.384895,-200.0,-71.25794,-70.93197,-64.527855,-200.0,-200.0,-200.0,-200.0,-200.0,-200.0,-200.0,-200,-200.0,-200.0,-200.0,-200,-200.0,8.857391357421875,N
37,A08,-63.33307,-200.0,-65.02299,-67.22569,-70.384895,-72.13879,-200.0,-68.33017,-71.329185,-200.0,-200.0,-200.0,-200.0,-200.0,-200.0,-200.0,-200,-200.0,-200.0,-200.0,-200,-200.0,8.857391357421875,N
38,A08,-63.115124,-200.0,-65.269455,-64.29981,-68.062325,-72.03249,-200.0,-68.3648,-64.501625,-200.0,-200.0,-200.0,-200.0,-200.0,-200.0,-200.0,-200,-200.0,-200.0,-200.0,-200,-200.0,7.795012950897217,N
39,A08,-62.860905,-200.0,-64.773346,-64.29981,-67.90401,-71.93258,-200.0,-68.39717,-64.47697,-200.0,-200.0,-200.0,-200.0,-200.0,-200.0,-200.0,-200,-200.0,-200.0,-200.0,-200,-200.0,8.859621047973633,N
40,A08,-61.661378,-200.0,-64.48954,-67.16477,-67.80697,-70.04692,-200.0,-68.72929,-64.45375,-200.0,-200.0,-200.0,-200.0,-200.0,-200.0,-200.0,-200,-200.0,-200.0,-200.0,-200,-200.0,6.322277545928955,N
41,A08,-62.769424,-200.0,-64.222374,-67.15667,-70.384895,-200.0,-71.25794,-70.93197,-64.383644,-200.0,-200.0,-200.0,-200.0,-200.0,-200.0,-200.0,-200,-200.0,-200.0,-200.0,-200,-200.0,9.048274993896484,N
42,A08,-62.683308,-200.0,-64.115204,-67.10038,-70.384895,-72.31524,-200.0,-68.79244,-71.329185,-200.0,-200.0,-200.0,-200.0,-200.0,-200.0,-200.0,-200,-200.0,-200.0,-200.0,-200,-200.0,8.637601852416992,N
43,A08,-62.60213,-200.0,-65.269455,-64.29981,-67.76638,-72.10887,-200.0,-68.70433,-64.41312,-200.0,-200.0,-200.0,-200.0,-200.0,-200.0,-200.0,-200,-200.0,-200.0,-200.0,-200,-200.0,7.430374622344971,N
44,A08,-61.661378,-200.0,-64.25317,-64.29981,-67.82769,-71.86641,-200.0,-68.572716,-64.58335,-200.0,-200.0,-200.0,-200.0,-200.0,-200.0,-200.0,-200,-200.0,-200.0,-200.0,-200,-200.0,8.90435791015625,N
45,A08,-61.661378,-200.0,-64.47845,-67.24021,-67.983635,-70.04692,-200.0,-68.5451,-64.7915,-200.0,-200.0,-200.0,-200.0,-200.0,-200.0,-200.0,-200,-200.0,-200.0,-200.0,-200,-200.0,7.873782634735107,N
46,A08,-62.525513,-200.0,-64.50303,-67.32437,-70.384895,-200.0,-71.25794,-70.93197,-64.98858,-200.0,-200.0,-200.0,-200.0,-200.0,-200.0,-200.0,-200,-200.0,-200.0,-200.0,-200,-200.0,7.873782634735107,N
47,A08,-62.453114,-200.0,-64.43265,-67.4039,-70.384895,-71.556595,-200.0,-68.47121,-71.329185,-200.0,-200.0,-200.0,-200.0,-200.0,-200.0,-200.0,-200,-200.0,-200.0,-200.0,-200,-200.0,7.873782634735107,N
48,A08,-62.38463,-200.0,-65.269455,-67.761894,-68.081764,-71.39102,-200.0,-68.448845,-65.08222,-200.0,-200.0,-200.0,-200.0,-200.0,-200.0,-200.0,-200,-200.0,-200.0,-200.0,-200,-200.0,7.873782634735107,N
49,A08,-61.661378,-200.0,-64.97117,-64.29981,-68.27072,-71.23399,-200.0,-68.28631,-65.17103,-200.0,-200.0,-200.0,-200.0,-200.0,-200.0,-200.0,-200,-200.0,-200.0,-200.0,-200,-200.0,9.901887893676758,N
50,A08,-61.661378,-200.0,-65.11143,-67.91353,-68.401245,-70.04692,-200.0,-70.93197,-65.20923,-200.0,-200.0,-200.0,-200.0,-200.0,-200.0,-200.0,-200,-200.0,-200.0,-200.0,-200,-200.0,9.990911483764648,N
51,A08,-62.132477,-200.0,-65.06021,-68.010666,-70.384895,-71.13105,-200.0,-70.93197,-65.29138,-200.0,-200.0,-200.0,-200.0,-200.0,-200.0,-200.0,-200,-200.0,-200.0,-200.0,-200,-200.0,11.036581039428713,N
52,A08,-61.94009,-200.0,-65.01157,-68.14909,-70.384895,-71.07916,-200.0,-68.179245,-71.329185,-200.0,-200.0,-200.0,-200.0,-200.0,-200.0,-200.0,-200,-200.0,-200.0,-200.0,-200,-200.0,11.036581039428713,N
53,A08,-62.081787,-200.0,-65.269455,-68.28047,-68.287285,-71.07555,-200.0,-68.07779,-65.27807,-200.0,-200.0,-200.0,-200.0,-200.0,-200.0,-200.0,-200,-200.0,-200.0,-200.0,-200,-200.0,11.036581039428713,N
54,A08,-62.400585,-200.0,-64.96536,-64.29981,-68.17949,-71.02659,-200.0,-67.98157,-65.26541,-200.0,-200.0,-200.0,-200.0,-200.0,-200.0,-200.0,-200,-200.0,-200.0,-200.0,-200,-200.0,11.036581039428713,N
55,A08,-61.661378,-200.0,-65.01246,-68.40523,-68.26474,-70.04692,-200.0,-67.84418,-65.29874,-200.0,-200.0,-200.0,-200.0,-200.0,-200.0,-200.0,-200,-200.0,-200.0,-200.0,-200,-200.0,12.072443008422852,N
56,A08,-62.33633,-200.0,-65.32944,-68.432396,-70.384895,-71.07075,-200.0,-70.93197,-65.37567,-200.0,-200.0,-200.0,-200.0,-200.0,-200.0,-200.0,-200,-200.0,-200.0,-200.0,-200,-200.0,12.072443008422852,N
57,A08,-62.09252,-200.0,-65.359764,-68.45823,-70.384895,-70.977104,-200.0,-67.759575,-71.329185,-200.0,-200.0,-200.0,-200.0,-200.0,-200.0,-200.0,-200,-200.0,-200.0,-200.0,-200,-200.0,12.072443008422852,N
58,A08,-61.951756,-200.0,-65.269455,-68.48281,-68.34553,-70.887955,-200.0,-67.679184,-65.35873,-200.0,-200.0,-200.0,-200.0,-200.0,-200.0,-200.0,-200,-200.0,-200.0,-200.0,-200,-200.0,12.072443008422852,N
59,A08,-61.90858,-200.0,-65.25336,-64.29981,-68.42214,-70.75807,-200.0,-67.60275,-65.43254,-200.0,-200.0,-200.0,-200.0,-200.0,-200.0,-200.0,-200,-200.0,-200.0,-200.0,-200,-200.0,12.072443008422852,N
60,A08,-61.661378,-200.0,-65.19699,-68.55142,-68.72526,-70.04692,-200.0,-67.530045,-65.458,-200.0,-200.0,-200.0,-200.0,-200.0,-200.0,-200.0,-200,-200.0,-200.0,-200.0,-200,-200.0,12.072443008422852,N
61,A08,-61.822273,-200.0,-65.322754,-68.52656,-70.384895,-70.72406,-200.0,-70.93197,-65.48226,-200.0,-200.0,-200.0,-200.0,-200.0,-200.0,-200.0,-200,-200.0,-200.0,-200.0,-200,-200.0,12.072443008422852,N
62,A08,-61.740105,-200.0,-65.26354,-68.6378,-70.384895,-70.64687,-200.0,-67.46085,-71.329185,-200.0,-200.0,-200.0,-200.0,-200.0,-200.0,-200.0,-200,-200.0,-200.0,-200.0,-200,-200.0,12.072443008422852,N
63,A08,-61.52692,-200.0,-65.269455,-68.78865,-68.73786,-70.52861,-200.0,-67.39498,-65.41603,-200.0,-200.0,-200.0,-200.0,-200.0,-200.0,-200.0,-200,-200.0,-200.0,-200.0,-200,-200.0,12.072443008422852,N
64,A08,-61.278942,-200.0,-65.341125,-64.29981,-68.704155,-70.54963,-200.0,-67.37722,-65.352875,-200.0,-200.0,-200.0,-200.0,-200.0,-200.0,-200.0,-200,-200.0,-200.0,-200.0,-200,-200.0,12.072443008422852,N
65,A08,-61.661378,-200.0,-65.23672,-68.88765,-68.672104,-70.04692,-200.0,-67.36029,-65.6043,-200.0,-200.0,-200.0,-200.0,-200.0,-200.0,-200.0,-200,-200.0,-200.0,-200.0,-200,-200.0,12.072443008422852,N
66,A08,-61.13215,-200.0,-65.181656,-68.93735,-70.384895,-70.525154,-71.25794,-70.93197,-200.0,-200.0,-200.0,-200.0,-200.0,-200.0,-200.0,-200.0,-200,-200.0,-200.0,-200.0,-200,-200.0,12.072443008422852,N
67,A08,-60.992207,-200.0,-65.173584,-68.98474,-70.384895,-70.50181,-200.0,-67.34416,-71.329185,-200.0,-200.0,-200.0,-200.0,-200.0,-200.0,-200.0,-200,-200.0,-200.0,-200.0,-200,-200.0,12.072443008422852,N
68,A08,-60.903355,-200.0,-65.269455,-64.29981,-68.7777,-70.43514,-200.0,-67.32878,-65.888626,-200.0,-200.0,-200.0,-200.0,-200.0,-200.0,-200.0,-200,-200.0,-200.0,-200.0,-200,-200.0,13.074756622314451,N
69,A08,-60.907658,-200.0,-65.0327,-64.29981,-68.83298,-70.32718,-200.0,-67.31412,-65.89357,-200.0,-200.0,-200.0,-200.0,-200.0,-200.0,-200.0,-200,-200.0,-200.0,-200.0,-200,-200.0,13.074756622314451,N
70,A08,-61.661378,-200.0,-64.89824,-68.98542,-68.79542,-70.04692,-200.0,-70.93197,-65.89829,-200.0,-200.0,-200.0,-200.0,-200.0,-200.0,-200.0,-200,-200.0,-200.0,-200.0,-200,-200.0,13.074756622314451,N
71,A08,-60.822853,-200.0,-64.76989,-68.98607,-70.384895,-70.31268,-200.0,-70.93197,-66.12422,-200.0,-200.0,-200.0,-200.0,-200.0,-200.0,-200.0,-200,-200.0,-200.0,-200.0,-200,-200.0,13.074756622314451,N
72,A08,-60.87511,-200.0,-64.64736,-69.031075,-70.384895,-70.25461,-200.0,-67.25561,-71.329185,-200.0,-200.0,-200.0,-200.0,-200.0,-200.0,-200.0,-200,-200.0,-200.0,-200.0,-200,-200.0,13.074756622314451,N
73,A08,-60.880646,-200.0,-65.269455,-64.29981,-69.11944,-70.243355,-200.0,-67.19979,-66.73806,-200.0,-200.0,-200.0,-200.0,-200.0,-200.0,-200.0,-200,-200.0,-200.0,-200.0,-200,-200.0,13.074756622314451,N
74,A08,-61.661378,-200.0,-65.370056,-64.29981,-69.024345,-70.23261,-200.0,-67.14653,-66.83803,-200.0,-200.0,-200.0,-200.0,-200.0,-200.0,-200.0,-200,-200.0,-200.0,-200.0,-200,-200.0,12.072711944580078,N
75,A08,-61.661378,-200.0,-65.30956,-69.162704,-68.88895,-70.04692,-200.0,-67.14003,-66.801025,-200.0,-200.0,-200.0,-200.0,-200.0,-200.0,-200.0,-200,-200.0,-200.0,-200.0,-200,-200.0,11.069238662719728,N
76,A08,-60.70879,-200.0,-65.251785,-69.19978,-70.384895,-70.266464,-200.0,-70.93197,-66.765686,-200.0,-200.0,-200.0,-200.0,-200.0,-200.0,-200.0,-200,-200.0,-200.0,-200.0,-200,-200.0,11.069238662719728,N
77,A08,-60.633198,-200.0,-65.10842,-69.27943,-70.384895,-70.298805,-200.0,-67.08955,-71.329185,-200.0,-200.0,-200.0,-200.0,-200.0,-200.0,-200.0,-200,-200.0,-200.0,-200.0,-200,-200.0,12.08121109008789,N
78,A08,-60.56102,-200.0,-65.269455,-64.29981,-69.02795,-70.28564,-200.0,-67.08558,-67.305046,-200.0,-200.0,-200.0,-200.0,-200.0,-200.0,-200.0,-200,-200.0,-200.0,-200.0,-200,-200.0,9.971784591674805,N
79,A08,-60.712868,-200.0,-65.23581,-64.29981,-69.0713,-70.185005,-200.0,-67.17019,-67.37972,-200.0,-200.0,-200.0,-200.0,-200.0,-200.0,-200.0,-200,-200.0,-200.0,-200.0,-200,-200.0,338.4108581542969,N
80,A08,-61.661378,-200.0,-65.269455,-69.17869,-69.0236,-70.04692,-200.0,-67.250984,-67.40703,-200.0,-200.0,-200.0,-200.0,-200.0,-200.0,-200.0,-200,-200.0,-200.0,-200.0,-200,-200.0,308.963623046875,W
81,A08,-60.416702,-200.0,-65.60962,-68.86172,-70.384895,-70.000854,-200.0,-70.93197,-67.74114,-200.0,-200.0,-200.0,-200.0,-200.0,-200.0,-200.0,-200,-200.0,-200.0,-200.0,-200,-200.0,281.94451904296875,W
82,A08,-60.133816,-200.0,-65.93465,-68.47075,-70.384895,-69.780914,-200.0,-67.239914,-71.329185,-200.0,-200.0,-200.0,-200.0,-200.0,-200.0,-200.0,-200,-200.0,-200.0,-200.0,-200,-200.0,281.94451904296875,W
83,A08,-59.951694,-200.0,-65.269455,-68.22957,-68.93364,-69.57075,-200.0,-67.18526,-68.28029,-200.0,-200.0,-200.0,-200.0,-200.0,-200.0,-200.0,-200,-200.0,-200.0,-200.0,-200,-200.0,277.7490539550781,W
84,A08,-61.661378,-200.0,-66.11336,-64.29981,-68.8478,-69.41385,-200.0,-67.13304,-68.75152,-200.0,-200.0,-200.0,-200.0,-200.0,-200.0,-200.0,-200,-200.0,-200.0,-200.0,-200,-200.0,278.754150390625,W
85,A08,-61.661378,-200.0,-66.2402,-67.82295,-68.89889,-70.04692,-200.0,-67.3033,-69.15789,-200.0,-200.0,-200.0,-200.0,-200.0,-200.0,-200.0,-200,-200.0,-200.0,-200.0,-200,-200.0,277.6858215332031,W
86,A08,-59.777706,-200.0,-66.36141,-67.43449,-70.384895,-69.30782,-71.25794,-70.93197,-200.0,-200.0,-200.0,-200.0,-200.0,-200.0,-200.0,-200.0,-200,-200.0,-200.0,-200.0,-200,-200.0,277.6858215332031,W
87,A08,-59.611477,-200.0,-66.477264,-67.06335,-70.384895,-69.20649,-200.0,-67.333954,-71.329185,-200.0,-200.0,-200.0,-200.0,-200.0,-200.0,-200.0,-200,-200.0,-200.0,-200.0,-200,-200.0,278.6964416503906,W
88,A08,-59.452644,-200.0,-65.269455,-64.29981,-68.947655,-69.06575,-200.0,-67.40723,-69.326645,-200.0,-200.0,-200.0,-200.0,-200.0,-200.0,-200.0,-200,-200.0,-200.0,-200.0,-200,-200.0,278.6964416503906,W
89,A08,-59.30087,-200.0,-66.67578,-64.29981,-69.038445,-68.93124,-200.0,-67.34537,-69.70746,-200.0,-200.0,-200.0,-200.0,-200.0,-200.0,-200.0,-200,-200.0,-200.0,-200.0,-200,-200.0,278.6964416503906,W
90,A08,-61.661378,-200.0,-66.82164,-66.7527,-69.169334,-70.04692,-200.0,-67.286255,-70.15922,-200.0,-200.0,-200.0,-200.0,-200.0,-200.0,-200.0,-200,-200.0,-200.0,-200.0,-200,-200.0,279.72540283203125,W
91,A08,-59.15583,-200.0,-67.00492,-66.45586,-70.384895,-68.80265,-200.0,-70.93197,-70.985916,-200.0,-200.0,-200.0,-200.0,-200.0,-200.0,-200.0,-200,-200.0,-200.0,-200.0,-200,-200.0,279.72540283203125,W
92,A08,-59.01722,-200.0,-67.223976,-66.17219,-70.384895,-68.67974,-71.25794,-67.40545,-200.0,-200.0,-200.0,-200.0,-200.0,-200.0,-200.0,-200.0,-200,-200.0,-200.0,-200.0,-200,-200.0,281.79766845703125,W
93,A08,-58.884747,-200.0,-65.269455,-65.90109,-69.33848,-68.56225,-71.11507,-67.43155,-200.0,-200.0,-200.0,-200.0,-200.0,-200.0,-200.0,-200.0,-200,-200.0,-200.0,-200.0,-200,-200.0,282.83013916015625,W
94,A08,-58.758133,-200.0,-67.47723,-64.29981,-69.4559,-68.36226,-70.978485,-67.36872,-200.0,-200.0,-200.0,-200.0,-200.0,-200.0,-200.0,-200.0,-200,-200.0,-200.0,-200.0,-200,-200.0,283.83306884765625,W
95,A08,-61.661378,-200.0,-67.67548,-65.642,-69.52397,-70.04692,-70.84792,-67.35255,-200.0,-200.0,-200.0,-200.0,-200.0,-200.0,-200.0,-200.0,-200,-200.0,-200.0,-200.0,-200,-200.0,283.83306884765625,W
96,A08,-58.63711,-200.0,-67.86501,-65.394356,-70.384895,-68.25873,-71.25794,-70.93197,-200.0,-200.0,-200.0,-200.0,-200.0,-200.0,-200.0,-200.0,-200,-200.0,-200.0,-200.0,-200,-200.0,283.83306884765625,W
97,A08,-58.521435,-200.0,-68.0462,-65.20154,-70.384895,-68.07212,-70.76694,-67.33708,-200.0,-200.0,-200.0,-200.0,-200.0,-200.0,-200.0,-200.0,-200,-200.0,-200.0,-200.0,-200,-200.0,284.8413391113281,W
98,A08,-58.41086,-200.0,-65.269455,-65.0611,-69.544945,-67.8499,-70.73333,-67.49772,-200.0,-200.0,-200.0,-200.0,-200.0,-200.0,-200.0,-200.0,-200,-200.0,-200.0,-200.0,-200,-200.0,284.8413391113281,W
99,A08,-58.26131,-200.0,-68.35086,-64.29981,-69.43289,-67.63744,-70.56976,-67.519745,-200.0,-200.0,-200.0,-200.0,-200.0,-200.0,-200.0,-200.0,-200,-200.0,-200.0,-200.0,-200,-200.0,282.7419128417969,W
100,A08,-61.661378,-200.0,-68.51071,-65.014565,-69.325836,-70.04692,-70.54481,-67.409294,-200.0,-200.0,-200.0,-200.0,-200.0,-200.0,-200.0,-200.0,-200,-200.0,-200.0,-200.0,-200,-200.0,281.7313232421875,W
101,A08,-58.162186,-200.0,-68.44454,-64.7947,-69.39947,-67.434326,-71.25794,-70.93197,-200.0,-200.0,-200.0,-200.0,-200.0,-200.0,-200.0,-200.0,-200,-200.0,-200.0,-200.0,-200,-200.0,282.8132019042969,W
102,A08,-58.067425,-200.0,-68.38129,-64.49686,-70.384895,-67.24013,-70.38955,-67.43519,-200.0,-200.0,-200.0,-200.0,-200.0,-200.0,-200.0,-200.0,-200,-200.0,-200.0,-200.0,-200,-200.0,282.8132019042969,W
103,A08,-57.97683,-200.0,-65.269455,-64.29981,-69.29399,-67.05446,-70.24111,-67.328476,-200.0,-200.0,-200.0,-200.0,-200.0,-200.0,-200.0,-200.0,-200,-200.0,-200.0,-200.0,-200,-200.0,283.8249816894531,W
104,A08,-57.890224,-200.0,-65.269455,-64.29981,-69.149254,-70.04692,-70.055405,-67.27027,-200.0,-200.0,-200.0,-200.0,-200.0,-200.0,-200.0,-200.0,-200,-200.0,-200.0,-200.0,-200,-200.0,283.8249816894531,W
105,A08,-61.661378,-200.0,-68.40838,-64.43125,-69.01093,-70.04692,-69.83406,-67.34605,-200.0,-200.0,-200.0,-200.0,-200.0,-200.0,-200.0,-200.0,-200,-200.0,-200.0,-200.0,-200,-200.0,283.8249816894531,W
106,A08,-57.807423,-200.0,-68.52185,-64.32472,-70.384895,-67.09586,-71.25794,-70.93197,-200.0,-200.0,-200.0,-200.0,-200.0,-200.0,-200.0,-200.0,-200,-200.0,-200.0,-200.0,-200,-200.0,281.7129821777344,W
107,A08,-57.68446,-200.0,-68.7179,-64.13525,-70.384895,-67.04789,-69.88511,-67.63748,-200.0,-200.0,-200.0,-200.0,-200.0,-200.0,-200.0,-200.0,-200,-200.0,-200.0,-200.0,-200,-200.0,280.69244384765625,W
108,A08,-57.5669,-200.0,-65.269455,-64.29981,-68.92264,-67.002014,-69.80258,-67.609566,-200.0,-200.0,-200.0,-200.0,-200.0,-200.0,-200.0,-200.0,-200,-200.0,-200.0,-200.0,-200,-200.0,280.69244384765625,W
109,A08,-61.661378,-200.0,-69.12424,-64.29981,-68.88214,-66.914375,-69.6799,-67.49529,-200.0,-200.0,-200.0,-200.0,-200.0,-200.0,-200.0,-200.0,-200,-200.0,-200.0,-200.0,-200,-200.0,282.7625732421875,W
110,A08,-61.661378,-200.0,-69.206345,-63.997906,-68.84344,-70.04692,-69.56261,-67.69253,-200.0,-200.0,-200.0,-200.0,-200.0,-200.0,-200.0,-200.0,-200,-200.0,-200.0,-200.0,-200,-200.0,282.7625732421875,W
111,A08,-57.498287,-200.0,-69.37239,-63.8666,-70.384895,-66.74305,-71.25794,-70.93197,-200.0,-200.0,-200.0,-200.0,-200.0,-200.0,-200.0,-200.0,-200,-200.0,-200.0,-200.0,-200,-200.0,282.7625732421875,W
112,A08,-57.432686,-200.0,-70.10012,-63.741062,-70.384895,-66.57923,-69.49422,-67.74976,-200.0,-200.0,-200.0,-200.0,-200.0,-200.0,-200.0,-200.0,-200,-200.0,-200.0,-200.0,-200,-200.0,282.7625732421875,W
113,A08,-57.369965,-200.0,-65.269455,-64.29981,-68.8503,-66.55388,-69.34129,-67.71694,-200.0,-200.0,-200.0,-200.0,-200.0,-200.0,-200.0,-200.0,-200,-200.0,-200.0,-200.0,-200,-200.0,281.746826171875,W
114,A08,-57.309994,-200.0,-70.1395,-64.29981,-68.856865,-66.52964,-69.28259,-67.7731,-200.0,-200.0,-200.0,-200.0,-200.0,-200.0,-200.0,-200.0,-200,-200.0,-200.0,-200.0,-200,-200.0,281.746826171875,W
115,A08,-61.661378,-200.0,-70.13339,-63.70861,-68.8193,-70.04692,-69.27023,-67.826805,-200.0,-200.0,-200.0,-200.0,-200.0,-200.0,-200.0,-200.0,-200,-200.0,-200.0,-200.0,-200,-200.0,283.77764892578125,W
116,A08,-57.296425,-200.0,-70.17131,-63.633804,-68.73955,-66.418945,-71.25794,-70.93197,-200.0,-200.0,-200.0,-200.0,-200.0,-200.0,-200.0,-200.0,-200,-200.0,-200.0,-200.0,-200,-200.0,283.77764892578125,W
117,A08,-57.23968,-200.0,-70.20757,-63.56228,-68.92627,-66.26934,-69.1709,-67.83438,-200.0,-200.0,-200.0,-200.0,-200.0,-200.0,-200.0,-200.0,-200,-200.0,-200.0,-200.0,-200,-200.0,283.77764892578125,W
118,A08,-57.185425,-200.0,-65.269455,-63.493885,-68.9295,-66.170044,-69.07591,-67.84163,-200.0,-200.0,-200.0,-200.0,-200.0,-200.0,-200.0,-200.0,-200,-200.0,-200.0,-200.0,-200,-200.0,283.77764892578125,W
119,A08,-57.089783,-200.0,-70.24225,-64.29981,-68.93259,-70.04692,-68.985085,-67.804794,-200.0,-200.0,-200.0,-200.0,-200.0,-200.0,-200.0,-200.0,-200,-200.0,-200.0,-200.0,-200,-200.0,283.77764892578125,W
120,A08,-61.661378,-200.0,-70.31916,-63.34095,-68.93554,-70.04692,-68.941986,-67.76958,-200.0,-200.0,-200.0,-200.0,-200.0,-200.0,-200.0,-200.0,-200,-200.0,-200.0,-200.0,-200,-200.0,283.77764892578125,W
121,A08,-56.95457,-200.0,-70.348946,-63.10718,-70.384895,-66.075096,-71.25794,-70.93197,-200.0,-200.0,-200.0,-200.0,-200.0,-200.0,-200.0,-200.0,-200,-200.0,-200.0,-200.0,-200,-200.0,283.77764892578125,W
122,A08,-56.95656,-200.0,-70.37743,-62.88366,-70.384895,-66.11556,-71.25794,-67.95469,-200.0,-200.0,-200.0,-200.0,-200.0,-200.0,-200.0,-200.0,-200,-200.0,-200.0,-200.0,-200,-200.0,283.77764892578125,W
123,A08,-56.9147,-200.0,-65.269455,-64.29981,-69.025955,-66.06676,-68.90077,-68.08794,-200.0,-200.0,-200.0,-200.0,-200.0,-200.0,-200.0,-200.0,-200,-200.0,-200.0,-200.0,-200,-200.0,283.77764892578125,W
124,A08,-56.874676,-200.0,-70.62341,-64.29981,-69.02482,-65.97634,-68.86136,-68.127846,-200.0,-200.0,-200.0,-200.0,-200.0,-200.0,-200.0,-200.0,-200,-200.0,-200.0,-200.0,-200,-200.0,283.77764892578125,W
125,A08,-61.661378,-200.0,-70.63989,-62.757458,-68.84857,-70.04692,-68.91117,-67.85974,-200.0,-200.0,-200.0,-200.0,-200.0,-200.0,-200.0,-200.0,-200,-200.0,-200.0,-200.0,-200,-200.0,284.79443359375,W
126,A08,-56.923912,-200.0,-70.52441,-62.768074,-68.68007,-65.88988,-71.25794,-70.93197,-200.0,-200.0,-200.0,-200.0,-200.0,-200.0,-200.0,-200.0,-200,-200.0,-200.0,-200.0,-200,-200.0,241.4629669189453,W
127,A08,-56.92724,-200.0,-70.326485,-62.997017,-68.95676,-65.982185,-69.0463,-67.90963,-200.0,-200.0,-200.0,-200.0,-200.0,-200.0,-200.0,-200.0,-200,-200.0,-200.0,-200.0,-200,-200.0,199.09320068359372,S
128,A08,-57.149174,-200.0,-65.269455,-64.29981,-69.39641,-66.07046,-69.13177,-68.08858,-200.0,-200.0,-200.0,-200.0,-200.0,-200.0,-200.0,-200.0,-200,-200.0,-200.0,-200.0,-200,-200.0,194.46014404296875,S
129,A08,-57.405144,-200.0,-70.3122,-64.29981,-69.597916,-66.11112,-69.30099,-68.303444,-200.0,-200.0,-200.0,-200.0,-200.0,-200.0,-200.0,-200.0,-200,-200.0,-200.0,-200.0,-200,-200.0,194.46014404296875,S
130,A08,-61.661378,-200.0,-70.16731,-63.478474,-69.790596,-70.04692,-69.550285,-68.55265,-200.0,-200.0,-200.0,-200.0,-200.0,-200.0,-200.0,-200.0,-200,-200.0,-200.0,-200.0,-200,-200.0,194.46014404296875,S
131,A08,-57.64991,-200.0,-70.02876,-63.45754,-70.384895,-66.19375,-71.25794,-70.93197,-200.0,-200.0,-200.0,-200.0,-200.0,-200.0,-200.0,-200.0,-200,-200.0,-200.0,-200.0,-200,-200.0,194.46014404296875,S
132,A08,-57.84021,-200.0,-69.94002,-63.43752,-70.384895,-66.27276,-70.05113,-69.18466,-200.0,-200.0,-200.0,-200.0,-200.0,-200.0,-200.0,-200.0,-200,-200.0,-200.0,-200.0,-200,-200.0,194.46014404296875,S
133,A08,-57.978436,-200.0,-65.269455,-63.418377,-69.93106,-66.43579,-70.31135,-69.52654,-200.0,-200.0,-200.0,-200.0,-200.0,-200.0,-200.0,-200.0,-200,-200.0,-200.0,-200.0,-200,-200.0,194.46014404296875,S
134,A08,-58.50432,-200.0,-69.855156,-64.29981,-70.0216,-66.5917,-70.73515,-69.67848,-200.0,-200.0,-200.0,-200.0,-200.0,-200.0,-200.0,-200.0,-200,-200.0,-200.0,-200.0,-200,-200.0,193.43209838867188,S
135,A08,-61.661378,-200.0,-69.68652,-63.443825,-70.15194,-70.04692,-71.22789,-70.26121,-200.0,-200.0,-200.0,-200.0,-200.0,-200.0,-200.0,-200.0,-200,-200.0,-200.0,-200.0,-200,-200.0,193.43209838867188,S
136,A08,-58.613487,-200.0,-69.52527,-63.46816,-70.45161,-66.697044,-71.25794,-70.93197,-200.0,-200.0,-200.0,-200.0,-200.0,-200.0,-200.0,-200.0,-200,-200.0,-200.0,-200.0,-200,-200.0,194.44253540039065,S
137,A08,-58.71788,-200.0,-69.37108,-63.49143,-70.384895,-66.7103,-200.0,-70.599724,-71.329185,-200.0,-200.0,-200.0,-200.0,-200.0,-200.0,-200.0,-200,-200.0,-200.0,-200.0,-200,-200.0,194.44253540039065,S
138,A08,-58.861446,-200.0,-65.269455,-64.29981,-70.65063,-66.81045,-71.71989,-70.879684,-200.0,-200.0,-200.0,-200.0,-200.0,-200.0,-200.0,-200.0,-200,-200.0,-200.0,-200.0,-200,-200.0,194.44253540039065,S
139,A08,-58.998734,-200.0,-69.22363,-64.29981,-70.840935,-66.94996,-71.86336,-70.92869,-200.0,-200.0,-200.0,-200.0,-200.0,-200.0,-200.0,-200.0,-200,-200.0,-200.0,-200.0,-200,-200.0,194.44253540039065,S
140,A08,-61.661378,-200.0,-69.21385,-63.60117,-71.0229,-70.04692,-72.262985,-71.15051,-200.0,-200.0,-200.0,-200.0,-200.0,-200.0,-200.0,-200.0,-200,-200.0,-200.0,-200.0,-200,-200.0,195.4546813964844,S
141,A08,-59.173756,-200.0,-69.16076,-63.66236,-71.503174,-67.25832,-71.25794,-70.93197,-200.0,-200.0,-200.0,-200.0,-200.0,-200.0,-200.0,-200.0,-200,-200.0,-200.0,-200.0,-200,-200.0,195.4546813964844,S
142,A08,-59.253635,-200.0,-69.06625,-63.63339,-70.384895,-67.42198,-200.0,-71.58133,-71.329185,-200.0,-200.0,-200.0,-200.0,-200.0,-200.0,-200.0,-200,-200.0,-200.0,-200.0,-200,-200.0,196.45846557617188,S
143,A08,-59.33002,-200.0,-65.269455,-64.29981,-71.69991,-67.491005,-72.92117,-71.818344,-200.0,-200.0,-200.0,-200.0,-200.0,-200.0,-200.0,-200.0,-200,-200.0,-200.0,-200.0,-200,-200.0,196.45846557617188,S
144,A08,-59.446804,-200.0,-69.063354,-64.29981,-71.88804,-67.55701,-73.14331,-72.00125,-200.0,-200.0,-200.0,-200.0,-200.0,-200.0,-200.0,-200.0,-200,-200.0,-200.0,-200.0,-200,-200.0,197.5941925048828,S
145,A08,-61.661378,-200.0,-68.97311,-63.73691,-72.02418,-70.04692,-73.355736,-72.30737,-200.0,-200.0,-200.0,-200.0,-200.0,-200.0,-200.0,-200.0,-200,-200.0,-200.0,-200.0,-200,-200.0,198.04367065429688,S
146,A08,-59.51474,-200.0,-69.01802,-63.74842,-70.384895,-67.707596,-71.25794,-70.93197,-200.0,-200.0,-200.0,-200.0,-200.0,-200.0,-200.0,-200.0,-200,-200.0,-200.0,-200.0,-200,-200.0,195.70877075195312,S
147,A08,-59.535965,-200.0,-69.10471,-63.80317,-70.384895,-67.8516,-200.0,-72.38141,-71.329185,-200.0,-200.0,-200.0,-200.0,-200.0,-200.0,-200.0,-200,-200.0,-200.0,-200.0,-200,-200.0,191.5816650390625,S
148,A08,-59.556263,-200.0,-65.269455,-63.81178,-72.11061,-67.945564,-200.0,-72.62715,-200.0,-73.48787,-200.0,-200.0,-200.0,-200.0,-200.0,-200.0,-200,-200.0,-200.0,-200.0,-200,-200.0,189.57586669921875,S
149,A08,-59.57567,-200.0,-69.275085,-64.29981,-72.41199,-68.03542,-200.0,-72.73094,-200.0,-73.37906,-200.0,-200.0,-200.0,-200.0,-200.0,-200.0,-200,-200.0,-200.0,-200.0,-200,-200.0,187.49636840820312,S
150,A08,-61.661378,-200.0,-69.17558,-63.99498,-72.70018,-70.04692,-200.0,-70.93197,-200.0,-73.275,-200.0,-200.0,-200.0,-200.0,-200.0,-200.0,-200,-200.0,-200.0,-200.0,-200,-200.0,186.19728088378903,S
151,A08,-59.681705,-200.0,-69.1679,-64.17016,-200.0,-68.033875,-71.25794,-70.93197,-200.0,-72.152095,-200.0,-200.0,-200.0,-200.0,-200.0,-200.0,-200,-200.0,-200.0,-200.0,-200,-200.0,186.19728088378903,S
152,A08,-59.739365,-200.0,-69.24803,-64.42516,-70.384895,-68.076126,-200.0,-72.873924,-71.329185,-200.0,-200.0,-200.0,-200.0,-200.0,-200.0,-200.0,-200,-200.0,-200.0,-200.0,-200,-200.0,186.19728088378903,S
153,A08,-59.88198,-200.0,-65.269455,-64.66901,-73.2792,-68.20401,-200.0,-73.01065,-200.0,-73.07844,-200.0,-200.0,-200.0,-200.0,-200.0,-200.0,-200,-200.0,-200.0,-200.0,-200,-200.0,185.1778106689453,S
154,A08,-60.105827,-200.0,-69.19345,-64.29981,-73.441956,-68.23882,-200.0,-73.360085,-200.0,-72.943794,-200.0,-200.0,-200.0,-200.0,-200.0,-200.0,-200,-200.0,-200.0,-200.0,-200,-200.0,184.1479034423828,S
155,A08,-61.661378,-200.0,-69.05378,-64.94592,-73.72882,-70.04692,-200.0,-73.95666,-200.0,-72.85878,-200.0,-200.0,-200.0,-200.0,-200.0,-200.0,-200,-200.0,-200.0,-200.0,-200,-200.0,184.1479034423828,S
156,A08,-60.18867,-200.0,-68.83274,-65.25446,-70.384895,-68.35959,-71.25794,-70.93197,-200.0,-200.0,-200.0,-200.0,-200.0,-200.0,-200.0,-200.0,-200,-200.0,-200.0,-200.0,-200,-200.0,184.1479034423828,S
157,A08,-60.267895,-200.0,-68.66511,-65.46203,-70.384895,-68.51881,-200.0,-200.0,-71.329185,-73.12738,-200.0,-200.0,-200.0,-200.0,-200.0,-200.0,-200,-200.0,-200.0,-200.0,-200,-200.0,184.1479034423828,S
158,A08,-60.343655,-200.0,-65.269455,-65.5293,-73.784424,-68.67107,-200.0,-74.04593,-200.0,-73.25302,-200.0,-200.0,-200.0,-200.0,-200.0,-200.0,-200,-200.0,-200.0,-200.0,-200,-200.0,185.1527404785156,S
159,A08,-60.372364,-200.0,-68.50481,-64.29981,-73.79385,-68.81666,-200.0,-74.04392,-200.0,-73.19822,-200.0,-200.0,-200.0,-200.0,-200.0,-200.0,-200,-200.0,-200.0,-200.0,-200,-200.0,185.13153076171875,S
160,A08,-61.661378,-200.0,-68.395256,-65.54988,-73.84661,-70.04692,-200.0,-70.93197,-200.0,-73.058334,-200.0,-200.0,-200.0,-200.0,-200.0,-200.0,-200,-200.0,-200.0,-200.0,-200,-200.0,184.0458221435547,S
161,A08,-60.53102,-200.0,-68.334236,-65.613304,-70.384895,-68.868416,-71.25794,-70.93197,-200.0,-200.0,-200.0,-200.0,-200.0,-200.0,-200.0,-200.0,-200,-200.0,-200.0,-200.0,-200,-200.0,177.8118133544922,S
162,A08,-60.507797,-200.0,-68.27588,-65.76143,-70.384895,-68.91791,-200.0,-200.0,-71.329185,-72.8371,-200.0,-200.0,-200.0,-200.0,-200.0,-200.0,-200,-200.0,-200.0,-200.0,-200,-200.0,182.31121826171875,S
163,A08,-60.6168,-200.0,-65.269455,-66.03429,-73.80958,-68.96523,-200.0,-74.38241,-200.0,-72.71301,-200.0,-200.0,-200.0,-200.0,-200.0,-200.0,-200,-200.0,-200.0,-200.0,-200,-200.0,182.9381256103516,S
164,A08,-60.677296,-200.0,-68.35129,-64.29981,-73.81791,-68.96676,-200.0,-74.453156,-200.0,-72.59436,-200.0,-200.0,-200.0,-200.0,-200.0,-200.0,-200,-200.0,-200.0,-200.0,-200,-200.0,183.0398406982422,S
165,A08,-61.661378,-200.0,-68.33592,-65.94531,-73.782135,-70.04692,-200.0,-74.608284,-200.0,-72.43716,-200.0,-200.0,-200.0,-200.0,-200.0,-200.0,-200,-200.0,-200.0,-200.0,-200,-200.0,184.0570373535156,S
166,A08,-60.82262,-200.0,-68.45244,-65.90397,-70.384895,-68.96821,-71.25794,-70.93197,-200.0,-200.0,-200.0,-200.0,-200.0,-200.0,-200.0,-200.0,-200,-200.0,-200.0,-200.0,-200,-200.0,184.0570373535156,S
167,A08,-60.91785,-200.0,-68.47639,-65.8207,-70.384895,-69.01333,-200.0,-200.0,-71.329185,-72.41804,-200.0,-200.0,-200.0,-200.0,-200.0,-200.0,-200,-200.0,-200.0,-200.0,-200,-200.0,192.3741149902344,S
168,A08,-61.00892,-200.0,-65.269455,-64.29981,-73.61671,-69.01274,-200.0,-74.811005,-200.0,-72.35602,-200.0,-200.0,-200.0,-200.0,-200.0,-200.0,-200,-200.0,-200.0,-200.0,-200,-200.0,191.17510986328125,S
169,A08,-61.314682,-74.664795,-68.32434,-64.29981,-73.546,-68.83724,-200.0,-200.0,-200.0,-72.296715,-200.0,-200.0,-200.0,-200.0,-200.0,-200.0,-200,-200.0,-200.0,-200.0,-200,-200.0,201.40655517578125,S
170,A08,-61.661378,-200.0,-68.22268,-65.784805,-73.52211,-70.04692,-200.0,-70.93197,-200.0,-72.196266,-200.0,-200.0,-200.0,-200.0,-200.0,-200.0,-200,-200.0,-200.0,-200.0,-200,-200.0,199.2155914306641,S
171,A08,-61.47586,-200.0,-68.169205,-65.79422,-70.384895,-68.80062,-71.25794,-70.93197,-200.0,-200.0,-200.0,-200.0,-200.0,-200.0,-200.0,-200.0,-200,-200.0,-200.0,-200.0,-200,-200.0,198.2052154541016,S
172,A08,-61.67373,-200.0,-68.161804,-65.803215,-70.384895,-68.76561,-200.0,-200.0,-71.329185,-72.10021,-200.0,-200.0,-200.0,-200.0,-200.0,-200.0,-200,-200.0,-200.0,-200.0,-200,-200.0,185.47830200195312,S
173,A08,-61.687996,-74.21407,-65.269455,-65.81182,-73.543015,-68.775856,-200.0,-200.0,-200.0,-71.87715,-200.0,-200.0,-200.0,-200.0,-200.0,-200.0,-200,-200.0,-200.0,-200.0,-200,-200.0,168.1585693359375,S
174,A08,-61.657906,-74.423386,-67.97979,-64.29981,-73.60674,-68.78566,-200.0,-200.0,-200.0,-71.66385,-200.0,-200.0,-200.0,-200.0,-200.0,-200.0,-200,-200.0,-200.0,-200.0,-200,-200.0,164.98434448242188,S
175,A08,-61.661378,-200.0,-67.71826,-66.30115,-73.71142,-70.04692,-200.0,-74.7179,-200.0,-71.3724,-200.0,-200.0,-200.0,-200.0,-200.0,-200.0,-200,-200.0,-200.0,-200.0,-200,-200.0,160.6870880126953,S
176,A08,-61.54166,-200.0,-67.5119,-66.33172,-200.0,-68.88251,-71.25794,-70.93197,-200.0,-72.152095,-200.0,-200.0,-200.0,-200.0,-200.0,-200.0,-200,-200.0,-200.0,-200.0,-200,-200.0,163.98326110839844,S
177,A08,-61.605442,-200.0,-67.31457,-66.49216,-70.384895,-68.84391,-200.0,-200.0,-71.329185,-71.53105,-200.0,-200.0,-200.0,-200.0,-200.0,-200.0,-200,-200.0,-200.0,-200.0,-200,-200.0,161.63275146484375,S
178,A08,-61.6227,-200.0,-65.269455,-66.908,-73.7342,-68.76327,-74.65033,-200.0,-200.0,-71.63904,-200.0,-200.0,-200.0,-200.0,-200.0,-200.0,-200,-200.0,-200.0,-200.0,-200,-200.0,157.92453002929688,S
179,A08,-61.682938,-200.0,-67.34455,-64.29981,-73.658356,-68.77362,-74.359474,-200.0,-200.0,-71.52361,-200.0,-200.0,-200.0,-200.0,-200.0,-200.0,-200,-200.0,-200.0,-200.0,-200,-200.0,169.89845275878906,S
180,A08,-61.661378,-200.0,-67.24201,-66.82455,-73.54208,-70.04692,-200.0,-70.93197,-200.0,-71.45698,-200.0,-200.0,-200.0,-200.0,-200.0,-200.0,-200,-200.0,-200.0,-200.0,-200,-200.0,196.9379425048828,S
181,A08,-61.565598,-200.0,-67.23143,-66.61354,-70.384895,-69.04594,-71.25794,-70.93197,-200.0,-200.0,-200.0,-200.0,-200.0,-200.0,-200.0,-200.0,-200,-200.0,-200.0,-200.0,-200,-200.0,188.9115295410156,S
182,A08,-61.584595,-200.0,-67.265045,-66.4555,-200.0,-69.30634,-74.20708,-200.0,-71.329185,-71.52446,-200.0,-200.0,-200.0,-200.0,-200.0,-200.0,-200,-200.0,-200.0,-200.0,-200,-200.0,185.56051635742188,S
183,A08,-61.515293,-200.0,-65.269455,-66.34811,-74.24279,-69.64282,-74.24175,-200.0,-200.0,-71.45779,-200.0,-200.0,-200.0,-200.0,-200.0,-200.0,-200,-200.0,-200.0,-200.0,-200,-200.0,203.3366241455078,S
184,A08,-61.44902,-200.0,-67.38466,-64.29981,-74.1447,-70.04692,-74.18745,-200.0,-200.0,-71.30656,-200.0,-200.0,-200.0,-200.0,-200.0,-200.0,-200,-200.0,-200.0,-200.0,-200,-200.0,223.98802185058597,S
185,A08,-61.661378,-200.0,-67.45531,-66.33288,-74.007164,-70.04692,-74.091774,-200.0,-200.0,-71.07447,-200.0,-200.0,-200.0,-200.0,-200.0,-200.0,-200,-200.0,-200.0,-200.0,-200,-200.0,200.7455902099609,S
186,A08,-61.385647,-200.0,-67.435394,-66.27458,-200.0,-70.04692,-71.25794,-70.93197,-200.0,-72.152095,-200.0,-200.0,-200.0,-200.0,-200.0,-200.0,-200,-200.0,-200.0,-200.0,-200,-200.0,186.5740509033203,S
187,A08,-61.325047,-200.0,-67.32889,-66.21884,-70.384895,-69.61471,-200.0,-200.0,-71.329185,-70.8088,-200.0,-200.0,-200.0,-200.0,-200.0,-200.0,-200,-200.0,-200.0,-200.0,-200,-200.0,195.32205200195312,S
188,A08,-61.267094,-200.0,-65.269455,-66.34048,-73.966644,-69.50035,-200.0,-200.0,-73.70931,-70.51102,-200.0,-200.0,-200.0,-200.0,-200.0,-200.0,-200,-200.0,-200.0,-200.0,-200,-200.0,194.29025268554688,S
189,A08,-61.605293,-200.0,-67.1833,-64.29981,-73.96811,-69.69714,-200.0,-200.0,-73.37214,-70.18252,-200.0,-200.0,-200.0,-200.0,-200.0,-200.0,-200,-200.0,-200.0,-200.0,-200,-200.0,193.25962829589844,S
190,A08,-61.661378,-200.0,-67.00034,-66.15064,-73.925766,-70.04692,-200.0,-200.0,-73.09345,-69.868385,-200.0,-200.0,-200.0,-200.0,-200.0,-200.0,-200,-200.0,-200.0,-200.0,-200,-200.0,195.5916748046875,S
191,A08,-61.57882,-200.0,-66.86912,-66.01285,-200.0,-69.92906,-71.25794,-70.93197,-200.0,-72.152095,-200.0,-200.0,-200.0,-200.0,-200.0,-200.0,-200,-200.0,-200.0,-200.0,-200,-200.0,195.6776428222656,S
192,A08,-61.597237,-200.0,-66.91858,-65.74987,-70.384895,-70.06337,-200.0,-200.0,-71.329185,-69.524254,-200.0,-200.0,-200.0,-200.0,-200.0,-200.0,-200,-200.0,-200.0,-200.0,-200,-200.0,202.47103881835935,S
193,A08,-61.439907,-200.0,-65.269455,-65.54213,-73.757164,-69.97313,-200.0,-200.0,-72.703316,-69.282646,-200.0,-200.0,-200.0,-200.0,-200.0,-200.0,-200,-200.0,-200.0,-200.0,-200,-200.0,199.388427734375,S
194,A08,-61.28946,-200.0,-67.57817,-64.29981,-200.0,-69.8431,-73.94214,-200.0,-72.49761,-69.051605,-200.0,-200.0,-200.0,-200.0,-200.0,-200.0,-200,-200.0,-200.0,-200.0,-200,-200.0,194.2928466796875,S
195,A08,-61.661378,-200.0,-67.77156,-65.43095,-200.0,-70.04692,-200.0,-70.93197,-72.34464,-69.04935,-200.0,-200.0,-200.0,-200.0,-200.0,-200.0,-200,-200.0,-200.0,-200.0,-200,-200.0,190.7445068359375,S
196,A08,-61.408005,-200.0,-67.82529,-65.4121,-70.384895,-69.8937,-71.25794,-70.93197,-200.0,-200.0,-200.0,-200.0,-200.0,-200.0,-200.0,-200.0,-200,-200.0,-200.0,-200.0,-200,-200.0,197.1367645263672,S
197,A08,-61.521366,-200.0,-67.832924,-65.39408,-70.384895,-69.854614,-200.0,-200.0,-71.329185,-68.95972,-200.0,-200.0,-200.0,-200.0,-200.0,-200.0,-200,-200.0,-200.0,-200.0,-200,-200.0,199.42593383789065,S
198,A08,-61.717243,-200.0,-65.269455,-64.29981,-200.0,-69.773506,-200.0,-73.94986,-72.69347,-68.96148,-200.0,-200.0,-200.0,-200.0,-200.0,-200.0,-200,-200.0,-200.0,-200.0,-200,-200.0,193.94113159179688,S
199,A08,-61.90455,-200.0,-67.53408,-64.29981,-200.0,-70.04692,-200.0,-73.82085,-72.57567,-69.05064,-200.0,-200.0,-200.0,-200.0,-200.0,-200.0,-200,-200.0,-200.0,-200.0,-200,-200.0,193.04698181152344,S
200,A08,-61.661378,-200.0,-67.24831,-65.46432,-200.0,-70.04692,-200.0,-73.91615,-72.50675,-69.17963,-200.0,-200.0,-200.0,-200.0,-200.0,-200.0,-200,-200.0,-200.0,-200.0,-200,-200.0,199.6863555908203,S
201,A08,-62.03993,-200.0,-67.06251,-65.61895,-70.384895,-69.91462,-71.25794,-70.93197,-200.0,-200.0,-200.0,-200.0,-200.0,-200.0,-200.0,-200.0,-200,-200.0,-200.0,-200.0,-200,-200.0,199.80284118652344,S
202,A08,-61.86324,-200.0,-66.928566,-65.72308,-200.0,-69.91835,-200.0,-73.87608,-71.329185,-72.152095,-200.0,-200.0,-200.0,-200.0,-200.0,-200.0,-200,-200.0,-200.0,-200.0,-200,-200.0,192.8416748046875,S
203,A08,-61.650543,-200.0,-65.269455,-64.29981,-200.0,-69.87818,-200.0,-73.70656,-72.5033,-69.040565,-200.0,-200.0,-200.0,-200.0,-200.0,-200.0,-200,-200.0,-200.0,-200.0,-200,-200.0,185.68089294433597,S
204,A08,-61.44715,-200.0,-66.80048,-64.29981,-200.0,-70.04692,-200.0,-73.58819,-72.48129,-68.951324,-200.0,-200.0,-200.0,-200.0,-200.0,-200.0,-200,-200.0,-200.0,-200.0,-200,-200.0,191.83702087402344,S
205,A08,-61.661378,-200.0,-66.72174,-65.56025,-200.0,-70.04692,-200.0,-73.51873,-72.67892,-68.86599,-200.0,-200.0,-200.0,-200.0,-200.0,-200.0,-200,-200.0,-200.0,-200.0,-200,-200.0,188.2977600097656,S
206,A08,-61.296387,-200.0,-66.64644,-65.40454,-70.384895,-69.752304,-71.25794,-70.93197,-200.0,-200.0,-200.0,-200.0,-200.0,-200.0,-200.0,-200.0,-200,-200.0,-200.0,-200.0,-200,-200.0,184.6101226806641,S
207,A08,-61.195953,-200.0,-66.836845,-65.47432,-200.0,-69.67567,-200.0,-73.80219,-71.329185,-68.82812,-200.0,-200.0,-200.0,-200.0,-200.0,-200.0,-200,-200.0,-200.0,-200.0,-200,-200.0,189.91387939453125,S
208,A08,-61.14365,-200.0,-65.269455,-64.29981,-74.023834,-69.64612,-200.0,-200.0,-72.911674,-68.74817,-200.0,-200.0,-200.0,-200.0,-200.0,-200.0,-200,-200.0,-200.0,-200.0,-200,-200.0,188.9058074951172,S
209,A08,-61.137367,-200.0,-66.88772,-64.29981,-200.0,-69.399185,-200.0,-73.89703,-72.828064,-68.759186,-200.0,-200.0,-200.0,-200.0,-200.0,-200.0,-200,-200.0,-200.0,-200.0,-200,-200.0,191.88417053222656,S
210,A08,-61.661378,-200.0,-66.9801,-65.58478,-200.0,-70.04692,-200.0,-73.945274,-72.79185,-68.68224,-200.0,-200.0,-200.0,-200.0,-200.0,-200.0,-200,-200.0,-200.0,-200.0,-200,-200.0,194.0398406982422,S
211,A08,-61.13136,-200.0,-66.98097,-65.99656,-70.384895,-69.20679,-71.25794,-70.93197,-200.0,-200.0,-200.0,-200.0,-200.0,-200.0,-200.0,-200.0,-200,-200.0,-200.0,-200.0,-200,-200.0,198.4096221923828,S
212,A08,-60.994408,-200.0,-66.85059,-66.34659,-70.384895,-69.15401,-200.0,-200.0,-71.329185,-68.47747,-200.0,-200.0,-200.0,-200.0,-200.0,-200.0,-200,-200.0,-200.0,-200.0,-200,-200.0,197.38400268554688,S
213,A08,-60.86345,-200.0,-65.269455,-66.24396,-73.67096,-69.23474,-200.0,-200.0,-73.43891,-68.28165,-200.0,-200.0,-200.0,-200.0,-200.0,-200.0,-200,-200.0,-200.0,-200.0,-200,-200.0,195.3125915527344,S
214,A08,-60.781948,-200.0,-66.63846,-64.29981,-73.29173,-69.355675,-200.0,-200.0,-73.50718,-68.13812,-200.0,-200.0,-200.0,-200.0,-200.0,-200.0,-200,-200.0,-200.0,-200.0,-200,-200.0,196.36782836914065,S
215,A08,-61.661378,-200.0,-66.43559,-66.320755,-73.191505,-70.04692,-200.0,-200.0,-73.52873,-68.00088,-200.0,-200.0,-200.0,-200.0,-200.0,-200.0,-200,-200.0,-200.0,-200.0,-200,-200.0,197.49127197265625,S
216,A08,-60.878956,-200.0,-66.28534,-66.394196,-70.384895,-69.64626,-71.25794,-70.93197,-200.0,-200.0,-200.0,-200.0,-200.0,-200.0,-200.0,-200.0,-200,-200.0,-200.0,-200.0,-200,-200.0,198.5156707763672,S
217,A08,-60.88425,-200.0,-66.141655,-66.464424,-73.051926,-69.705475,-200.0,-200.0,-71.329185,-68.00084,-200.0,-200.0,-200.0,-200.0,-200.0,-200.0,-200,-200.0,-200.0,-200.0,-200,-200.0,198.5156707763672,S
218,A08,-60.889313,-200.0,-65.269455,-64.29981,-72.87471,-69.63088,-200.0,-200.0,-73.57096,-67.95706,-200.0,-200.0,-200.0,-200.0,-200.0,-200.0,-200,-200.0,-200.0,-200.0,-200,-200.0,198.5156707763672,S
219,A08,-60.850418,-200.0,-65.96052,-66.57532,-72.705246,-70.04692,-200.0,-200.0,-73.58972,-67.87147,-200.0,-200.0,-200.0,-200.0,-200.0,-200.0,-200,-200.0,-200.0,-200.0,-200,-200.0,199.5387725830078,S
220,A08,-61.661378,-200.0,-65.7873,-66.462685,-72.5432,-70.04692,-200.0,-200.0,-73.563934,-67.74589,-200.0,-200.0,-200.0,-200.0,-200.0,-200.0,-200,-200.0,-200.0,-200.0,-200,-200.0,198.5019378662109,S
221,A08,-60.81323,-200.0,-65.62166,-66.31124,-70.384895,-69.69076,-71.25794,-70.93197,-200.0,-200.0,-200.0,-200.0,-200.0,-200.0,-200.0,-200.0,-200,-200.0,-200.0,-200.0,-200,-200.0,199.5123291015625,S
222,A08,-60.77766,-200.0,-65.63821,-65.991486,-70.384895,-69.83549,-200.0,-200.0,-71.329185,-67.6258,-200.0,-200.0,-200.0,-200.0,-200.0,-200.0,-200,-200.0,-200.0,-200.0,-200,-200.0,198.06918334960935,S
223,A08,-60.612446,-200.0,-65.269455,-64.29981,-72.65064,-69.97389,-200.0,-200.0,-73.34075,-67.51096,-200.0,-200.0,-200.0,-200.0,-200.0,-200.0,-200,-200.0,-200.0,-200.0,-200,-200.0,199.658447265625,S
224,A08,-60.49819,-200.0,-65.52283,-64.29981,-72.53472,-70.10624,-200.0,-200.0,-73.19465,-67.48862,-200.0,-200.0,-200.0,-200.0,-200.0,-200.0,-200,-200.0,-200.0,-200.0,-200,-200.0,195.52047729492188,S
225,A08,-61.661378,-200.0,-65.36876,-65.77318,-72.336395,-70.04692,-200.0,-200.0,-73.317345,-67.51098,-200.0,-200.0,-200.0,-200.0,-200.0,-200.0,-200,-200.0,-200.0,-200.0,-200,-200.0,193.5907287597656,S
226,A08,-60.476402,-200.0,-65.3089,-65.65189,-70.384895,-70.01413,-71.25794,-70.93197,-200.0,-200.0,-200.0,-200.0,-200.0,-200.0,-200.0,-200.0,-200,-200.0,-200.0,-200.0,-200,-200.0,191.4864501953125,S
227,A08,-60.45557,-200.0,-65.33913,-65.84206,-70.384895,-69.83857,-200.0,-200.0,-71.329185,-67.79478,-200.0,-200.0,-200.0,-200.0,-200.0,-200.0,-200,-200.0,-200.0,-200.0,-200,-200.0,192.55328369140625,S
228,A08,-60.566853,-200.0,-65.269455,-64.29981,-72.190475,-69.9331,-200.0,-200.0,-73.930916,-68.02243,-200.0,-200.0,-200.0,-200.0,-200.0,-200.0,-200,-200.0,-200.0,-200.0,-200,-200.0,192.49673461914065,S
229,A08,-60.935677,-200.0,-65.324295,-64.29981,-72.09467,-70.1547,-200.0,-200.0,-74.24008,-68.19639,-200.0,-200.0,-200.0,-200.0,-200.0,-200.0,-200,-200.0,-200.0,-200.0,-200,-200.0,193.88247680664065,S
230,A08,-61.661378,-200.0,-65.35384,-65.80522,-71.95933,-70.04692,-200.0,-74.56766,-200.0,-68.40647,-200.0,-200.0,-200.0,-200.0,-200.0,-200.0,-200,-200.0,-200.0,-200.0,-200,-200.0,190.1616668701172,S
231,A08,-60.67608,-200.0,-65.42584,-65.72627,-70.384895,-70.235405,-71.25794,-70.93197,-200.0,-200.0,-200.0,-200.0,-200.0,-200.0,-200.0,-200.0,-200,-200.0,-200.0,-200.0,-200,-200.0,190.1616668701172,S
232,A08,-60.55904,-200.0,-65.49468,-65.65077,-70.384895,-70.0939,-200.0,-200.0,-71.329185,-68.65111,-200.0,-200.0,-200.0,-200.0,-200.0,-200.0,-200,-200.0,-200.0,-200.0,-200,-200.0,191.21109008789065,S
233,A08,-60.578327,-200.0,-65.269455,-64.29981,-71.78617,-70.00232,-200.0,-200.0,-200.0,-68.88505,-200.0,-200.0,-74.16891,-200.0,-200.0,-200.0,-200,-200.0,-200.0,-200.0,-200,-200.0,191.21109008789065,S
234,A08,-60.902916,-200.0,-65.56052,-64.29981,-71.62058,-70.00221,-200.0,-74.618195,-200.0,-69.06502,-200.0,-200.0,-200.0,-200.0,-200.0,-200.0,-200,-200.0,-200.0,-200.0,-200,-200.0,193.272216796875,S
235,A08,-61.661378,-200.0,-65.667206,-65.491104,-71.505974,-70.04692,-200.0,-200.0,-200.0,-69.237114,-200.0,-200.0,-74.511406,-200.0,-200.0,-200.0,-200,-200.0,-200.0,-200.0,-200,-200.0,188.19171142578125,S
236,A08,-60.994633,-200.0,-65.856705,-65.38216,-70.384895,-70.177055,-71.25794,-70.93197,-200.0,-200.0,-200.0,-200.0,-200.0,-200.0,-200.0,-200.0,-200,-200.0,-200.0,-200.0,-200,-200.0,111.99181365966795,E
237,A08,-60.994865,-200.0,-65.775505,-65.14677,-70.384895,-70.34425,-200.0,-200.0,-71.329185,-69.095535,-200.0,-200.0,-200.0,-200.0,-200.0,-200.0,-200,-200.0,-200.0,-200.0,-200,-200.0,105.89679718017578,E
238,A08,-60.951355,-200.0,-65.269455,-65.09661,-71.746254,-70.24173,-200.0,-200.0,-200.0,-69.00389,-200.0,-200.0,-74.10498,-200.0,-200.0,-200.0,-200,-200.0,-200.0,-200.0,-200,-200.0,94.77536010742188,E
239,A08,-61.661378,-200.0,-65.785324,-64.29981,-71.582405,-70.09995,-73.88889,-200.0,-200.0,-68.91625,-200.0,-200.0,-200.0,-200.0,-200.0,-200.0,-200,-200.0,-200.0,-200.0,-200,-200.0,103.1925811767578,E
240,A08,-61.661378,-200.0,-65.75098,-64.78624,-71.64441,-70.04692,-73.80628,-200.0,-200.0,-72.152095,-200.0,-200.0,-200.0,-200.0,-200.0,-200.0,-200,-200.0,-200.0,-200.0,-200,-200.0,101.12305450439452,E
241,A08,-61.661378,-200.0,-65.76187,-64.4457,-71.87864,-70.92655,-71.25794,-70.93197,-200.0,-200.0,-200.0,-200.0,-200.0,-200.0,-200.0,-200.0,-200,-200.0,-200.0,-200.0,-200,-200.0,107.88599395751952,E
242,A08,-61.215893,-200.0,-65.81602,-64.38248,-72.190094,-71.060974,-200.0,-200.0,-71.329185,-69.007385,-200.0,-200.0,-200.0,-200.0,-200.0,-200.0,-200,-200.0,-200.0,-200.0,-200,-200.0,124.04952239990234,E
243,A08,-61.381393,-200.0,-65.269455,-64.29981,-72.35672,-71.058304,-73.14222,-200.0,-200.0,-69.0508,-200.0,-200.0,-200.0,-200.0,-200.0,-200.0,-200,-200.0,-200.0,-200.0,-200,-200.0,105.12142181396484,E
244,A08,-61.661378,-200.0,-65.91154,-64.29981,-72.60353,-70.924545,-72.96106,-200.0,-200.0,-69.004845,-200.0,-200.0,-200.0,-200.0,-200.0,-200.0,-200,-200.0,-200.0,-200.0,-200,-200.0,106.0560073852539,E
245,A08,-61.661378,-200.0,-65.87167,-64.62816,-73.01449,-70.04692,-72.78783,-200.0,-200.0,-69.00463,-200.0,-200.0,-200.0,-200.0,-200.0,-200.0,-200,-200.0,-200.0,-200.0,-200,-200.0,106.0560073852539,E
246,A08,-61.627125,-200.0,-65.83356,-64.8631,-70.384895,-70.84037,-71.25794,-70.93197,-200.0,-200.0,-200.0,-200.0,-200.0,-200.0,-200.0,-200.0,-200,-200.0,-200.0,-200.0,-200,-200.0,103.99452209472656,E
247,A08,-61.862106,-200.0,-65.797104,-65.0003,-70.384895,-70.89109,-200.0,-200.0,-71.329185,-68.91696,-200.0,-200.0,-200.0,-200.0,-200.0,-200.0,-200,-200.0,-200.0,-200.0,-200,-200.0,97.82669067382812,E
248,A08,-62.086815,-200.0,-65.269455,-64.86908,-73.05759,-70.67718,-72.42193,-200.0,-200.0,-68.70191,-200.0,-200.0,-200.0,-200.0,-200.0,-200.0,-200,-200.0,-200.0,-200.0,-200,-200.0,104.9889678955078,E
249,A08,-61.661378,-200.0,-66.1996,-64.29981,-73.05507,-70.04692,-72.1848,-200.0,-200.0,-68.54001,-200.0,-200.0,-200.0,-200.0,-200.0,-200.0,-200,-200.0,-200.0,-200.0,-200,-200.0,104.9889678955078,E
250,A08,-61.661378,-200.0,-66.49702,-64.524925,-73.05266,-70.04692,-71.91431,-200.0,-200.0,-69.084946,-200.0,-200.0,-200.0,-200.0,-200.0,-200.0,-200,-200.0,-200.0,-200.0,-200,-200.0,107.06531524658205,E
251,A08,-62.301697,-200.0,-66.91263,-64.19582,-200.0,-70.60383,-71.25794,-70.93197,-71.329185,-200.0,-200.0,-200.0,-200.0,-200.0,-200.0,-200.0,-200,-200.0,-200.0,-200.0,-200,-200.0,107.06531524658205,E
252,A08,-62.46344,-200.0,-67.31007,-63.837376,-70.384895,-70.489944,-200.0,-200.0,-71.329185,-68.90629,-200.0,-200.0,-200.0,-200.0,-200.0,-200.0,-200,-200.0,-200.0,-200.0,-200,-200.0,106.06136322021484,E
253,A08,-62.661846,-200.0,-65.269455,-63.494606,-200.0,-70.51225,-71.623146,-73.13368,-200.0,-68.77918,-200.0,-200.0,-200.0,-200.0,-200.0,-200.0,-200,-200.0,-200.0,-200.0,-200,-200.0,161.9140167236328,S
254,A08,-61.661378,-200.0,-65.269455,-64.29981,-200.0,-70.66479,-71.683365,-73.0841,-200.0,-68.78884,-200.0,-200.0,-200.0,-200.0,-200.0,-200.0,-200,-200.0,-200.0,-200.0,-200,-200.0,185.6549530029297,S
255,A08,-61.661378,-200.0,-67.165306,-63.516712,-200.0,-70.04692,-71.872154,-73.2991,-200.0,-68.75434,-200.0,-200.0,-200.0,-200.0,-200.0,-200.0,-200,-200.0,-200.0,-200.0,-200,-200.0,182.3396453857422,S
256,A08,-62.807842,-200.0,-66.98314,-63.319176,-70.384895,-70.59198,-71.25794,-70.93197,-200.0,-200.0,-200.0,-200.0,-200.0,-200.0,-200.0,-200.0,-200,-200.0,-200.0,-200.0,-200,-200.0,181.41683959960935,S
257,A08,-62.77251,-200.0,-66.7652,-63.08654,-200.0,-70.653564,-71.702805,-200.0,-71.329185,-68.67761,-200.0,-200.0,-200.0,-200.0,-200.0,-200.0,-200,-200.0,-200.0,-200.0,-200,-200.0,175.86647033691406,S
258,A08,-62.738724,-200.0,-65.269455,-64.29981,-73.14458,-70.84366,-71.672066,-200.0,-200.0,-68.60424,-200.0,-200.0,-200.0,-200.0,-200.0,-200.0,-200,-200.0,-200.0,-200.0,-200,-200.0,173.84324645996094,S
259,A08,-61.661378,-200.0,-66.687996,-62.864082,-72.91958,-71.11291,-71.77388,-200.0,-200.0,-68.53407,-200.0,-200.0,-200.0,-200.0,-200.0,-200.0,-200,-200.0,-200.0,-200.0,-200,-200.0,173.84324645996094,S
260,A08,-61.661378,-200.0,-66.5267,-62.651352,-72.70442,-70.04692,-71.608826,-200.0,-200.0,-68.46698,-200.0,-200.0,-200.0,-200.0,-200.0,-200.0,-200,-200.0,-200.0,-200.0,-200,-200.0,171.76449584960938,S
261,A08,-62.750153,-200.0,-66.32872,-62.622864,-70.384895,-71.1517,-71.25794,-70.93197,-200.0,-200.0,-200.0,-200.0,-200.0,-200.0,-200.0,-200.0,-200,-200.0,-200.0,-200.0,-200,-200.0,171.76449584960938,S
262,A08,-62.717346,-200.0,-66.44555,-62.508152,-70.384895,-71.188805,-200.0,-200.0,-71.329185,-68.57776,-200.0,-200.0,-200.0,-200.0,-200.0,-200.0,-200,-200.0,-200.0,-200.0,-200,-200.0,171.76449584960938,S
263,A08,-62.685974,-200.0,-65.269455,-62.310986,-72.49867,-71.31175,-71.51491,-200.0,-200.0,-68.68369,-200.0,-200.0,-200.0,-200.0,-200.0,-200.0,-200,-200.0,-200.0,-200.0,-200,-200.0,174.25743103027344,S
264,A08,-62.655975,-200.0,-66.601006,-64.29981,-72.170715,-71.51679,-71.44865,-200.0,-200.0,-68.697525,-200.0,-200.0,-200.0,-200.0,-200.0,-200.0,-200,-200.0,-200.0,-200.0,-200,-200.0,218.90496826171875,S
265,A08,-61.661378,-200.0,-66.53098,-62.297382,-71.90084,-70.04692,-71.25409,-200.0,-200.0,-68.62328,-200.0,-200.0,-200.0,-200.0,-200.0,-200.0,-200,-200.0,-200.0,-200.0,-200,-200.0,249.0208282470703,W
266,A08,-63.020905,-200.0,-66.63897,-62.240643,-70.384895,-71.23178,-71.25794,-70.93197,-200.0,-200.0,-200.0,-200.0,-200.0,-200.0,-200.0,-200.0,-200,-200.0,-200.0,-200.0,-200,-200.0,257.4296569824219,W
267,A08,-63.063725,-200.0,-66.785965,-62.230118,-70.384895,-70.959236,-70.98057,-200.0,-200.0,-68.8147,-200.0,-200.0,-200.0,-200.0,-200.0,-200.0,-200,-200.0,-200.0,-200.0,-200,-200.0,251.7672882080078,W
268,A08,-63.0172,-200.0,-65.269455,-62.30752,-200.0,-70.6986,-70.76274,-71.64871,-200.0,-69.04147,-200.0,-200.0,-200.0,-200.0,-200.0,-200.0,-200,-200.0,-200.0,-200.0,-200,-200.0,254.93675231933597,W
269,A08,-61.661378,-200.0,-65.269455,-64.29981,-200.0,-70.40564,-70.641914,-71.27046,-200.0,-69.47701,-200.0,-200.0,-200.0,-200.0,-200.0,-200.0,-200,-200.0,-200.0,-200.0,-200,-200.0,255.16575622558597,W
270,A08,-61.661378,-200.0,-67.10147,-62.337807,-71.844536,-70.04692,-70.613846,-70.952484,-200.0,-200.0,-200.0,-200.0,-200.0,-200.0,-200.0,-200.0,-200,-200.0,-200.0,-200.0,-200,-200.0,255.16575622558597,W
271,A08,-63.060184,-200.0,-67.40318,-62.366768,-70.384895,-70.12549,-71.25794,-70.93197,-200.0,-200.0,-200.0,-200.0,-200.0,-200.0,-200.0,-200.0,-200,-200.0,-200.0,-200.0,-200,-200.0,255.16575622558597,W
272,A08,-63.101288,-200.0,-67.604225,-62.350727,-200.0,-69.90132,-70.28085,-70.692154,-200.0,-70.11218,-200.0,-200.0,-200.0,-200.0,-200.0,-200.0,-200,-200.0,-200.0,-200.0,-200,-200.0,287.34454345703125,W
273,A08,-63.05312,-200.0,-65.269455,-64.29981,-200.0,-69.686966,-70.1811,-70.44321,-200.0,-70.41342,-200.0,-200.0,-200.0,-200.0,-200.0,-200.0,-200,-200.0,-200.0,-200.0,-200,-200.0,333.0542907714844,N
274,A08,-63.182003,-200.0,-67.18418,-64.29981,-200.0,-69.52571,-70.08571,-70.46756,-200.0,-70.788956,-200.0,-200.0,-200.0,-200.0,-200.0,-200.0,-200,-200.0,-200.0,-200.0,-200,-200.0,346.7008972167969,N
275,A08,-61.661378,-200.0,-66.91372,-62.597797,-200.0,-70.04692,-69.81955,-70.490845,-200.0,-71.1918,-200.0,-200.0,-200.0,-200.0,-200.0,-200.0,-200,-200.0,-200.0,-200.0,-200,-200.0,347.757080078125,N
276,A08,-63.086575,-200.0,-66.74255,-62.79033,-70.384895,-69.458984,-71.25794,-70.93197,-200.0,-200.0,-200.0,-200.0,-200.0,-200.0,-200.0,-200.0,-200,-200.0,-200.0,-200.0,-200,-200.0,348.7611694335937,N
277,A08,-62.99532,-200.0,-66.40393,-62.843235,-70.384895,-69.39517,-70.5272,-70.425644,-200.0,-200.0,-200.0,-200.0,-200.0,-200.0,-200.0,-200.0,-200,-200.0,-200.0,-200.0,-200,-200.0,348.7611694335937,N
278,A08,-62.995525,-200.0,-65.269455,-64.29981,-200.0,-69.33415,-70.766556,-70.36329,-200.0,-71.856026,-200.0,-200.0,-200.0,-200.0,-200.0,-200.0,-200,-200.0,-200.0,-200.0,-200,-200.0,348.7611694335937,N
279,A08,-62.864513,-200.0,-66.2988,-64.29981,-71.843735,-69.31954,-70.733025,-70.303665,-200.0,-200.0,-200.0,-200.0,-200.0,-200.0,-200.0,-200.0,-200,-200.0,-200.0,-200.0,-200,-200.0,349.7799072265625,N
280,A08,-61.661378,-200.0,-66.154526,-62.93756,-71.8943,-70.04692,-70.70096,-70.93197,-200.0,-200.0,-200.0,-200.0,-200.0,-200.0,-200.0,-200.0,-200,-200.0,-200.0,-200.0,-200,-200.0,351.9177551269531,N
281,A08,-63.001644,-200.0,-65.92909,-62.809086,-70.384895,-69.436775,-71.25794,-70.93197,-200.0,-200.0,-200.0,-200.0,-200.0,-200.0,-200.0,-200.0,-200,-200.0,-200.0,-200.0,-200,-200.0,39.30913925170898,N
282,A08,-63.263985,-200.0,-65.71352,-62.59876,-70.384895,-69.54888,-70.58283,-70.20291,-200.0,-200.0,-200.0,-200.0,-200.0,-200.0,-200.0,-200.0,-200,-200.0,-200.0,-200.0,-200,-200.0,82.35192108154297,E
283,A08,-63.47112,-200.0,-65.269455,-62.44137,-72.07386,-69.65608,-70.42614,-70.10657,-200.0,-200.0,-200.0,-200.0,-200.0,-200.0,-200.0,-200.0,-200,-200.0,-200.0,-200.0,-200,-200.0,80.14311218261719,E
284,A08,-63.625454,-200.0,-66.03219,-62.37833,-71.983154,-69.8898,-70.32003,-70.18938,-200.0,-200.0,-200.0,-200.0,-200.0,-200.0,-200.0,-200.0,-200,-200.0,-200.0,-200.0,-200,-200.0,76.64854431152344,E
285,A08,-61.661378,-200.0,-65.899574,-62.230576,-200.0,-70.04692,-70.3935,-70.26857,-71.889496,-200.0,-200.0,-200.0,-200.0,-200.0,-200.0,-200.0,-200,-200.0,-200.0,-200.0,-200,-200.0,73.40138244628906,E
286,A08,-64.03545,-200.0,-65.685295,-62.04555,-70.384895,-69.85088,-71.25794,-70.93197,-200.0,-200.0,-200.0,-200.0,-200.0,-200.0,-200.0,-200.0,-200,-200.0,-200.0,-200.0,-200,-200.0,33.91485977172852,N
287,A08,-64.29632,-200.0,-65.392914,-61.95609,-200.0,-69.90114,-70.6387,-70.25683,-71.329185,-200.0,-200.0,-200.0,-200.0,-200.0,-200.0,-200.0,-200,-200.0,-200.0,-200.0,-200,-200.0,356.2848205566406,N
288,A08,-64.370834,-200.0,-65.269455,-62.351624,-200.0,-69.905464,-70.829445,-70.2456,-71.469246,-200.0,-200.0,-200.0,-200.0,-200.0,-200.0,-200.0,-200,-200.0,-200.0,-200.0,-200,-200.0,37.57278060913086,N
289,A08,-61.661378,-200.0,-65.11332,-64.29981,-200.0,-70.0408,-70.92438,-70.234856,-71.23005,-200.0,-200.0,-200.0,-200.0,-200.0,-200.0,-200.0,-200,-200.0,-200.0,-200.0,-200,-200.0,56.1797981262207,E
290,A08,-61.661378,-200.0,-64.75848,-62.554924,-200.0,-70.04692,-70.92768,-70.268326,-71.00131,-200.0,-200.0,-200.0,-200.0,-200.0,-200.0,-200.0,-200,-200.0,-200.0,-200.0,-200,-200.0,52.86188125610352,E
291,A08,-64.223404,-200.0,-64.55037,-62.793068,-70.384895,-69.951546,-200.0,-70.93197,-70.78258,-200.0,-200.0,-200.0,-200.0,-200.0,-200.0,-200.0,-200,-200.0,-200.0,-200.0,-200,-200.0,51.87227249145508,E
292,A08,-64.03869,-200.0,-64.395096,-63.020794,-200.0,-69.90993,-70.6247,-70.25659,-71.329185,-200.0,-200.0,-200.0,-200.0,-200.0,-200.0,-200.0,-200,-200.0,-200.0,-200.0,-200,-200.0,52.39643096923828,E
293,A08,-64.036995,-200.0,-65.269455,-63.4135,-200.0,-69.957596,-70.37871,-70.20164,-70.52968,-200.0,-200.0,-200.0,-200.0,-200.0,-200.0,-200.0,-200,-200.0,-200.0,-200.0,-200,-200.0,59.08536148071289,E
294,A08,-63.947906,-200.0,-64.290344,-64.29981,-200.0,-70.04692,-70.1872,-70.061615,-70.287834,-200.0,-200.0,-200.0,-200.0,-200.0,-200.0,-200.0,-200,-200.0,-200.0,-200.0,-200,-200.0,56.99747467041016,E
295,A08,-61.661378,-200.0,-64.14645,-63.614094,-200.0,-70.04692,-69.960335,-70.233864,-70.056564,-200.0,-200.0,-200.0,-200.0,-200.0,-200.0,-200.0,-200,-200.0,-200.0,-200.0,-200,-200.0,55.97715759277344,E
296,A08,-63.731506,-200.0,-64.008835,-63.76218,-70.384895,-70.438484,-200.0,-70.93197,-69.92288,-200.0,-200.0,-200.0,-200.0,-200.0,-200.0,-200.0,-200,-200.0,-200.0,-200.0,-200,-200.0,55.97715759277344,E
297,A08,-63.568306,-200.0,-63.789772,-63.860054,-70.384895,-70.50678,-70.049545,-70.398575,-200.0,-200.0,-200.0,-200.0,-200.0,-200.0,-200.0,-200.0,-200,-200.0,-200.0,-200.0,-200,-200.0,49.42168045043945,E
298,A08,-63.587185,-200.0,-65.269455,-64.29981,-200.0,-70.44088,-70.00364,-70.42488,-70.2324,-200.0,-200.0,-200.0,-200.0,-200.0,-200.0,-200.0,-200,-200.0,-200.0,-200.0,-200,-200.0,60.95647811889648,E
299,A08,-63.69271,-200.0,-63.667763,-64.29981,-200.0,-70.29039,-70.04722,-70.5375,-70.35344,-200.0,-200.0,-200.0,-200.0,-200.0,-200.0,-200.0,-200,-200.0,-200.0,-200.0,-200,-200.0,59.90768051147461,E
300,A08,-61.661378,-200.0,-63.507355,-64.084854,-70.43796,-70.04692,-70.17636,-200.0,-70.42545,-200.0,-200.0,-200.0,-200.0,-200.0,-200.0,-200.0,-200,-200.0,-200.0,-200.0,-200,-200.0,59.90768051147461,E
301,A08,-63.79362,-200.0,-63.397694,-64.29981,-70.384895,-70.32143,-200.0,-70.93197,-70.36311,-200.0,-200.0,-200.0,-200.0,-200.0,-200.0,-200.0,-200,-200.0,-200.0,-200.0,-200,-200.0,60.96871566772461,E
302,A08,-63.977585,-200.0,-63.29283,-64.46164,-70.37507,-70.26363,-70.16865,-70.78619,-200.0,-200.0,-200.0,-200.0,-200.0,-200.0,-200.0,-200.0,-200,-200.0,-200.0,-200.0,-200,-200.0,61.98476028442383,E
303,A08,-64.1535,-200.0,-65.269455,-64.29981,-70.18372,-70.208374,-70.07381,-200.0,-70.17229,-200.0,-200.0,-200.0,-200.0,-200.0,-200.0,-200.0,-200,-200.0,-200.0,-200.0,-200,-200.0,358.3347473144531,N
304,A08,-64.4092,-200.0,-63.454967,-64.29981,-69.91328,-70.33047,-69.851906,-200.0,-70.07728,-200.0,-200.0,-200.0,-200.0,-200.0,-200.0,-200.0,-200,-200.0,-200.0,-200.0,-200,-200.0,331.4039001464844,N
305,A08,-61.661378,-200.0,-63.653748,-64.44145,-69.65466,-70.04692,-69.72717,-200.0,-70.20511,-200.0,-200.0,-200.0,-200.0,-200.0,-200.0,-200.0,-200,-200.0,-200.0,-200.0,-200,-200.0,341.6615905761719,N
306,A08,-64.17263,-200.0,-63.975037,-64.37841,-70.384895,-70.009865,-200.0,-70.93197,-70.32734,-200.0,-200.0,-200.0,-200.0,-200.0,-200.0,-200.0,-200,-200.0,-200.0,-200.0,-200,-200.0,341.7107238769531,N
307,A08,-63.946404,-200.0,-64.19481,-64.31812,-70.384895,-69.87823,-69.6079,-70.48638,-200.0,-200.0,-200.0,-200.0,-200.0,-200.0,-200.0,-200.0,-200,-200.0,-200.0,-200.0,-200,-200.0,341.7107238769531,N
308,A08,-63.730072,-200.0,-65.269455,-64.30421,-69.53856,-69.83982,-69.36264,-70.33391,-200.0,-200.0,-200.0,-200.0,-200.0,-200.0,-200.0,-200.0,-200,-200.0,-200.0,-200.0,-200,-200.0,342.7506103515625,N
309,A08,-63.43573,-200.0,-64.36123,-64.29981,-69.427536,-69.80309,-69.084366,-70.14436,-200.0,-200.0,-200.0,-200.0,-200.0,-200.0,-200.0,-200.0,-200,-200.0,-200.0,-200.0,-200,-200.0,344.85406494140625,N
310,A08,-61.661378,-200.0,-64.5641,-64.24717,-69.321365,-70.04692,-68.81827,-70.050575,-200.0,-200.0,-200.0,-200.0,-200.0,-200.0,-200.0,-200.0,-200,-200.0,-200.0,-200.0,-200,-200.0,341.48760986328125,N
311,A08,-63.197998,-200.0,-64.71437,-64.2801,-70.384895,-69.76797,-200.0,-70.93197,-70.553764,-200.0,-200.0,-200.0,-200.0,-200.0,-200.0,-200.0,-200,-200.0,-200.0,-200.0,-200,-200.0,277.7855529785156,W
312,A08,-63.233074,-200.0,-64.68313,-64.399055,-70.384895,-69.778114,-69.00116,-70.0921,-200.0,-200.0,-200.0,-200.0,-200.0,-200.0,-200.0,-200.0,-200,-200.0,-200.0,-200.0,-200,-200.0,288.90191650390625,W
313,A08,-63.266617,-200.0,-65.269455,-64.42534,-69.83213,-69.74409,-69.001114,-70.219284,-200.0,-200.0,-200.0,-200.0,-200.0,-200.0,-200.0,-200.0,-200,-200.0,-200.0,-200.0,-200,-200.0,284.52886962890625,W
314,A08,-63.51737,-200.0,-64.60952,-64.29981,-70.05815,-69.75528,-69.52589,-70.297165,-200.0,-200.0,-200.0,-200.0,-200.0,-200.0,-200.0,-200.0,-200,-200.0,-200.0,-200.0,-200,-200.0,285.5926513671875,W
315,A08,-61.661378,-200.0,-64.53912,-64.45048,-70.318016,-70.04692,-69.80904,-70.371635,-200.0,-200.0,-200.0,-200.0,-200.0,-200.0,-200.0,-200.0,-200,-200.0,-200.0,-200.0,-200,-200.0,285.5994873046875,W
316,A08,-63.451008,-200.0,-64.47181,-64.51825,-70.384895,-69.89719,-200.0,-70.93197,-70.52689,-200.0,-200.0,-200.0,-200.0,-200.0,-200.0,-200.0,-200,-200.0,-200.0,-200.0,-200,-200.0,286.6429443359375,W
317,A08,-63.387547,-200.0,-64.40744,-64.62679,-70.384895,-70.1641,-69.99233,-70.53032,-200.0,-200.0,-200.0,-200.0,-200.0,-200.0,-200.0,-200.0,-200,-200.0,-200.0,-200.0,-200,-200.0,284.5844421386719,W
318,A08,-63.370598,-200.0,-65.269455,-65.649025,-70.39158,-70.24439,-70.0364,-200.0,-70.59132,-200.0,-200.0,-200.0,-200.0,-200.0,-200.0,-200.0,-200,-200.0,-200.0,-200.0,-200,-200.0,202.1965789794922,S
319,A08,-61.661378,-200.0,-65.269455,-64.29981,-70.50566,-70.408646,-69.947334,-200.0,-70.56545,-200.0,-200.0,-200.0,-200.0,-200.0,-200.0,-200.0,-200,-200.0,-200.0,-200.0,-200,-200.0,158.1376953125,S
320,A08,-61.661378,-200.0,-64.214676,-65.35822,-70.9209,-70.04692,-69.9059,-200.0,-70.49699,-200.0,-200.0,-200.0,-200.0,-200.0,-200.0,-200.0,-200,-200.0,-200.0,-200.0,-200,-200.0,149.72930908203125,S
321,A08,-63.966682,-200.0,-63.986607,-65.03641,-70.384895,-70.3033,-200.0,-70.93197,-70.38778,-200.0,-200.0,-200.0,-200.0,-200.0,-200.0,-200.0,-200,-200.0,-200.0,-200.0,-200,-200.0,149.06430053710938,S
322,A08,-64.274284,-200.0,-63.768517,-64.72867,-70.384895,-70.20256,-69.77881,-70.9178,-200.0,-200.0,-200.0,-200.0,-200.0,-200.0,-200.0,-200.0,-200,-200.0,-200.0,-200.0,-200,-200.0,152.14569091796875,S
323,A08,-64.61217,-200.0,-65.269455,-64.29981,-200.0,-70.14997,-69.65727,-70.70272,-70.37082,-200.0,-200.0,-200.0,-200.0,-200.0,-200.0,-200.0,-200,-200.0,-200.0,-200.0,-200,-200.0,155.5205841064453,S
324,A08,-65.5913,-200.0,-63.77864,-64.29981,-200.0,-70.04692,-69.716,-70.58452,-70.48581,-200.0,-200.0,-200.0,-200.0,-200.0,-200.0,-200.0,-200,-200.0,-200.0,-200.0,-200,-200.0,154.492431640625,S
325,A08,-61.661378,-200.0,-63.657116,-64.390656,-70.84527,-70.04692,-200.0,-70.47148,-70.6395,-200.0,-200.0,-200.0,-200.0,-200.0,-200.0,-200.0,-200,-200.0,-200.0,-200.0,-200,-200.0,155.62319946289062,S
326,A08,-65.652916,-200.0,-63.49717,-64.06742,-70.384895,-70.14341,-200.0,-70.93197,-70.83021,-200.0,-200.0,-200.0,-200.0,-200.0,-200.0,-200.0,-200,-200.0,-200.0,-200.0,-200,-200.0,154.6031036376953,S
327,A08,-65.71183,-200.0,-63.25675,-63.802063,-70.852036,-70.13714,-69.59721,-70.40713,-200.0,-200.0,-200.0,-200.0,-200.0,-200.0,-200.0,-200.0,-200,-200.0,-200.0,-200.0,-200,-200.0,154.6031036376953,S
328,A08,-65.943115,-200.0,-65.269455,-64.29981,-200.0,-70.13114,-69.48363,-70.34559,-70.83763,-200.0,-200.0,-200.0,-200.0,-200.0,-200.0,-200.0,-200,-200.0,-200.0,-200.0,-200,-200.0,155.60728454589844,S
329,A08,-66.03307,-200.0,-65.269455,-64.29981,-200.0,-70.256615,-69.41874,-70.417946,-200.0,-70.74157,-200.0,-200.0,-200.0,-200.0,-200.0,-200.0,-200,-200.0,-200.0,-200.0,-200,-200.0,156.6194610595703,S
330,A08,-61.661378,-200.0,-63.026844,-63.54831,-200.0,-70.04692,-69.35669,-200.0,-70.72223,-70.490456,-200.0,-200.0,-200.0,-200.0,-200.0,-200.0,-200,-200.0,-200.0,-200.0,-200,-200.0,153.4766845703125,S
331,A08,-66.162834,-200.0,-62.894466,-63.305653,-70.384895,-70.28913,-200.0,-70.93197,-70.64691,-200.0,-200.0,-200.0,-200.0,-200.0,-200.0,-200.0,-200,-200.0,-200.0,-200.0,-200,-200.0,102.21782684326172,E
332,A08,-66.33065,-200.0,-62.81161,-63.073612,-70.384895,-70.057816,-69.38482,-70.18099,-200.0,-200.0,-200.0,-200.0,-200.0,-200.0,-200.0,-200.0,-200,-200.0,-200.0,-200.0,-200,-200.0,76.27641296386719,E
333,A08,-66.447395,-200.0,-65.269455,-62.85172,-70.69002,-69.88034,-69.32425,-70.17307,-200.0,-200.0,-200.0,-200.0,-200.0,-200.0,-200.0,-200.0,-200,-200.0,-200.0,-200.0,-200,-200.0,65.61006927490234,E
334,A08,-61.661378,-200.0,-62.81985,-64.29981,-70.35369,-70.04692,-69.135124,-70.1655,-200.0,-200.0,-200.0,-200.0,-200.0,-200.0,-200.0,-200.0,-200,-200.0,-200.0,-200.0,-200,-200.0,64.5539321899414,E
335,A08,-61.661378,-200.0,-62.783997,-63.076878,-70.075806,-70.04692,-68.95427,-70.15826,-200.0,-200.0,-200.0,-200.0,-200.0,-200.0,-200.0,-200.0,-200,-200.0,-200.0,-200.0,-200,-200.0,65.5483169555664,E
336,A08,-66.60277,-200.0,-62.705975,-63.29219,-70.384895,-69.75437,-200.0,-70.93197,-71.048454,-200.0,-200.0,-200.0,-200.0,-200.0,-200.0,-200.0,-200,-200.0,-200.0,-200.0,-200,-200.0,65.5483169555664,E
337,A08,-66.70761,-200.0,-62.718834,-63.49809,-70.384895,-69.63391,-68.825066,-70.1076,-200.0,-200.0,-200.0,-200.0,-200.0,-200.0,-200.0,-200.0,-200,-200.0,-200.0,-200.0,-200,-200.0,65.5483169555664,E
338,A08,-66.89534,-200.0,-65.269455,-64.29981,-69.941284,-69.518715,-68.614044,-70.05916,-200.0,-200.0,-200.0,-200.0,-200.0,-200.0,-200.0,-200.0,-200,-200.0,-200.0,-200.0,-200,-200.0,66.58236694335938,E
339,A08,-67.07485,-200.0,-62.687393,-64.29981,-69.59397,-70.04692,-68.41225,-69.9691,-200.0,-200.0,-200.0,-200.0,-200.0,-200.0,-200.0,-200.0,-200,-200.0,-200.0,-200.0,-200,-200.0,66.58236694335938,E
340,A08,-61.661378,-200.0,-62.65733,-63.563774,-69.26185,-70.04692,-68.21928,-69.88298,-200.0,-200.0,-200.0,-200.0,-200.0,-200.0,-200.0,-200.0,-200,-200.0,-200.0,-200.0,-200,-200.0,46.13230895996094,E
341,A08,-66.721695,-200.0,-62.716053,-63.626587,-70.384895,-69.45229,-200.0,-70.93197,-70.993645,-200.0,-200.0,-200.0,-200.0,-200.0,-200.0,-200.0,-200,-200.0,-200.0,-200.0,-200,-200.0,296.6395263671875,W
342,A08,-66.34025,-200.0,-62.990883,-63.774124,-69.075455,-69.38878,-68.34089,-69.84436,-200.0,-200.0,-200.0,-200.0,-200.0,-200.0,-200.0,-200.0,-200,-200.0,-200.0,-200.0,-200,-200.0,258.0233154296875,W
343,A08,-66.3691,-200.0,-65.269455,-64.29981,-68.98469,-69.50298,-68.588394,-69.851166,-200.0,-200.0,-200.0,-200.0,-200.0,-200.0,-200.0,-200.0,-200,-200.0,-200.0,-200.0,-200,-200.0,205.8679656982422,S
344,A08,-66.30923,-200.0,-63.253693,-64.29981,-68.94162,-70.18075,-68.86881,-70.20756,-200.0,-200.0,-200.0,-200.0,-200.0,-200.0,-200.0,-200.0,-200,-200.0,-200.0,-200.0,-200,-200.0,186.69744873046875,S
345,A08,-61.661378,-200.0,-63.373802,-63.82774,-68.98791,-70.04692,-69.04949,-200.0,-70.579704,-200.0,-200.0,-200.0,-200.0,-200.0,-200.0,-200.0,-200,-200.0,-200.0,-200.0,-200,-200.0,181.10614013671875,S
346,A08,-66.20823,-200.0,-63.532394,-63.87901,-70.384895,-70.04163,-200.0,-70.93197,-70.46688,-200.0,-200.0,-200.0,-200.0,-200.0,-200.0,-200.0,-200,-200.0,-200.0,-200.0,-200,-200.0,180.08387756347656,S
347,A08,-66.19912,-200.0,-63.68405,-63.928036,-69.163376,-70.08355,-69.35347,-71.043465,-200.0,-200.0,-200.0,-200.0,-200.0,-200.0,-200.0,-200.0,-200,-200.0,-200.0,-200.0,-200,-200.0,176.90396118164062,S
348,A08,-66.146675,-200.0,-65.269455,-64.29981,-69.112495,-70.167366,-69.8191,-200.0,-70.4902,-200.0,-200.0,-200.0,-200.0,-200.0,-200.0,-200.0,-200,-200.0,-200.0,-200.0,-200,-200.0,186.24632263183597,S
349,A08,-66.22773,-200.0,-65.269455,-63.931183,-69.0201,-70.37872,-70.17689,-200.0,-70.55623,-200.0,-200.0,-200.0,-200.0,-200.0,-200.0,-200.0,-200,-200.0,-200.0,-200.0,-200,-200.0,177.83602905273438,S
350,A08,-61.661378,-200.0,-63.785343,-63.977924,-69.15044,-70.04692,-70.519035,-200.0,-70.531906,-200.0,-200.0,-200.0,-200.0,-200.0,-200.0,-200.0,-200,-200.0,-200.0,-200.0,-200,-200.0,172.3425750732422,S
351,A08,-66.174034,-200.0,-63.882202,-63.97889,-70.384895,-70.36216,-200.0,-70.93197,-70.464905,-200.0,-200.0,-200.0,-200.0,-200.0,-200.0,-200.0,-200,-200.0,-200.0,-200.0,-200,-200.0,172.3584442138672,S
352,A08,-65.991486,-200.0,-63.931087,-63.979813,-69.66868,-70.47752,-70.62755,-200.0,-71.329185,-200.0,-200.0,-200.0,-200.0,-200.0,-200.0,-200.0,-200,-200.0,-200.0,-200.0,-200,-200.0,173.1465606689453,S
353,A08,-65.72945,-200.0,-65.269455,-64.06817,-70.12052,-70.500374,-70.68758,-200.0,-71.23181,-200.0,-200.0,-200.0,-200.0,-200.0,-200.0,-200.0,-200,-200.0,-200.0,-200.0,-200,-200.0,175.9616241455078,S
354,A08,-65.65381,-200.0,-64.06531,-64.29981,-70.46513,-70.565956,-70.83244,-200.0,-71.30914,-200.0,-200.0,-200.0,-200.0,-200.0,-200.0,-200.0,-200,-200.0,-200.0,-200.0,-200,-200.0,180.42562866210935,S
355,A08,-61.661378,-200.0,-64.19366,-64.021454,-70.79467,-70.04692,-71.14592,-200.0,-71.5143,-200.0,-200.0,-200.0,-200.0,-200.0,-200.0,-200.0,-200,-200.0,-200.0,-200.0,-200,-200.0,177.14834594726562,S
356,A08,-65.40654,-200.0,-64.578804,-63.88931,-71.37221,-70.89108,-71.25794,-70.93197,-200.0,-200.0,-200.0,-200.0,-200.0,-200.0,-200.0,-200.0,-200,-200.0,-200.0,-200.0,-200,-200.0,176.13465881347656,S
357,A08,-65.12635,-200.0,-64.90337,-63.762943,-70.384895,-71.114525,-71.35821,-200.0,-71.329185,-200.0,-200.0,-200.0,-200.0,-200.0,-200.0,-200.0,-200,-200.0,-200.0,-200.0,-200,-200.0,176.13465881347656,S
358,A08,-64.85841,-200.0,-65.269455,-63.729576,-71.79328,-71.284454,-71.51749,-200.0,-71.85435,-200.0,-200.0,-200.0,-200.0,-200.0,-200.0,-200.0,-200,-200.0,-200.0,-200.0,-200,-200.0,174.09014892578125,S
359,A08,-61.661378,-200.0,-65.213745,-64.29981,-200.0,-71.40321,-71.844734,-200.0,-71.94819,-71.97976,-200.0,-200.0,-200.0,-200.0,-200.0,-200.0,-200,-200.0,-200.0,-200.0,-200,-200.0,174.09014892578125,S
360,A08,-61.661378,-200.0,-65.42307,-63.65393,-72.537254,-70.04692,-200.0,-200.0,-71.99419,-72.152095,-200.0,-200.0,-200.0,-200.0,-200.0,-200.0,-200,-200.0,-200.0,-200.0,-200,-200.0,214.05096435546875,S
361,A08,-65.127014,-200.0,-65.492035,-63.53786,-70.384895,-71.25438,-71.25794,-70.93197,-200.0,-200.0,-200.0,-200.0,-200.0,-200.0,-200.0,-200.0,-200,-200.0,-200.0,-200.0,-200,-200.0,261.65191650390625,W
362,A08,-64.59664,-200.0,-65.55798,-63.251926,-70.384895,-71.112045,-200.0,-200.0,-71.329185,-71.89317,-200.0,-200.0,-200.0,-200.0,-200.0,-200.0,-200,-200.0,-200.0,-200.0,-200,-200.0,272.1517639160156,W
363,A08,-64.176926,-200.0,-65.269455,-64.29981,-200.0,-70.932205,-71.977806,-200.0,-72.29318,-71.67917,-200.0,-200.0,-200.0,-200.0,-200.0,-200.0,-200,-200.0,-200.0,-200.0,-200,-200.0,272.03240966796875,W
364,A08,-63.6881,-200.0,-65.92719,-64.29981,-72.36199,-70.76022,-71.67263,-200.0,-200.0,-71.387054,-200.0,-200.0,-200.0,-200.0,-200.0,-200.0,-200,-200.0,-200.0,-200.0,-200,-200.0,271.02362060546875,W
365,A08,-61.661378,-200.0,-65.930374,-63.15344,-200.0,-70.04692,-71.51201,-70.93197,-200.0,-71.19518,-200.0,-200.0,-200.0,-200.0,-200.0,-200.0,-200,-200.0,-200.0,-200.0,-200,-200.0,272.05523681640625,W
366,A08,-63.308125,-200.0,-65.93342,-63.059258,-70.384895,-70.6395,-71.25794,-70.93197,-200.0,-200.0,-200.0,-200.0,-200.0,-200.0,-200.0,-200.0,-200,-200.0,-200.0,-200.0,-200,-200.0,272.05523681640625,W
367,A08,-62.81356,-200.0,-65.8926,-62.969193,-70.384895,-70.52406,-71.2272,-200.0,-200.0,-71.0117,-200.0,-200.0,-200.0,-200.0,-200.0,-200.0,-200,-200.0,-200.0,-200.0,-200,-200.0,271.02313232421875,W
368,A08,-62.38436,-200.0,-65.269455,-64.29981,-200.0,-70.544876,-70.99859,-72.19321,-200.0,-70.79252,-200.0,-200.0,-200.0,-200.0,-200.0,-200.0,-200,-200.0,-200.0,-200.0,-200,-200.0,272.024658203125,W
369,A08,-62.01767,-200.0,-65.269455,-64.29981,-200.0,-70.695984,-70.779976,-71.87861,-200.0,-70.71413,-200.0,-200.0,-200.0,-200.0,-200.0,-200.0,-200,-200.0,-200.0,-200.0,-200,-200.0,321.88330078125,N
370,A08,-61.661378,-200.0,-65.72236,-63.014275,-200.0,-70.04692,-70.57092,-71.79645,-200.0,-70.77036,-200.0,-200.0,-200.0,-200.0,-200.0,-200.0,-200,-200.0,-200.0,-200.0,-200,-200.0,11.347110748291016,N
371,A08,-61.885693,-200.0,-65.38461,-62.83871,-70.384895,-70.57807,-71.25794,-70.93197,-200.0,-200.0,-200.0,-200.0,-200.0,-200.0,-200.0,-200.0,-200,-200.0,-200.0,-200.0,-200,-200.0,22.27762031555176,N
372,A08,-61.715748,-200.0,-65.01791,-62.670826,-200.0,-70.64026,-70.23981,-200.0,-71.329185,-70.911606,-200.0,-200.0,-200.0,-200.0,-200.0,-200.0,-200,-200.0,-200.0,-200.0,-200,-200.0,25.396821975708008,N
373,A08,-61.553238,-200.0,-65.269455,-64.29981,-200.0,-70.78719,-70.05438,-71.17123,-200.0,-71.13415,-200.0,-200.0,-200.0,-200.0,-200.0,-200.0,-200,-200.0,-200.0,-200.0,-200,-200.0,26.41302490234375,N
374,A08,-61.661378,-200.0,-64.75471,-62.51028,-200.0,-71.015175,-69.96453,-70.85759,-200.0,-71.21575,-200.0,-200.0,-200.0,-200.0,-200.0,-200.0,-200,-200.0,-200.0,-200.0,-200,-200.0,26.42337226867676,N
375,A08,-61.661378,-200.0,-64.54676,-62.400494,-71.3891,-70.04692,-69.83488,-70.55767,-200.0,-200.0,-200.0,-200.0,-200.0,-200.0,-200.0,-200.0,-200,-200.0,-200.0,-200.0,-200,-200.0,28.496965408325195,N
376,A08,-61.52904,-200.0,-64.30417,-62.295506,-70.384895,-71.36439,-71.25794,-70.93197,-200.0,-200.0,-200.0,-200.0,-200.0,-200.0,-200.0,-200.0,-200,-200.0,-200.0,-200.0,-200,-200.0,28.496965408325195,N
377,A08,-61.3747,-200.0,-64.07219,-62.19511,-71.32835,-200.0,-69.62342,-70.40208,-71.329185,-200.0,-200.0,-200.0,-200.0,-200.0,-200.0,-200.0,-200,-200.0,-200.0,-200.0,-200,-200.0,27.493797302246094,N
378,A08,-61.139633,-200.0,-65.269455,-64.29981,-71.27025,-71.761,-69.42121,-70.29702,-200.0,-200.0,-200.0,-200.0,-200.0,-200.0,-200.0,-200.0,-200,-200.0,-200.0,-200.0,-200,-200.0,30.53519630432129,N
379,A08,-61.661378,-200.0,-64.418915,-64.29981,-71.21469,-200.0,-69.18411,-70.06535,-200.0,-71.60219,-200.0,-200.0,-200.0,-200.0,-200.0,-200.0,-200,-200.0,-200.0,-200.0,-200,-200.0,75.47345733642578,E
380,A08,-61.661378,-200.0,-64.181915,-61.9679,-71.16156,-70.04692,-68.95738,-70.93197,-200.0,-200.0,-200.0,-200.0,-200.0,-200.0,-200.0,-200.0,-200,-200.0,-200.0,-200.0,-200,-200.0,117.89366912841795,E
381,A08,-61.3522,-200.0,-63.82408,-61.881832,-70.384895,-200.0,-71.25794,-70.93197,-71.96454,-200.0,-200.0,-200.0,-200.0,-200.0,-200.0,-200.0,-200,-200.0,-200.0,-200.0,-200,-200.0,126.93035125732422,E
382,A08,-61.55547,-200.0,-63.43816,-61.930737,-200.0,-200.0,-68.91551,-70.23744,-71.329185,-71.37763,-200.0,-200.0,-200.0,-200.0,-200.0,-200.0,-200,-200.0,-200.0,-200.0,-200,-200.0,125.89685821533205,E
383,A08,-61.793587,-200.0,-65.269455,-64.29981,-200.0,-200.0,-68.87547,-70.402,-71.74741,-71.31738,-200.0,-200.0,-200.0,-200.0,-200.0,-200.0,-200,-200.0,-200.0,-200.0,-200,-200.0,128.03884887695312,E
384,A08,-62.10876,-200.0,-63.156586,-64.29981,-200.0,-200.0,-68.83719,-70.7343,-71.58352,-71.390976,-200.0,-200.0,-200.0,-200.0,-200.0,-200.0,-200,-200.0,-200.0,-200.0,-200,-200.0,128.03884887695312,E
385,A08,-61.661378,-200.0,-62.887325,-62.064972,-200.0,-70.04692,-68.800575,-70.93197,-71.47053,-200.0,-200.0,-200.0,-200.0,-200.0,-200.0,-200.0,-200,-200.0,-200.0,-200.0,-200,-200.0,127.01239776611328,E
386,A08,-62.41015,-200.0,-62.71731,-62.149597,-70.384895,-200.0,-71.25794,-70.93197,-71.668625,-200.0,-200.0,-200.0,-200.0,-200.0,-200.0,-200.0,-200,-200.0,-200.0,-200.0,-200,-200.0,127.01239776611328,E
387,A08,-62.698357,-200.0,-62.554733,-62.317997,-200.0,-200.0,-69.02797,-70.74592,-71.329185,-71.526726,-200.0,-200.0,-200.0,-200.0,-200.0,-200.0,-200,-200.0,-200.0,-200.0,-200,-200.0,127.01239776611328,E
388,A08,-62.88649,-200.0,-65.269455,-64.29981,-200.0,-200.0,-69.15795,-70.93197,-71.55192,-71.45995,-200.0,-200.0,-200.0,-200.0,-200.0,-200.0,-200,-200.0,-200.0,-200.0,-200,-200.0,129.1221923828125,E
389,A08,-61.661378,-200.0,-62.35553,-64.29981,-200.0,-70.04692,-69.10731,-70.934944,-200.0,-71.22116,-200.0,-200.0,-200.0,-200.0,-200.0,-200.0,-200,-200.0,-200.0,-200.0,-200,-200.0,130.13401794433594,E
390,A08,-61.661378,-200.0,-62.16504,-62.39156,-200.0,-70.04692,-69.102615,-70.98153,-71.462875,-200.0,-200.0,-200.0,-200.0,-200.0,-200.0,-200.0,-200,-200.0,-200.0,-200.0,-200,-200.0,127.9959487915039,E
391,A08,-62.935192,-200.0,-61.89541,-62.505642,-70.384895,-200.0,-71.25794,-70.93197,-71.44263,-200.0,-200.0,-200.0,-200.0,-200.0,-200.0,-200.0,-200,-200.0,-200.0,-200.0,-200,-200.0,123.64461517333984,E
392,A08,-62.938026,-200.0,-61.637573,-62.43979,-200.0,-200.0,-69.09813,-70.851135,-71.329185,-71.124016,-200.0,-200.0,-200.0,-200.0,-200.0,-200.0,-200,-200.0,-200.0,-200.0,-200,-200.0,66.82955932617188,E
393,A08,-62.853268,-200.0,-65.269455,-62.333084,-200.0,-200.0,-69.0501,-70.63897,-71.24833,-71.07485,-200.0,-200.0,-200.0,-200.0,-200.0,-200.0,-200,-200.0,-200.0,-200.0,-200,-200.0,345.6610412597656,N
394,A08,-61.661378,-200.0,-61.78463,-64.29981,-200.0,-200.0,-69.091644,-70.39235,-71.10626,-71.15905,-200.0,-200.0,-200.0,-200.0,-200.0,-200.0,-200,-200.0,-200.0,-200.0,-200,-200.0,5.9675068855285645,N
395,A08,-61.661378,-200.0,-61.837784,-62.405987,-200.0,-70.04692,-69.30631,-70.462654,-70.88294,-200.0,-200.0,-200.0,-200.0,-200.0,-200.0,-200.0,-200,-200.0,-200.0,-200.0,-200,-200.0,11.687753677368164,N
396,A08,-62.509804,-200.0,-61.888615,-62.56317,-70.384895,-200.0,-71.25794,-70.93197,-70.625656,-200.0,-200.0,-200.0,-200.0,-200.0,-200.0,-200.0,-200,-200.0,-200.0,-200.0,-200,-200.0,13.997636795043944,N
397,A08,-62.181362,-200.0,-61.980957,-62.62601,-70.95681,-200.0,-69.11797,-70.13627,-200.0,-71.185356,-200.0,-200.0,-200.0,-200.0,-200.0,-200.0,-200,-200.0,-200.0,-200.0,-200,-200.0,13.997636795043944,N
398,A08,-61.91102,-200.0,-65.269455,-64.29981,-70.74002,-200.0,-68.937874,-69.780426,-70.248405,-200.0,-200.0,-200.0,-200.0,-200.0,-200.0,-200.0,-200,-200.0,-200.0,-200.0,-200,-200.0,12.988868713378906,N
399,A08,-61.73997,-200.0,-61.806847,-64.29981,-70.532715,-200.0,-68.72192,-69.44015,-69.9314,-200.0,-200.0,-200.0,-200.0,-200.0,-200.0,-200.0,-200,-200.0,-200.0,-200.0,-200,-200.0,18.650314331054688,N
400,A08,-61.661378,-200.0,-61.727825,-62.554897,-70.37821,-70.04692,-200.0,-69.202225,-69.67198,-200.0,-200.0,-200.0,-200.0,-200.0,-200.0,-200.0,-200,-200.0,-200.0,-200.0,-200,-200.0,81.36949157714844,E
401,A08,-61.79508,-200.0,-61.65226,-62.661835,-70.384895,-200.0,-71.25794,-70.93197,-70.03621,-200.0,-200.0,-200.0,-200.0,-200.0,-200.0,-200.0,-200,-200.0,-200.0,-200.0,-200,-200.0,114.0935287475586,E
402,A08,-61.760303,-200.0,-61.44879,-62.939034,-70.4054,-200.0,-68.77781,-69.63074,-200.0,-70.69619,-200.0,-200.0,-200.0,-200.0,-200.0,-200.0,-200,-200.0,-200.0,-200.0,-200,-200.0,112.97518157958984,E
403,A08,-61.72705,-200.0,-65.269455,-64.29981,-70.431404,-200.0,-68.83126,-70.040504,-69.85969,-200.0,-200.0,-200.0,-200.0,-200.0,-200.0,-200.0,-200,-200.0,-200.0,-200.0,-200,-200.0,114.11804962158205,E
404,A08,-61.695255,-200.0,-61.34169,-64.29981,-200.0,-70.04692,-68.88237,-200.0,-69.69089,-70.29439,-200.0,-200.0,-200.0,-200.0,-200.0,-200.0,-200,-200.0,-200.0,-200.0,-200,-200.0,115.12152862548828,E
405,A08,-61.661378,-200.0,-61.239273,-62.85423,-200.0,-70.04692,-69.14993,-200.0,-69.529465,-70.15031,-200.0,-200.0,-200.0,-200.0,-200.0,-200.0,-200,-200.0,-200.0,-200.0,-200,-200.0,116.16363525390624,E
406,A08,-61.66485,-200.0,-61.14134,-62.773136,-70.384895,-200.0,-71.25794,-70.93197,-69.46257,-200.0,-200.0,-200.0,-200.0,-200.0,-200.0,-200.0,-200,-200.0,-200.0,-200.0,-200,-200.0,116.16363525390624,E
407,A08,-61.592037,-200.0,-61.003952,-62.87053,-70.20612,-200.0,-69.18711,-71.08173,-200.0,-69.92506,-200.0,-200.0,-200.0,-200.0,-200.0,-200.0,-200,-200.0,-200.0,-200.0,-200,-200.0,114.04769897460938,E
408,A08,-61.52241,-200.0,-65.269455,-64.29981,-70.240845,-200.0,-69.266396,-200.0,-69.35487,-69.709656,-200.0,-200.0,-200.0,-200.0,-200.0,-200.0,-200,-200.0,-200.0,-200.0,-200,-200.0,114.04769897460938,E
409,A08,-61.661378,-200.0,-60.91631,-64.29981,-70.099106,-200.0,-69.34221,-200.0,-69.251884,-69.54741,-200.0,-200.0,-200.0,-200.0,-200.0,-200.0,-200,-200.0,-200.0,-200.0,-200,-200.0,114.04769897460938,E
410,A08,-61.661378,-200.0,-60.8325,-62.83246,-69.96357,-200.0,-69.633385,-200.0,-69.197136,-69.348526,-200.0,-200.0,-200.0,-200.0,-200.0,-200.0,-200,-200.0,-200.0,-200.0,-200,-200.0,113.01335906982422,E
411,A08,-61.543297,-200.0,-60.752357,-62.752316,-70.384895,-200.0,-71.25794,-70.93197,-71.329185,-200.0,-200.0,-200.0,-200.0,-200.0,-200.0,-200.0,-200,-200.0,-200.0,-200.0,-200,-200.0,116.16765594482422,E
412,A08,-61.519535,-200.0,-60.631985,-62.631943,-70.384895,-71.13799,-69.868095,-200.0,-200.0,-69.15834,-200.0,-200.0,-200.0,-200.0,-200.0,-200.0,-200,-200.0,-200.0,-200.0,-200,-200.0,116.16765594482422,E
413,A08,-61.45308,-200.0,-65.269455,-64.29981,-69.83396,-200.0,-69.83013,-200.0,-68.96983,-68.97647,-200.0,-200.0,-200.0,-200.0,-200.0,-200.0,-200,-200.0,-200.0,-200.0,-200,-200.0,116.16765594482422,E
414,A08,-61.870617,-200.0,-65.269455,-64.29981,-69.710014,-200.0,-69.75009,-200.0,-68.927414,-68.80256,-200.0,-200.0,-200.0,-200.0,-200.0,-200.0,-200,-200.0,-200.0,-200.0,-200,-200.0,124.80345916748048,E
415,A08,-61.661378,-200.0,-60.691814,-62.604305,-69.59149,-200.0,-69.67355,-200.0,-68.93059,-68.679985,-200.0,-200.0,-200.0,-200.0,-200.0,-200.0,-200,-200.0,-200.0,-200.0,-200,-200.0,173.44940185546875,S
416,A08,-61.963745,-200.0,-60.880234,-62.577877,-70.384895,-71.07859,-71.25794,-70.93197,-200.0,-200.0,-200.0,-200.0,-200.0,-200.0,-200.0,-200.0,-200,-200.0,-200.0,-200.0,-200,-200.0,182.747802734375,S
417,A08,-61.87786,-200.0,-61.06041,-62.727547,-69.82803,-70.987686,-69.90651,-200.0,-200.0,-68.606514,-200.0,-200.0,-200.0,-200.0,-200.0,-200.0,-200,-200.0,-200.0,-200.0,-200,-200.0,180.58599853515625,S
418,A08,-61.751995,-200.0,-65.269455,-62.82693,-69.879295,-200.0,-70.12927,-200.0,-69.19604,-68.49252,-200.0,-200.0,-200.0,-200.0,-200.0,-200.0,-200,-200.0,-200.0,-200.0,-200,-200.0,176.3831024169922,S
419,A08,-61.762844,-200.0,-61.188972,-64.29981,-69.92831,-200.0,-70.38603,-200.0,-69.449875,-68.427246,-200.0,-200.0,-200.0,-200.0,-200.0,-200.0,-200,-200.0,-200.0,-200.0,-200,-200.0,174.3662872314453,S
420,A08,-61.661378,-200.0,-61.22444,-62.790768,-69.93144,-70.04692,-200.0,-200.0,-69.60514,-68.53977,-200.0,-200.0,-200.0,-200.0,-200.0,-200.0,-200,-200.0,-200.0,-200.0,-200,-200.0,173.31138610839844,S
421,A08,-61.773216,-200.0,-61.25836,-62.756184,-70.384895,-70.97975,-200.0,-70.93197,-69.70988,-200.0,-200.0,-200.0,-200.0,-200.0,-200.0,-200.0,-200,-200.0,-200.0,-200.0,-200,-200.0,173.31138610839844,S
422,A08,-61.783134,-200.0,-61.33453,-64.29981,-70.384895,-70.98064,-70.82262,-200.0,-200.0,-68.428696,-200.0,-200.0,-200.0,-200.0,-200.0,-200.0,-200,-200.0,-200.0,-200.0,-200,-200.0,173.31138610839844,S
423,A08,-61.792618,-200.0,-65.269455,-64.29981,-69.93444,-70.80654,-70.96158,-200.0,-200.0,-68.27874,-200.0,-200.0,-200.0,-200.0,-200.0,-200.0,-200,-200.0,-200.0,-200.0,-200,-200.0,173.31138610839844,S
424,A08,-61.80169,-200.0,-61.451107,-64.29981,-69.93731,-70.64007,-71.1382,-200.0,-200.0,-68.31028,-200.0,-200.0,-200.0,-200.0,-200.0,-200.0,-200,-200.0,-200.0,-200.0,-200,-200.0,173.31138610839844,S
425,A08,-61.661378,-200.0,-61.562584,-62.723114,-69.98379,-70.04692,-200.0,-200.0,-69.7663,-68.34045,-200.0,-200.0,-200.0,-200.0,-200.0,-200.0,-200,-200.0,-200.0,-200.0,-200,-200.0,173.31138610839844,S
426,A08,-61.76663,-200.0,-61.71292,-62.77896,-70.384895,-70.568344,-200.0,-70.93197,-69.73278,-200.0,-200.0,-200.0,-200.0,-200.0,-200.0,-200.0,-200,-200.0,-200.0,-200.0,-200,-200.0,172.29063415527344,S
427,A08,-61.689365,-200.0,-61.900417,-62.832363,-70.384895,-70.45602,-200.0,-200.0,-71.329185,-68.325554,-200.0,-200.0,-200.0,-200.0,-200.0,-200.0,-200,-200.0,-200.0,-200.0,-200,-200.0,183.54171752929688,S
428,A08,-61.571747,-200.0,-65.269455,-64.29981,-69.9845,-70.3486,-200.0,-200.0,-70.006874,-68.31131,-200.0,-200.0,-200.0,-200.0,-200.0,-200.0,-200,-200.0,-200.0,-200.0,-200,-200.0,220.6633453369141,S
429,A08,-61.503006,-200.0,-62.167187,-64.29981,-69.985176,-70.55203,-200.0,-200.0,-70.26899,-68.34143,-200.0,-200.0,-200.0,-200.0,-200.0,-200.0,-200,-200.0,-200.0,-200.0,-200,-200.0,268.48681640625,W
430,A08,-61.661378,-200.0,-62.422287,-62.839695,-69.94209,-70.04692,-200.0,-200.0,-70.300964,-68.632645,-200.0,-200.0,-200.0,-200.0,-200.0,-200.0,-200,-200.0,-200.0,-200.0,-200,-200.0,264.0077209472656,W
431,A08,-61.262333,-200.0,-62.57876,-62.846706,-70.384895,-70.35295,-71.25794,-70.93197,-200.0,-200.0,-200.0,-200.0,-200.0,-200.0,-200.0,-200.0,-200,-200.0,-200.0,-200.0,-200,-200.0,263.94061279296875,W
432,A08,-61.032185,-200.0,-62.684654,-62.809677,-69.725945,-70.162575,-70.89248,-200.0,-200.0,-68.60497,-200.0,-200.0,-200.0,-200.0,-200.0,-200.0,-200,-200.0,-200.0,-200.0,-200,-200.0,263.94061279296875,W
433,A08,-60.812103,-200.0,-65.269455,-62.818,-69.51926,-69.98052,-200.0,-200.0,-70.50648,-68.578514,-200.0,-200.0,-200.0,-200.0,-200.0,-200.0,-200,-200.0,-200.0,-200.0,-200,-200.0,261.9219970703125,W
434,A08,-60.55791,-200.0,-63.04833,-64.29981,-69.32161,-69.80643,-70.257126,-200.0,-200.0,-68.55321,-200.0,-200.0,-200.0,-200.0,-200.0,-200.0,-200,-200.0,-200.0,-200.0,-200,-200.0,261.9219970703125,W
435,A08,-61.661378,-200.0,-63.352364,-62.869698,-69.13261,-70.04692,-69.939735,-200.0,-200.0,-68.529015,-200.0,-200.0,-200.0,-200.0,-200.0,-200.0,-200,-200.0,-200.0,-200.0,-200,-200.0,261.9219970703125,W
436,A08,-60.314835,-200.0,-63.643097,-62.919132,-70.384895,-69.63995,-71.25794,-70.93197,-200.0,-200.0,-200.0,-200.0,-200.0,-200.0,-200.0,-200.0,-200,-200.0,-200.0,-200.0,-200,-200.0,261.9219970703125,W
437,A08,-60.126125,-200.0,-63.964855,-62.8352,-69.12681,-69.48076,-69.67996,-200.0,-200.0,-68.549614,-200.0,-200.0,-200.0,-200.0,-200.0,-200.0,-200,-200.0,-200.0,-200.0,-200,-200.0,274.8975524902344,W
438,A08,-59.94567,-200.0,-65.269455,-64.29981,-68.94632,-69.24106,-69.34408,-200.0,-200.0,-68.569305,-200.0,-200.0,-200.0,-200.0,-200.0,-200.0,-200,-200.0,-200.0,-200.0,-200,-200.0,325.76226806640625,N
439,A08,-61.661378,-200.0,-63.966393,-64.29981,-68.642525,-70.04692,-69.15409,-200.0,-200.0,-68.719345,-200.0,-200.0,-200.0,-200.0,-200.0,-200.0,-200,-200.0,-200.0,-200.0,-200,-200.0,32.2193603515625,N
440,A08,-61.661378,-200.0,-63.96786,-62.886147,-68.30828,-70.04692,-69.01615,-200.0,-200.0,-69.16897,-200.0,-200.0,-200.0,-200.0,-200.0,-200.0,-200,-200.0,-200.0,-200.0,-200,-200.0,46.77764129638672,E
441,A08,-61.661378,-200.0,-63.794327,-62.891125,-70.384895,-69.01184,-200.0,-70.93197,-70.22324,-200.0,-200.0,-200.0,-200.0,-200.0,-200.0,-200.0,-200,-200.0,-200.0,-200.0,-200,-200.0,99.68878173828124,E
442,A08,-60.210457,-200.0,-63.93453,-62.852154,-68.77589,-68.79265,-68.92798,-200.0,-200.0,-68.89917,-200.0,-200.0,-200.0,-200.0,-200.0,-200.0,-200,-200.0,-200.0,-200.0,-200,-200.0,186.179443359375,S
443,A08,-60.5074,-200.0,-65.269455,-64.29981,-68.82942,-68.67051,-68.93113,-200.0,-200.0,-68.509964,-200.0,-200.0,-200.0,-200.0,-200.0,-200.0,-200,-200.0,-200.0,-200.0,-200,-200.0,207.34271240234372,S
444,A08,-61.661378,-200.0,-63.937393,-64.29981,-69.01182,-68.72865,-69.065346,-200.0,-200.0,-68.22525,-200.0,-200.0,-200.0,-200.0,-200.0,-200.0,-200,-200.0,-200.0,-200.0,-200,-200.0,229.4374847412109,W
445,A08,-61.661378,-200.0,-64.0276,-62.85862,-69.22997,-70.04692,-69.281166,-200.0,-200.0,-68.08419,-200.0,-200.0,-200.0,-200.0,-200.0,-200.0,-200,-200.0,-200.0,-200.0,-200,-200.0,195.8694610595703,S
446,A08,-60.57268,-200.0,-64.11387,-62.864803,-70.384895,-68.9592,-200.0,-70.93197,-70.141106,-200.0,-200.0,-200.0,-200.0,-200.0,-200.0,-200.0,-200,-200.0,-200.0,-200.0,-200,-200.0,179.8603973388672,S
447,A08,-60.76631,-200.0,-64.2401,-64.29981,-69.744736,-69.2234,-69.881165,-200.0,-200.0,-67.73063,-200.0,-200.0,-200.0,-200.0,-200.0,-200.0,-200,-200.0,-200.0,-200.0,-200,-200.0,172.79714965820312,S
448,A08,-61.038944,-200.0,-65.269455,-64.29981,-70.10578,-69.432304,-200.0,-200.0,-70.00373,-67.567474,-200.0,-200.0,-200.0,-200.0,-200.0,-200.0,-200,-200.0,-200.0,-200.0,-200,-200.0,180.9566192626953,S
449,A08,-61.661378,-200.0,-64.710686,-64.29981,-200.0,-70.04692,-70.273476,-200.0,-70.0473,-67.49892,-200.0,-200.0,-200.0,-200.0,-200.0,-200.0,-200,-200.0,-200.0,-200.0,-200,-200.0,247.0388946533203,W
450,A08,-61.661378,-200.0,-64.854546,-62.78325,-70.26402,-70.04692,-70.13031,-200.0,-200.0,-67.4771,-200.0,-200.0,-200.0,-200.0,-200.0,-200.0,-200,-200.0,-200.0,-200.0,-200,-200.0,265.0385131835937,W
451,A08,-60.643623,-200.0,-65.03585,-62.574055,-70.384895,-69.23846,-200.0,-70.93197,-70.81137,-200.0,-200.0,-200.0,-200.0,-200.0,-200.0,-200.0,-200,-200.0,-200.0,-200.0,-200,-200.0,257.748779296875,W
452,A08,-60.74668,-200.0,-65.34043,-62.89883,-70.165,-69.096825,-69.81846,-200.0,-200.0,-67.67491,-200.0,-200.0,-200.0,-200.0,-200.0,-200.0,-200,-200.0,-200.0,-200.0,-200,-200.0,256.7755432128906,W
453,A08,-60.49535,-200.0,-65.269455,-64.29981,-69.98285,-68.91765,-69.52025,-200.0,-200.0,-67.86407,-200.0,-200.0,-200.0,-200.0,-200.0,-200.0,-200,-200.0,-200.0,-200.0,-200,-200.0,261.23297119140625,W
454,A08,-61.661378,-200.0,-65.67543,-64.29981,-69.80866,-68.746315,-69.278824,-200.0,-200.0,-68.04495,-200.0,-200.0,-200.0,-200.0,-200.0,-200.0,-200,-200.0,-200.0,-200.0,-200,-200.0,291.3102722167969,W
455,A08,-61.661378,-200.0,-65.68963,-63.16567,-69.64209,-70.04692,-69.17915,-200.0,-200.0,-68.65528,-200.0,-200.0,-200.0,-200.0,-200.0,-200.0,-200,-200.0,-200.0,-200.0,-200,-200.0,13.42632293701172,N
456,A08,-60.211273,-200.0,-65.48453,-63.377098,-70.384895,-69.01982,-200.0,-70.93197,-71.24648,-200.0,-200.0,-200.0,-200.0,-200.0,-200.0,-200.0,-200,-200.0,-200.0,-200.0,-200,-200.0,27.20270729064941,N
457,A08,-59.89589,-200.0,-65.4196,-63.491814,-69.39533,-69.10642,-69.25879,-200.0,-200.0,-68.80157,-200.0,-200.0,-200.0,-200.0,-200.0,-200.0,-200,-200.0,-200.0,-200.0,-200,-200.0,43.81378555297852,N
458,A08,-59.63803,-200.0,-65.269455,-64.29981,-69.378044,-69.0143,-69.247475,-200.0,-200.0,-68.98518,-200.0,-200.0,-200.0,-200.0,-200.0,-200.0,-200,-200.0,-200.0,-200.0,-200,-200.0,46.98370361328125,E
459,A08,-61.661378,-200.0,-65.22631,-63.645245,-69.40525,-68.9262,-69.23666,-200.0,-200.0,-69.160774,-200.0,-200.0,-200.0,-200.0,-200.0,-200.0,-200,-200.0,-200.0,-200.0,-200,-200.0,45.93098449707031,E
460,A08,-61.661378,-200.0,-64.99774,-63.39835,-69.212585,-70.04692,-69.31378,-200.0,-70.62404,-200.0,-200.0,-200.0,-200.0,-200.0,-200.0,-200.0,-200,-200.0,-200.0,-200.0,-200,-200.0,89.07170867919922,E
461,A08,-60.003746,-200.0,-64.8229,-63.16225,-70.384895,-69.10437,-200.0,-70.93197,-70.42181,-200.0,-200.0,-200.0,-200.0,-200.0,-200.0,-200.0,-200,-200.0,-200.0,-200.0,-200,-200.0,136.28579711914062,S
462,A08,-60.440937,-200.0,-64.5245,-62.892742,-70.384895,-69.18728,-69.300064,-200.0,-200.0,-69.02254,-200.0,-200.0,-200.0,-200.0,-200.0,-200.0,-200,-200.0,-200.0,-200.0,-200,-200.0,138.6227569580078,S
463,A08,-60.684063,-200.0,-65.269455,-64.29981,-69.72811,-69.13535,-69.2432,-200.0,-200.0,-68.89035,-200.0,-200.0,-200.0,-200.0,-200.0,-200.0,-200,-200.0,-200.0,-200.0,-200,-200.0,136.5082550048828,S
464,A08,-61.661378,-200.0,-64.28288,-62.63502,-69.608795,-68.99823,-69.145096,-200.0,-200.0,-68.72021,-200.0,-200.0,-200.0,-200.0,-200.0,-200.0,-200,-200.0,-200.0,-200.0,-200,-200.0,135.44271850585938,S
465,A08,-61.661378,-200.0,-63.964363,-62.388573,-69.450966,-70.04692,-200.0,-200.0,-70.62178,-68.95112,-200.0,-200.0,-200.0,-200.0,-200.0,-200.0,-200,-200.0,-200.0,-200.0,-200,-200.0,135.44271850585938,S
466,A08,-60.960293,-200.0,-63.61604,-62.152905,-70.384895,-69.08578,-200.0,-70.93197,-70.81326,-200.0,-200.0,-200.0,-200.0,-200.0,-200.0,-200.0,-200,-200.0,-200.0,-200.0,-200,-200.0,135.44271850585938,S
467,A08,-61.224438,-200.0,-63.282948,-62.01501,-69.431244,-69.08202,-69.09502,-200.0,-200.0,-68.82205,-200.0,-200.0,-200.0,-200.0,-200.0,-200.0,-200,-200.0,-200.0,-200.0,-200,-200.0,161.5790557861328,S
468,A08,-61.520767,-200.0,-65.269455,-64.29981,-69.32491,-69.16591,-69.04713,-200.0,-200.0,-68.69863,-200.0,-200.0,-200.0,-200.0,-200.0,-200.0,-200,-200.0,-200.0,-200.0,-200,-200.0,147.8038787841797,S
469,A08,-61.661378,-200.0,-63.40178,-64.29981,-69.39818,-69.42107,-68.913864,-200.0,-200.0,-68.668076,-200.0,-200.0,-200.0,-200.0,-200.0,-200.0,-200,-200.0,-200.0,-200.0,-200,-200.0,110.85152435302734,E
