timeStamp,001,002,003,004,005,006,007,008,009,010,011,012,013,014,015,016,017,018,019,020,021,022,heading,direction
2022-07-20 14:42:29 +0000,-200.0,-200.0,-63.0,-67.0,-62.0,-200.0,-200.0,-200.0,-61.0,-200.0,-91.0,-88.0,-91.0,-79.0,-200.0,-200.0,0.0,-200.0,-91.0,-92.0,-200.0,-86.0,5.674173831939697,N
2022-07-20 14:42:30 +0000,-60.0,-77.0,-63.0,-69.0,0.0,-69.0,-200.0,-200.0,-62.0,-200.0,-94.0,-87.0,-81.0,-80.0,-78.0,-82.0,0.0,-200.0,0.0,0.0,-200.0,-85.0,8.36811637878418,N
2022-07-20 14:42:31 +0000,-62.0,-78.0,-64.0,-65.0,0.0,-70.0,-73.0,-70.0,0.0,-80.0,0.0,-91.0,-82.0,0.0,-78.0,-80.0,0.0,-84.0,0.0,-83.0,-200.0,-87.0,8.787939071655273,N
2022-07-20 14:42:32 +0000,-64.0,-78.0,0.0,-64.0,-70.0,-70.0,-72.0,-70.0,-65.0,-77.0,-87.0,0.0,-80.0,-89.0,-81.0,-88.0,0.0,-84.0,-85.0,-85.0,-200.0,0.0,9.130125045776367,N
2022-07-20 14:42:33 +0000,-63.0,-76.0,-62.0,0.0,-65.0,-66.0,-75.0,-69.0,-65.0,-76.0,-87.0,-89.0,0.0,-84.0,-82.0,-85.0,-94.0,-90.0,-82.0,-82.0,-200.0,-88.0,6.718679904937744,N
2022-07-20 14:42:34 +0000,0.0,0.0,-62.0,-66.0,-66.0,0.0,-79.0,-75.0,-64.0,-79.0,-89.0,-88.0,-84.0,-81.0,0.0,0.0,-93.0,-90.0,-82.0,-78.0,-200.0,-87.0,9.979049682617188,N
2022-07-20 14:42:35 +0000,-63.0,-77.0,-64.0,-66.0,0.0,-75.0,0.0,0.0,-64.0,0.0,-88.0,-84.0,-80.0,-79.0,-77.0,-85.0,0.0,0.0,0.0,0.0,-200.0,-83.0,7.923930644989014,N
2022-07-20 14:42:36 +0000,-63.0,-78.0,-63.0,-66.0,0.0,-75.0,-72.0,-72.0,0.0,-85.0,0.0,-84.0,-80.0,0.0,-78.0,-86.0,0.0,-88.0,-86.0,-89.0,-200.0,-84.0,8.153221130371094,N
2022-07-20 14:42:37 +0000,-64.0,-80.0,0.0,-71.0,-69.0,-73.0,-74.0,-72.0,-65.0,-82.0,-84.0,0.0,0.0,0.0,-80.0,-84.0,-91.0,-88.0,-82.0,-82.0,-200.0,0.0,5.730344295501709,N
2022-07-20 14:42:38 +0000,0.0,-79.0,-63.0,0.0,-63.0,-78.0,-73.0,-70.0,-66.0,-75.0,-85.0,-91.0,0.0,-76.0,0.0,-84.0,-91.0,-89.0,-76.0,-80.0,-200.0,-88.0,6.851407527923584,N
2022-07-20 14:42:39 +0000,0.0,0.0,-64.0,-62.0,-63.0,0.0,-72.0,-74.0,-64.0,-74.0,-89.0,-87.0,0.0,-77.0,0.0,0.0,-92.0,-90.0,-89.0,-80.0,-200.0,-88.0,8.000543594360352,N
2022-07-20 14:42:40 +0000,-62.0,-78.0,-64.0,-62.0,-85.0,-72.0,0.0,0.0,-64.0,0.0,0.0,-86.0,-86.0,-77.0,-81.0,-86.0,0.0,0.0,0.0,0.0,-200.0,-89.0,16.550548553466797,N
2022-07-20 14:42:41 +0000,-62.0,-78.0,-64.0,-62.0,0.0,-71.0,-74.0,-67.0,0.0,-81.0,0.0,-82.0,-78.0,0.0,-79.0,-83.0,0.0,-86.0,-84.0,-88.0,-200.0,0.0,14.065338134765625,N
2022-07-20 14:42:42 +0000,-66.0,-82.0,0.0,-68.0,-71.0,-74.0,-74.0,-68.0,-63.0,-78.0,-92.0,0.0,-79.0,-78.0,-75.0,-81.0,-94.0,-86.0,-80.0,-82.0,-200.0,0.0,10.892581939697266,N
2022-07-20 14:42:43 +0000,-67.0,0.0,-65.0,0.0,-72.0,-76.0,-72.0,-69.0,-64.0,-77.0,-92.0,-81.0,0.0,-78.0,-74.0,-81.0,0.0,-89.0,-78.0,-82.0,-200.0,-86.0,9.890947341918945,N
2022-07-20 14:42:44 +0000,0.0,0.0,-60.0,-65.0,-72.0,0.0,-72.0,0.0,-64.0,-80.0,-96.0,-84.0,0.0,-78.0,0.0,0.0,0.0,-88.0,-90.0,-82.0,-200.0,-87.0,9.890947341918945,N
2022-07-20 14:42:45 +0000,-65.0,-77.0,-61.0,-65.0,0.0,-71.0,0.0,0.0,-64.0,0.0,-93.0,-88.0,-84.0,-77.0,-90.0,-81.0,0.0,0.0,0.0,0.0,-200.0,-88.0,9.890947341918945,N
2022-07-20 14:42:46 +0000,-61.0,-78.0,-64.0,-66.0,0.0,-72.0,-73.0,-67.0,0.0,-80.0,0.0,-82.0,-83.0,0.0,-84.0,-81.0,0.0,-87.0,-82.0,-84.0,-200.0,0.0,9.890947341918945,N
2022-07-20 14:42:47 +0000,-62.0,-73.0,0.0,-65.0,-70.0,-71.0,-75.0,-67.0,-64.0,-81.0,-91.0,0.0,-79.0,-80.0,-77.0,-81.0,0.0,-87.0,-83.0,-82.0,-200.0,0.0,9.890947341918945,N
2022-07-20 14:42:48 +0000,-63.0,-72.0,-72.0,0.0,-70.0,-69.0,-79.0,-67.0,-64.0,-80.0,-91.0,-88.0,0.0,-80.0,-85.0,-84.0,0.0,-90.0,-81.0,-82.0,-200.0,-92.0,9.890947341918945,N
2022-07-20 14:42:49 +0000,0.0,0.0,-62.0,-65.0,-69.0,0.0,-79.0,0.0,-64.0,-79.0,-92.0,-82.0,0.0,-78.0,0.0,0.0,0.0,-88.0,-81.0,-83.0,-200.0,-91.0,9.890947341918945,N
2022-07-20 14:42:50 +0000,-60.0,-75.0,-60.0,-67.0,-66.0,-76.0,0.0,0.0,-63.0,0.0,-89.0,-82.0,-80.0,-77.0,-77.0,-86.0,0.0,0.0,0.0,0.0,-200.0,-89.0,9.890947341918945,N
2022-07-20 14:42:51 +0000,-60.0,-74.0,-62.0,-66.0,0.0,-76.0,-83.0,-68.0,0.0,-74.0,0.0,-87.0,-80.0,0.0,-78.0,-80.0,0.0,-85.0,0.0,-86.0,-200.0,-90.0,9.890947341918945,N
2022-07-20 14:42:52 +0000,-61.0,-78.0,0.0,0.0,-67.0,-77.0,-80.0,-68.0,-63.0,-74.0,-91.0,0.0,-81.0,-79.0,-76.0,-79.0,-91.0,-86.0,0.0,-86.0,-200.0,0.0,9.890947341918945,N
2022-07-20 14:42:53 +0000,-62.0,-83.0,-75.0,0.0,-70.0,-77.0,-76.0,-68.0,-64.0,-74.0,-92.0,-94.0,0.0,-81.0,-78.0,-81.0,-91.0,-86.0,-86.0,-86.0,-200.0,-86.0,9.890947341918945,N
2022-07-20 14:42:54 +0000,0.0,0.0,-65.0,-67.0,-66.0,0.0,-77.0,-68.0,-66.0,-75.0,-90.0,-84.0,-81.0,-81.0,0.0,0.0,-92.0,0.0,-88.0,-82.0,-200.0,-86.0,9.890947341918945,N
2022-07-20 14:42:55 +0000,-69.0,-75.0,-65.0,-67.0,-65.0,-68.0,0.0,0.0,-68.0,0.0,-90.0,-83.0,-81.0,-78.0,-77.0,-92.0,-93.0,0.0,0.0,0.0,-200.0,-89.0,9.890947341918945,N
2022-07-20 14:42:56 +0000,-68.0,-77.0,-67.0,-74.0,0.0,-70.0,-72.0,-68.0,0.0,-82.0,0.0,-85.0,-81.0,0.0,-77.0,-92.0,0.0,-94.0,0.0,-88.0,-200.0,0.0,9.890947341918945,N
2022-07-20 14:42:57 +0000,-68.0,-78.0,0.0,-76.0,-64.0,-70.0,-70.0,-67.0,-67.0,-82.0,0.0,0.0,-82.0,-84.0,-81.0,-91.0,-92.0,-94.0,-83.0,-82.0,-200.0,0.0,9.890947341918945,N
2022-07-20 14:42:58 +0000,-68.0,-76.0,0.0,0.0,-64.0,-74.0,-73.0,-67.0,-65.0,-87.0,0.0,-90.0,0.0,-83.0,-80.0,-83.0,-94.0,0.0,-84.0,-79.0,-200.0,0.0,9.890947341918945,N
2022-07-20 14:42:59 +0000,0.0,0.0,-64.0,-67.0,-65.0,0.0,-79.0,-67.0,-64.0,-90.0,-92.0,-82.0,0.0,-82.0,0.0,0.0,-93.0,0.0,-81.0,-82.0,-200.0,-89.0,9.890947341918945,N
2022-07-20 14:43:00 +0000,-66.0,-76.0,-63.0,-68.0,-79.0,-74.0,0.0,0.0,-64.0,0.0,0.0,-82.0,-78.0,-81.0,-74.0,-82.0,-92.0,0.0,0.0,0.0,-200.0,-92.0,9.890947341918945,N
2022-07-20 14:43:01 +0000,-65.0,-76.0,-66.0,-69.0,0.0,-73.0,-72.0,-67.0,0.0,-89.0,0.0,-84.0,-80.0,0.0,-74.0,-80.0,0.0,-91.0,-85.0,-81.0,-200.0,0.0,9.890947341918945,N
2022-07-20 14:43:02 +0000,-67.0,-76.0,0.0,-72.0,-68.0,-70.0,-73.0,-66.0,-65.0,-79.0,-90.0,0.0,-82.0,0.0,-76.0,-80.0,0.0,-89.0,-82.0,-84.0,-200.0,0.0,9.890947341918945,N
2022-07-20 14:43:03 +0000,-58.0,-84.0,-71.0,0.0,-66.0,-69.0,-75.0,-65.0,-65.0,-92.0,-89.0,-84.0,0.0,-81.0,-81.0,-85.0,0.0,-89.0,-82.0,-83.0,-200.0,-86.0,9.890947341918945,N
2022-07-20 14:43:04 +0000,0.0,0.0,-67.0,-67.0,-66.0,0.0,-84.0,-67.0,-66.0,-93.0,-89.0,-83.0,-91.0,-82.0,0.0,0.0,-94.0,-89.0,-81.0,-84.0,-200.0,-86.0,8.857391357421875,N
2022-07-20 14:43:05 +0000,-60.0,-81.0,-69.0,-67.0,0.0,-71.0,0.0,0.0,-65.0,0.0,0.0,-85.0,-83.0,-83.0,-80.0,-83.0,-94.0,0.0,0.0,0.0,-200.0,-90.0,8.857391357421875,N
2022-07-20 14:43:06 +0000,-58.0,-78.0,-66.0,-67.0,0.0,-70.0,-80.0,-69.0,0.0,-84.0,0.0,-88.0,-83.0,0.0,-77.0,-79.0,0.0,0.0,-81.0,-86.0,-200.0,-90.0,8.857391357421875,N
2022-07-20 14:43:07 +0000,-59.0,-80.0,0.0,0.0,-67.0,-70.0,-73.0,-69.0,-64.0,-78.0,-92.0,0.0,-86.0,-83.0,-80.0,-79.0,-93.0,-89.0,-81.0,-86.0,-200.0,0.0,7.795012950897217,N
2022-07-20 14:43:08 +0000,-58.0,-86.0,-60.0,0.0,-65.0,-70.0,-73.0,-69.0,-64.0,-77.0,-92.0,-83.0,0.0,-78.0,0.0,-80.0,-94.0,-92.0,-78.0,-82.0,-200.0,-90.0,8.859621047973633,N
2022-07-20 14:43:09 +0000,0.0,0.0,-59.0,-66.0,-66.0,0.0,-77.0,-75.0,-64.0,-82.0,-95.0,-82.0,-85.0,-77.0,0.0,0.0,0.0,-92.0,-76.0,-82.0,-200.0,-91.0,6.322277545928955,N
2022-07-20 14:43:10 +0000,-61.0,-76.0,-59.0,-67.0,0.0,-77.0,0.0,0.0,-63.0,0.0,-93.0,-83.0,-80.0,-78.0,-80.0,-81.0,0.0,0.0,0.0,0.0,-200.0,0.0,9.048274993896484,N
2022-07-20 14:43:11 +0000,-61.0,-87.0,-62.0,-66.0,0.0,-75.0,-71.0,-70.0,0.0,-79.0,0.0,-86.0,-81.0,0.0,-80.0,-81.0,0.0,0.0,-87.0,-84.0,-200.0,0.0,8.637601852416992,N
2022-07-20 14:43:12 +0000,-61.0,-84.0,0.0,0.0,-67.0,-68.0,-70.0,-67.0,-65.0,-77.0,0.0,0.0,-83.0,0.0,-81.0,-79.0,-93.0,-89.0,-84.0,-84.0,-200.0,0.0,7.430374622344971,N
2022-07-20 14:43:13 +0000,0.0,-79.0,-67.0,0.0,-69.0,-67.0,-69.0,-66.0,-68.0,-76.0,-93.0,-87.0,0.0,-84.0,0.0,-79.0,-94.0,-87.0,-78.0,-85.0,-200.0,-87.0,8.90435791015625,N
2022-07-20 14:43:14 +0000,0.0,0.0,-69.0,-70.0,-71.0,0.0,-69.0,-68.0,-69.0,-76.0,-93.0,-88.0,0.0,-83.0,0.0,0.0,-93.0,-87.0,-75.0,-86.0,-200.0,-87.0,7.873782634735107,N
2022-07-20 14:43:15 +0000,-61.0,-82.0,-65.0,-69.0,0.0,-69.0,0.0,0.0,-69.0,0.0,0.0,-85.0,-85.0,-84.0,-83.0,-81.0,-93.0,0.0,0.0,0.0,-200.0,-87.0,7.873782634735107,N
2022-07-20 14:43:16 +0000,-61.0,-80.0,-63.0,-69.0,0.0,-68.0,-74.0,-67.0,0.0,-77.0,0.0,-85.0,-87.0,0.0,-82.0,-83.0,0.0,-89.0,-86.0,0.0,-200.0,-88.0,7.873782634735107,N
2022-07-20 14:43:17 +0000,-61.0,-82.0,0.0,-75.0,-70.0,-68.0,-70.0,-68.0,-67.0,-77.0,0.0,0.0,-86.0,0.0,-82.0,-79.0,-92.0,-88.0,-78.0,-86.0,-200.0,0.0,7.873782634735107,N
2022-07-20 14:43:18 +0000,0.0,-87.0,-76.0,0.0,-72.0,-68.0,-67.0,-65.0,-67.0,-81.0,0.0,-84.0,0.0,-83.0,-83.0,-78.0,-91.0,-92.0,-80.0,-85.0,-200.0,-88.0,9.901887893676758,N
2022-07-20 14:43:19 +0000,0.0,0.0,-68.0,-71.0,-71.0,0.0,-83.0,0.0,-66.0,-84.0,-92.0,-92.0,-85.0,-83.0,0.0,0.0,-95.0,0.0,-79.0,-87.0,-200.0,-90.0,9.990911483764648,N
2022-07-20 14:43:20 +0000,-57.0,0.0,-64.0,-70.0,0.0,-69.0,0.0,0.0,-67.0,0.0,-91.0,-91.0,-82.0,-84.0,-78.0,-79.0,-96.0,0.0,0.0,0.0,-200.0,-93.0,11.036581039428711,N
2022-07-20 14:43:21 +0000,-58.0,-83.0,-64.0,-71.0,0.0,-70.0,-70.0,-66.0,0.0,0.0,0.0,-84.0,-82.0,0.0,-78.0,-79.0,0.0,-86.0,-82.0,-91.0,-200.0,-87.0,11.036581039428711,N
2022-07-20 14:43:22 +0000,-65.0,-82.0,0.0,-71.0,-66.0,-71.0,-71.0,-66.0,-65.0,-78.0,0.0,0.0,-82.0,-84.0,-78.0,-82.0,-96.0,-86.0,-82.0,-85.0,-200.0,0.0,11.036581039428711,N
2022-07-20 14:43:23 +0000,-69.0,-85.0,-64.0,0.0,-66.0,-70.0,-71.0,-66.0,-65.0,-78.0,-92.0,-88.0,0.0,-83.0,-79.0,-79.0,0.0,-86.0,-82.0,-86.0,-200.0,-93.0,11.036581039428711,N
2022-07-20 14:43:24 +0000,0.0,0.0,-66.0,-71.0,-70.0,0.0,-70.0,-65.0,-66.0,-78.0,-92.0,-84.0,0.0,-82.0,0.0,0.0,-94.0,-86.0,-85.0,-85.0,-200.0,-92.0,12.072443008422852,N
2022-07-20 14:43:25 +0000,-61.0,-88.0,-72.0,-69.0,0.0,-72.0,0.0,0.0,-67.0,0.0,-93.0,-84.0,-85.0,-83.0,-83.0,-79.0,0.0,0.0,0.0,0.0,-200.0,-88.0,12.072443008422852,N
2022-07-20 14:43:26 +0000,-57.0,-80.0,-66.0,-69.0,0.0,-69.0,-71.0,-66.0,0.0,-81.0,0.0,-86.0,-85.0,0.0,-79.0,-79.0,0.0,-87.0,-83.0,-83.0,-200.0,-88.0,12.072443008422852,N
2022-07-20 14:43:27 +0000,-59.0,-82.0,0.0,-69.0,-70.0,-69.0,-72.0,-66.0,-65.0,-79.0,0.0,0.0,-84.0,-82.0,-77.0,-80.0,0.0,-86.0,-83.0,-87.0,-200.0,0.0,12.072443008422852,N
2022-07-20 14:43:28 +0000,-61.0,-87.0,-63.0,0.0,-70.0,-68.0,-71.0,-66.0,-67.0,-79.0,0.0,-84.0,0.0,-81.0,0.0,-84.0,-94.0,-86.0,-84.0,-85.0,-200.0,-92.0,12.072443008422852,N
2022-07-20 14:43:29 +0000,0.0,0.0,-64.0,-70.0,-75.0,0.0,-71.0,-66.0,-66.0,-78.0,-92.0,-86.0,-84.0,-81.0,0.0,0.0,-94.0,-87.0,-84.0,-85.0,-200.0,-89.0,12.072443008422852,N
2022-07-20 14:43:30 +0000,-60.0,-82.0,-68.0,-68.0,0.0,-70.0,0.0,0.0,-66.0,0.0,-92.0,-84.0,-82.0,-83.0,-78.0,-79.0,-94.0,0.0,0.0,0.0,-200.0,-87.0,12.072443008422852,N
2022-07-20 14:43:31 +0000,-60.0,-82.0,-64.0,-71.0,0.0,-69.0,-72.0,-66.0,0.0,-79.0,0.0,-85.0,-82.0,0.0,-78.0,-79.0,0.0,0.0,-82.0,-86.0,-200.0,0.0,12.072443008422852,N
2022-07-20 14:43:32 +0000,-57.0,-81.0,0.0,-72.0,-69.0,-68.0,-71.0,-66.0,-64.0,-78.0,0.0,0.0,-84.0,-82.0,-81.0,-81.0,-95.0,-87.0,-83.0,-84.0,-200.0,0.0,12.072443008422852,N
2022-07-20 14:43:33 +0000,-56.0,-87.0,-67.0,0.0,-68.0,-71.0,-71.0,-67.0,-64.0,-80.0,-93.0,-82.0,0.0,-83.0,0.0,-83.0,-95.0,-88.0,-84.0,-84.0,-200.0,-84.0,12.072443008422852,N
2022-07-20 14:43:34 +0000,0.0,0.0,-63.0,-71.0,-68.0,0.0,-70.0,-67.0,-71.0,-85.0,0.0,-82.0,-85.0,-84.0,0.0,0.0,-95.0,-89.0,-84.0,-85.0,-200.0,-84.0,12.072443008422852,N
2022-07-20 14:43:35 +0000,-58.0,-82.0,-64.0,-70.0,0.0,-70.0,0.0,0.0,0.0,0.0,0.0,-86.0,-85.0,-81.0,-77.0,-85.0,0.0,0.0,0.0,0.0,-200.0,-85.0,12.072443008422852,N
2022-07-20 14:43:36 +0000,-58.0,-84.0,-65.0,-70.0,0.0,-70.0,-72.0,-67.0,0.0,-78.0,0.0,-93.0,-86.0,0.0,-78.0,-81.0,0.0,-92.0,0.0,-85.0,-200.0,-85.0,12.072443008422852,N
2022-07-20 14:43:37 +0000,-59.0,-84.0,0.0,0.0,-71.0,-69.0,-71.0,-67.0,-72.0,-78.0,-94.0,0.0,-88.0,-81.0,-80.0,-80.0,-94.0,-87.0,-82.0,-85.0,-200.0,0.0,13.074756622314453,N
2022-07-20 14:43:38 +0000,-61.0,-88.0,-62.0,0.0,-70.0,-68.0,-71.0,-67.0,-66.0,-78.0,-92.0,-87.0,0.0,-81.0,0.0,-79.0,-94.0,-87.0,-83.0,-85.0,-200.0,-87.0,13.074756622314453,N
2022-07-20 14:43:39 +0000,0.0,0.0,-62.0,-69.0,-68.0,0.0,-71.0,0.0,-66.0,-79.0,-92.0,-84.0,0.0,-84.0,0.0,0.0,-96.0,-87.0,-83.0,-91.0,-200.0,-87.0,13.074756622314453,N
2022-07-20 14:43:40 +0000,-59.0,-82.0,-62.0,-69.0,0.0,-70.0,0.0,0.0,-71.0,0.0,-90.0,-87.0,-85.0,-85.0,-80.0,-79.0,0.0,0.0,0.0,0.0,-200.0,-85.0,13.074756622314453,N
2022-07-20 14:43:41 +0000,-62.0,-82.0,-62.0,-70.0,0.0,-69.0,-73.0,-66.0,0.0,-80.0,0.0,-87.0,-86.0,0.0,-79.0,-79.0,0.0,0.0,-84.0,0.0,-200.0,-85.0,13.074756622314453,N
2022-07-20 14:43:42 +0000,-61.0,-81.0,0.0,0.0,-76.0,-70.0,-70.0,-66.0,-80.0,-78.0,-94.0,0.0,-83.0,-86.0,-78.0,-80.0,0.0,-87.0,-83.0,-84.0,-200.0,0.0,13.074756622314453,N
2022-07-20 14:43:43 +0000,0.0,-83.0,-81.0,0.0,-67.0,-70.0,-71.0,-66.0,-69.0,-83.0,-90.0,-85.0,0.0,-84.0,0.0,-80.0,0.0,-87.0,-83.0,-86.0,-200.0,-85.0,12.072711944580078,N
2022-07-20 14:43:44 +0000,0.0,0.0,-64.0,-72.0,-66.0,0.0,-70.0,-67.0,-66.0,-78.0,0.0,-84.0,-85.0,-82.0,0.0,0.0,0.0,-87.0,-84.0,-87.0,-200.0,-85.0,11.069238662719727,N
2022-07-20 14:43:45 +0000,-57.0,-81.0,-64.0,-70.0,0.0,-71.0,0.0,0.0,-66.0,0.0,-93.0,-84.0,-86.0,-87.0,-77.0,-78.0,0.0,0.0,0.0,0.0,-200.0,-87.0,11.069238662719727,N
2022-07-20 14:43:46 +0000,-59.0,-82.0,-62.0,-71.0,0.0,-71.0,-70.0,-66.0,0.0,-83.0,0.0,-86.0,-85.0,0.0,-77.0,-79.0,0.0,-89.0,0.0,-83.0,-200.0,-89.0,12.08121109008789,N
2022-07-20 14:43:47 +0000,-59.0,-82.0,0.0,0.0,-72.0,-70.0,-68.0,-67.0,-79.0,-84.0,-93.0,0.0,-82.0,-81.0,-78.0,-81.0,-94.0,-87.0,-90.0,-84.0,-200.0,0.0,9.971784591674805,N
2022-07-20 14:43:48 +0000,-64.0,-82.0,-68.0,0.0,-70.0,-68.0,-68.0,-69.0,-69.0,-80.0,-91.0,-90.0,0.0,-76.0,-77.0,-81.0,0.0,-90.0,-87.0,-87.0,-200.0,-84.0,338.4108581542969,N
2022-07-20 14:43:49 +0000,0.0,0.0,-66.0,-67.0,-68.0,0.0,-70.0,-69.0,-68.0,-78.0,-94.0,-88.0,-81.0,-79.0,0.0,0.0,-90.0,-92.0,-75.0,-90.0,-200.0,-85.0,308.963623046875,W
2022-07-20 14:43:50 +0000,-54.0,-81.0,-73.0,-62.0,0.0,-66.0,0.0,0.0,-75.0,0.0,-93.0,-86.0,-80.0,-87.0,0.0,-86.0,0.0,0.0,0.0,0.0,-200.0,-87.0,281.94451904296875,W
2022-07-20 14:43:51 +0000,-54.0,-81.0,-73.0,-60.0,0.0,-65.0,-78.0,-67.0,0.0,-70.0,0.0,-89.0,-78.0,0.0,-76.0,-82.0,0.0,0.0,0.0,-92.0,-200.0,-78.0,281.94451904296875,W
2022-07-20 14:43:52 +0000,-56.0,-81.0,0.0,-63.0,-67.0,-65.0,-68.0,-66.0,-80.0,-70.0,-89.0,0.0,-79.0,-85.0,-78.0,-84.0,0.0,-85.0,-80.0,-90.0,-200.0,0.0,277.7490539550781,W
2022-07-20 14:43:53 +0000,0.0,-82.0,-70.0,0.0,-67.0,-66.0,-68.0,-66.0,-79.0,-69.0,-87.0,-87.0,0.0,-82.0,-77.0,-85.0,-94.0,-85.0,-76.0,-87.0,-200.0,-80.0,278.754150390625,W
2022-07-20 14:43:54 +0000,0.0,0.0,-69.0,-59.0,-70.0,0.0,-69.0,-71.0,-78.0,-67.0,-87.0,-83.0,-74.0,-82.0,0.0,0.0,-92.0,-88.0,-82.0,-82.0,-200.0,-82.0,277.6858215332031,W
2022-07-20 14:43:55 +0000,-56.0,-79.0,-69.0,-59.0,0.0,-67.0,0.0,0.0,0.0,0.0,-88.0,-84.0,-76.0,-87.0,-78.0,-79.0,-94.0,0.0,0.0,0.0,-200.0,-78.0,277.6858215332031,W
2022-07-20 14:43:56 +0000,-56.0,-79.0,-69.0,-59.0,0.0,-67.0,-69.0,-68.0,0.0,-71.0,0.0,-83.0,-77.0,0.0,-77.0,-78.0,0.0,0.0,0.0,-84.0,-200.0,-87.0,278.6964416503906,W
2022-07-20 14:43:57 +0000,-56.0,-80.0,0.0,0.0,-70.0,-66.0,-69.0,-69.0,-73.0,-70.0,0.0,0.0,-75.0,0.0,-77.0,-78.0,-89.0,-88.0,-78.0,-88.0,-200.0,0.0,278.6964416503906,W
2022-07-20 14:43:58 +0000,-56.0,-81.0,-71.0,0.0,-71.0,-66.0,-69.0,-66.0,-78.0,-69.0,-89.0,-89.0,0.0,-85.0,-77.0,-78.0,-89.0,-93.0,-77.0,-90.0,-200.0,-80.0,278.6964416503906,W
2022-07-20 14:43:59 +0000,0.0,0.0,-70.0,-60.0,-72.0,0.0,-71.0,-66.0,-80.0,-72.0,-89.0,-85.0,-80.0,-85.0,0.0,0.0,-89.0,-88.0,-80.0,-91.0,-200.0,-78.0,279.72540283203125,W
2022-07-20 14:44:00 +0000,-56.0,-80.0,-71.0,-60.0,0.0,-66.0,0.0,0.0,-89.0,0.0,-89.0,-84.0,-76.0,-84.0,-78.0,-82.0,-90.0,0.0,0.0,0.0,-200.0,-83.0,279.72540283203125,W
2022-07-20 14:44:01 +0000,-56.0,-79.0,-72.0,-60.0,0.0,-66.0,-72.0,-70.0,0.0,-69.0,0.0,-86.0,-78.0,0.0,-76.0,-83.0,0.0,0.0,0.0,-91.0,-200.0,-83.0,281.79766845703125,W
2022-07-20 14:44:02 +0000,-56.0,-81.0,0.0,-60.0,-73.0,-66.0,-68.0,-68.0,0.0,-71.0,-89.0,0.0,-77.0,-84.0,-76.0,-80.0,-95.0,-91.0,-79.0,-87.0,-200.0,0.0,282.83013916015625,W
2022-07-20 14:44:03 +0000,-56.0,-83.0,-73.0,0.0,-72.0,-64.0,-68.0,-66.0,-74.0,-70.0,-88.0,-89.0,0.0,-81.0,-75.0,-81.0,-96.0,-89.0,-78.0,-84.0,-200.0,-78.0,283.83306884765625,W
2022-07-20 14:44:04 +0000,0.0,0.0,-72.0,-60.0,-71.0,0.0,-68.0,-67.0,-75.0,-70.0,-88.0,-84.0,-78.0,-83.0,0.0,0.0,-96.0,-89.0,-78.0,-82.0,-200.0,-77.0,283.83306884765625,W
2022-07-20 14:44:05 +0000,-56.0,-80.0,-72.0,-60.0,0.0,-66.0,0.0,0.0,-75.0,0.0,0.0,-86.0,-78.0,-83.0,-78.0,-78.0,0.0,0.0,0.0,0.0,-200.0,-77.0,283.83306884765625,W
2022-07-20 14:44:06 +0000,-56.0,-79.0,-72.0,-61.0,0.0,-64.0,-69.0,-67.0,0.0,-73.0,0.0,-89.0,-77.0,0.0,-75.0,-80.0,0.0,0.0,-77.0,0.0,-200.0,-77.0,284.8413391113281,W
2022-07-20 14:44:07 +0000,-56.0,-80.0,0.0,-62.0,-70.0,-63.0,-70.0,-71.0,-79.0,-69.0,-92.0,0.0,-76.0,-87.0,-76.0,-81.0,0.0,-85.0,-77.0,-90.0,-200.0,0.0,284.8413391113281,W
2022-07-20 14:44:08 +0000,-55.0,-83.0,-75.0,0.0,-67.0,-63.0,-67.0,-68.0,-79.0,-69.0,-88.0,0.0,0.0,-85.0,-77.0,-82.0,-92.0,-85.0,-78.0,-90.0,-200.0,-87.0,282.7419128417969,W
2022-07-20 14:44:09 +0000,0.0,0.0,-72.0,-64.0,-67.0,0.0,-70.0,-65.0,-73.0,-75.0,-86.0,-93.0,-83.0,-85.0,0.0,0.0,-92.0,-86.0,-81.0,-90.0,-200.0,-86.0,281.7313232421875,W
2022-07-20 14:44:10 +0000,-56.0,-78.0,-67.0,-60.0,-71.0,-63.0,0.0,0.0,-73.0,0.0,-88.0,-88.0,-78.0,-85.0,-78.0,-84.0,-94.0,0.0,0.0,0.0,-200.0,-86.0,282.8132019042969,W
2022-07-20 14:44:11 +0000,-56.0,-77.0,-67.0,-58.0,0.0,-63.0,-67.0,-68.0,0.0,-72.0,0.0,-85.0,-77.0,0.0,-79.0,-79.0,0.0,-84.0,-81.0,0.0,-200.0,0.0,282.8132019042969,W
2022-07-20 14:44:12 +0000,-56.0,-82.0,0.0,0.0,-67.0,-63.0,-67.0,-65.0,-78.0,-72.0,0.0,0.0,-75.0,-85.0,-75.0,-80.0,-92.0,-85.0,-76.0,-87.0,-200.0,0.0,283.8249816894531,W
2022-07-20 14:44:13 +0000,-56.0,-81.0,0.0,0.0,-66.0,0.0,-66.0,-66.0,-79.0,-71.0,-82.0,-86.0,0.0,-84.0,-76.0,-89.0,-92.0,-85.0,-76.0,-87.0,-200.0,-83.0,283.8249816894531,W
2022-07-20 14:44:14 +0000,0.0,0.0,-69.0,-63.0,-66.0,0.0,-65.0,-69.0,-80.0,-72.0,-83.0,-86.0,0.0,-85.0,0.0,0.0,-94.0,-85.0,-76.0,-86.0,-200.0,-83.0,283.8249816894531,W
2022-07-20 14:44:15 +0000,-56.0,-81.0,-71.0,-62.0,0.0,-68.0,0.0,0.0,0.0,0.0,-87.0,-85.0,-76.0,-84.0,-75.0,-78.0,0.0,0.0,0.0,0.0,-200.0,-82.0,281.7129821777344,W
2022-07-20 14:44:16 +0000,-55.0,-81.0,-73.0,-60.0,0.0,-66.0,-71.0,-74.0,0.0,-71.0,0.0,-85.0,-76.0,0.0,-75.0,-79.0,0.0,-94.0,0.0,-88.0,-200.0,-83.0,280.69244384765625,W
2022-07-20 14:44:17 +0000,-55.0,-85.0,0.0,0.0,-67.0,-66.0,-68.0,-67.0,-81.0,-70.0,0.0,0.0,-77.0,-81.0,-74.0,-79.0,-94.0,-87.0,-76.0,-82.0,-200.0,0.0,280.69244384765625,W
2022-07-20 14:44:18 +0000,0.0,-79.0,-78.0,0.0,-68.0,-65.0,-67.0,-65.0,-81.0,-70.0,-86.0,-86.0,0.0,-82.0,-75.0,0.0,-93.0,-88.0,-76.0,-82.0,-200.0,-82.0,282.7625732421875,W
2022-07-20 14:44:19 +0000,0.0,0.0,-71.0,-61.0,-68.0,0.0,-67.0,-72.0,-82.0,-71.0,-86.0,-87.0,-83.0,-80.0,0.0,0.0,-90.0,-88.0,-86.0,-83.0,-200.0,-83.0,282.7625732421875,W
2022-07-20 14:44:20 +0000,-56.0,-79.0,-73.0,-61.0,0.0,-63.0,0.0,0.0,0.0,0.0,-87.0,-90.0,-77.0,-78.0,-74.0,-78.0,0.0,0.0,0.0,0.0,-200.0,-81.0,282.7625732421875,W
2022-07-20 14:44:21 +0000,-56.0,-80.0,-86.0,-61.0,0.0,-63.0,-68.0,-69.0,0.0,-73.0,0.0,-92.0,-76.0,0.0,-74.0,-78.0,0.0,-90.0,0.0,-90.0,-200.0,-80.0,282.7625732421875,W
2022-07-20 14:44:22 +0000,-56.0,-81.0,0.0,0.0,-69.0,-66.0,-66.0,-67.0,-82.0,-72.0,-84.0,0.0,-78.0,-84.0,-76.0,-77.0,0.0,-90.0,-92.0,-85.0,-200.0,0.0,281.746826171875,W
2022-07-20 14:44:23 +0000,-56.0,-81.0,-71.0,0.0,-69.0,-66.0,-68.0,-69.0,-79.0,-72.0,-84.0,0.0,0.0,-82.0,-80.0,-78.0,-93.0,-87.0,-91.0,-84.0,-200.0,-83.0,281.746826171875,W
2022-07-20 14:44:24 +0000,0.0,0.0,-70.0,-63.0,-68.0,0.0,-69.0,-69.0,-79.0,-73.0,-83.0,-83.0,-76.0,-82.0,0.0,0.0,-92.0,-91.0,-74.0,-84.0,-200.0,-83.0,283.77764892578125,W
2022-07-20 14:44:25 +0000,-57.0,-86.0,-71.0,-62.0,-67.0,-64.0,0.0,0.0,0.0,0.0,-84.0,-83.0,-76.0,-83.0,-78.0,-81.0,0.0,0.0,0.0,0.0,-200.0,-82.0,283.77764892578125,W
2022-07-20 14:44:26 +0000,-56.0,-80.0,-71.0,-62.0,-73.0,-63.0,-67.0,-68.0,0.0,-73.0,0.0,-84.0,-77.0,0.0,-78.0,-81.0,0.0,0.0,-88.0,0.0,-200.0,-82.0,283.77764892578125,W
2022-07-20 14:44:27 +0000,-56.0,-78.0,0.0,-62.0,-69.0,-64.0,-67.0,-68.0,-73.0,-73.0,-86.0,0.0,-77.0,-78.0,-78.0,-79.0,-91.0,-92.0,-83.0,-88.0,-200.0,0.0,283.77764892578125,W
2022-07-20 14:44:28 +0000,-55.0,-79.0,-71.0,0.0,-69.0,0.0,-67.0,-67.0,-73.0,-69.0,-85.0,-83.0,0.0,-79.0,-78.0,-76.0,-91.0,-91.0,-81.0,-84.0,-200.0,-82.0,283.77764892578125,W
2022-07-20 14:44:29 +0000,0.0,0.0,-72.0,-60.0,-69.0,0.0,-68.0,-67.0,-78.0,-69.0,-86.0,-87.0,0.0,-81.0,0.0,0.0,-93.0,-91.0,-75.0,-85.0,-200.0,-82.0,283.77764892578125,W
2022-07-20 14:44:30 +0000,-54.0,-80.0,-71.0,-58.0,0.0,-64.0,0.0,0.0,0.0,0.0,-88.0,-85.0,-77.0,-81.0,-77.0,-76.0,-93.0,0.0,0.0,0.0,-200.0,-81.0,283.77764892578125,W
2022-07-20 14:44:31 +0000,-57.0,-80.0,-71.0,-58.0,0.0,-67.0,0.0,-72.0,0.0,-73.0,0.0,-83.0,-77.0,0.0,-77.0,-77.0,0.0,0.0,0.0,-86.0,-200.0,-81.0,283.77764892578125,W
2022-07-20 14:44:32 +0000,-56.0,-80.0,0.0,0.0,-71.0,-65.0,-68.0,-71.0,-76.0,-70.0,-86.0,0.0,-77.0,-83.0,-77.0,-78.0,-94.0,-97.0,-75.0,-85.0,-200.0,0.0,283.77764892578125,W
2022-07-20 14:44:33 +0000,-56.0,-80.0,-76.0,0.0,-69.0,-64.0,-68.0,-69.0,-87.0,-68.0,-86.0,-85.0,0.0,-83.0,0.0,-78.0,-93.0,-91.0,-76.0,-84.0,-200.0,-83.0,283.77764892578125,W
2022-07-20 14:44:34 +0000,0.0,0.0,-71.0,-60.0,-65.0,0.0,-70.0,-62.0,-79.0,-66.0,-85.0,-90.0,0.0,-85.0,0.0,0.0,-92.0,-91.0,-76.0,-88.0,-200.0,-84.0,284.79443359375,W
2022-07-20 14:44:35 +0000,-58.0,-81.0,-68.0,-63.0,-65.0,-64.0,0.0,0.0,-76.0,0.0,-89.0,-88.0,-73.0,-83.0,-79.0,-84.0,-92.0,0.0,0.0,0.0,-200.0,-86.0,241.4629669189453,W
2022-07-20 14:44:36 +0000,-57.0,-75.0,-66.0,-68.0,-75.0,-68.0,-72.0,-69.0,0.0,0.0,0.0,-84.0,-77.0,0.0,-79.0,-86.0,0.0,-93.0,-77.0,-88.0,-200.0,-87.0,199.09320068359375,S
2022-07-20 14:44:37 +0000,-62.0,-75.0,0.0,0.0,-79.0,-68.0,-71.0,-72.0,-77.0,-66.0,-84.0,0.0,-77.0,0.0,-80.0,-86.0,0.0,-92.0,-80.0,-85.0,-200.0,0.0,194.46014404296875,S
2022-07-20 14:44:38 +0000,-63.0,-77.0,-70.0,0.0,-74.0,-67.0,-73.0,-73.0,-77.0,-71.0,-82.0,-85.0,0.0,-81.0,0.0,0.0,0.0,-92.0,-81.0,-84.0,-200.0,-89.0,194.46014404296875,S
2022-07-20 14:44:39 +0000,0.0,0.0,-67.0,-74.0,-74.0,0.0,-75.0,-74.0,-78.0,-79.0,-80.0,-84.0,-75.0,-79.0,0.0,0.0,0.0,-93.0,-87.0,-83.0,-200.0,-89.0,194.46014404296875,S
2022-07-20 14:44:40 +0000,-63.0,-77.0,-67.0,-63.0,0.0,-68.0,0.0,0.0,-80.0,0.0,-80.0,-84.0,-75.0,-80.0,-82.0,-81.0,0.0,0.0,0.0,0.0,-200.0,-90.0,194.46014404296875,S
2022-07-20 14:44:41 +0000,-62.0,-75.0,-68.0,-63.0,0.0,-68.0,-81.0,-83.0,0.0,-81.0,0.0,-84.0,-75.0,0.0,-86.0,-81.0,0.0,-94.0,0.0,-81.0,-200.0,-90.0,194.46014404296875,S
2022-07-20 14:44:42 +0000,-61.0,-73.0,0.0,-63.0,-73.0,-70.0,-76.0,-77.0,-81.0,-76.0,-83.0,0.0,0.0,0.0,-82.0,-82.0,0.0,-94.0,-79.0,-81.0,-200.0,0.0,194.46014404296875,S
2022-07-20 14:44:43 +0000,-70.0,-78.0,-68.0,0.0,-72.0,-70.0,-80.0,-73.0,-79.0,-77.0,-82.0,-84.0,0.0,-79.0,-82.0,-90.0,-94.0,0.0,-79.0,-90.0,-200.0,-90.0,193.43209838867188,S
2022-07-20 14:44:44 +0000,0.0,0.0,-66.0,-64.0,-73.0,0.0,-82.0,-83.0,-77.0,-65.0,-83.0,-84.0,0.0,-79.0,0.0,0.0,-94.0,0.0,-82.0,-90.0,-200.0,-91.0,193.43209838867188,S
2022-07-20 14:44:45 +0000,-61.0,-70.0,-66.0,-64.0,-77.0,-69.0,0.0,0.0,0.0,0.0,-83.0,-85.0,-80.0,-79.0,0.0,-88.0,-94.0,0.0,0.0,0.0,-200.0,-91.0,194.44253540039062,S
2022-07-20 14:44:46 +0000,-61.0,-73.0,-66.0,-64.0,0.0,-67.0,-78.0,-78.0,0.0,-76.0,0.0,-86.0,-80.0,0.0,-85.0,-87.0,0.0,0.0,-78.0,0.0,-200.0,-92.0,194.44253540039062,S
2022-07-20 14:44:47 +0000,-62.0,-75.0,0.0,0.0,-75.0,-69.0,-76.0,-77.0,-77.0,-75.0,0.0,0.0,-80.0,-83.0,-83.0,-80.0,0.0,-93.0,-80.0,-84.0,-200.0,0.0,194.44253540039062,S
2022-07-20 14:44:48 +0000,-62.0,-76.0,-66.0,0.0,-75.0,-70.0,-75.0,-72.0,-74.0,-74.0,-84.0,-88.0,0.0,-82.0,0.0,-80.0,0.0,-93.0,-84.0,-90.0,-200.0,-91.0,194.44253540039062,S
2022-07-20 14:44:49 +0000,0.0,0.0,-69.0,-66.0,-75.0,0.0,-81.0,-76.0,-71.0,-71.0,-80.0,-86.0,0.0,-82.0,0.0,0.0,0.0,-94.0,0.0,-91.0,-200.0,-86.0,195.45468139648438,S
2022-07-20 14:44:50 +0000,-63.0,-74.0,-68.0,-65.0,-82.0,-74.0,0.0,0.0,-76.0,0.0,-80.0,-85.0,-76.0,-85.0,0.0,-84.0,0.0,0.0,0.0,0.0,-200.0,-86.0,195.45468139648438,S
2022-07-20 14:44:51 +0000,-61.0,-74.0,-67.0,-63.0,0.0,-71.0,-82.0,-81.0,0.0,-78.0,0.0,-85.0,-76.0,0.0,-83.0,-88.0,0.0,-94.0,-81.0,-84.0,-200.0,-86.0,196.45846557617188,S
2022-07-20 14:44:52 +0000,-61.0,-71.0,0.0,0.0,-76.0,-69.0,-78.0,-77.0,-79.0,-78.0,-85.0,0.0,-84.0,-84.0,-86.0,-89.0,-94.0,-94.0,-78.0,-81.0,-200.0,0.0,196.45846557617188,S
2022-07-20 14:44:53 +0000,-62.0,-70.0,-69.0,0.0,-76.0,-69.0,-78.0,-76.0,-79.0,-77.0,-84.0,-87.0,0.0,-81.0,-87.0,-92.0,0.0,-94.0,-79.0,-82.0,-200.0,-94.0,197.5941925048828,S
2022-07-20 14:44:54 +0000,0.0,0.0,-67.0,-66.0,-75.0,0.0,-78.0,-79.0,-78.0,-78.0,-83.0,-83.0,-71.0,-77.0,0.0,0.0,0.0,-94.0,-82.0,-92.0,-200.0,-92.0,198.04367065429688,S
2022-07-20 14:44:55 +0000,-61.0,-70.0,-70.0,-64.0,0.0,-71.0,0.0,0.0,-75.0,0.0,-81.0,-82.0,-72.0,-77.0,-84.0,-92.0,0.0,0.0,0.0,0.0,-200.0,-88.0,195.70877075195312,S
2022-07-20 14:44:56 +0000,-60.0,-69.0,-71.0,-65.0,0.0,-71.0,-76.0,-74.0,0.0,-70.0,0.0,-87.0,-73.0,0.0,-84.0,-90.0,0.0,0.0,0.0,0.0,-200.0,-90.0,191.5816650390625,S
2022-07-20 14:44:57 +0000,-60.0,-70.0,0.0,-64.0,-74.0,-70.0,-77.0,-78.0,-78.0,-71.0,-83.0,0.0,-73.0,-82.0,-84.0,-88.0,0.0,-93.0,-85.0,-81.0,-200.0,0.0,189.57586669921875,S
2022-07-20 14:44:58 +0000,-60.0,-70.0,-73.0,0.0,-79.0,-70.0,-79.0,-75.0,-77.0,-71.0,-84.0,-86.0,0.0,-82.0,0.0,-86.0,0.0,-93.0,-85.0,-80.0,-200.0,-87.0,187.49636840820312,S
2022-07-20 14:44:59 +0000,0.0,0.0,-67.0,-68.0,-79.0,0.0,-77.0,0.0,-77.0,-71.0,-86.0,-86.0,-77.0,-82.0,0.0,0.0,0.0,-93.0,-90.0,-81.0,-200.0,-92.0,186.19728088378906,S
2022-07-20 14:45:00 +0000,-62.0,-73.0,-69.0,-68.0,-81.0,-68.0,0.0,0.0,-78.0,0.0,-87.0,-85.0,-77.0,-83.0,-83.0,-84.0,0.0,0.0,0.0,0.0,-200.0,-92.0,186.19728088378906,S
2022-07-20 14:45:01 +0000,-61.0,-72.0,-71.0,-70.0,0.0,-69.0,-80.0,-76.0,0.0,-72.0,0.0,-86.0,-77.0,0.0,-81.0,-84.0,0.0,-92.0,-79.0,0.0,-200.0,0.0,186.19728088378906,S
2022-07-20 14:45:02 +0000,-63.0,-72.0,0.0,-70.0,-78.0,-71.0,-76.0,-76.0,-71.0,-70.0,0.0,0.0,-77.0,-86.0,-81.0,-84.0,0.0,-94.0,-79.0,-81.0,-200.0,0.0,185.1778106689453,S
2022-07-20 14:45:03 +0000,-65.0,-71.0,-68.0,0.0,-77.0,-69.0,-75.0,-81.0,-77.0,-70.0,-87.0,0.0,0.0,-85.0,0.0,-83.0,0.0,-94.0,-87.0,-79.0,-200.0,-92.0,184.1479034423828,S
2022-07-20 14:45:04 +0000,0.0,0.0,-66.0,-71.0,-80.0,0.0,-74.0,-87.0,-77.0,-71.0,-86.0,-85.0,-74.0,-83.0,0.0,0.0,0.0,-94.0,-86.0,-80.0,-200.0,-92.0,184.1479034423828,S
2022-07-20 14:45:05 +0000,-62.0,-81.0,-64.0,-72.0,0.0,-71.0,0.0,0.0,-77.0,0.0,-87.0,-84.0,-74.0,-80.0,-88.0,-93.0,0.0,0.0,0.0,0.0,-200.0,-96.0,184.1479034423828,S
2022-07-20 14:45:06 +0000,-62.0,-74.0,-65.0,-70.0,0.0,-72.0,-75.0,-75.0,0.0,-79.0,0.0,-84.0,-78.0,0.0,-83.0,-90.0,0.0,0.0,-85.0,-94.0,-200.0,-92.0,184.1479034423828,S
2022-07-20 14:45:07 +0000,-62.0,-73.0,0.0,-67.0,-75.0,-72.0,-74.0,-75.0,-78.0,-76.0,-86.0,0.0,-79.0,-79.0,-82.0,-88.0,0.0,-91.0,-84.0,-85.0,-200.0,0.0,185.15274047851562,S
2022-07-20 14:45:08 +0000,-61.0,-72.0,-65.0,0.0,-74.0,-72.0,-77.0,-74.0,-76.0,-72.0,-84.0,0.0,0.0,-78.0,-87.0,-90.0,0.0,-91.0,-83.0,-82.0,-200.0,-93.0,185.13153076171875,S
2022-07-20 14:45:09 +0000,0.0,0.0,-66.0,-66.0,-75.0,0.0,-76.0,0.0,-76.0,-70.0,-83.0,0.0,0.0,-80.0,0.0,0.0,0.0,-90.0,0.0,-82.0,-200.0,-89.0,184.0458221435547,S
2022-07-20 14:45:10 +0000,-64.0,-74.0,-67.0,-67.0,0.0,-70.0,0.0,0.0,-72.0,0.0,-84.0,-86.0,-77.0,-81.0,-82.0,-89.0,0.0,0.0,0.0,0.0,-200.0,-93.0,177.8118133544922,S
2022-07-20 14:45:11 +0000,-60.0,-72.0,-67.0,-69.0,0.0,-70.0,-79.0,-78.0,0.0,-68.0,0.0,-87.0,-76.0,0.0,-82.0,-88.0,0.0,-96.0,0.0,0.0,-200.0,-93.0,182.31121826171875,S
2022-07-20 14:45:12 +0000,-63.0,-72.0,0.0,-72.0,-73.0,-70.0,-76.0,-78.0,-84.0,-70.0,-84.0,0.0,-75.0,-87.0,-87.0,-88.0,0.0,-92.0,-89.0,-85.0,-200.0,0.0,182.93812561035156,S
2022-07-20 14:45:13 +0000,-62.0,-72.0,-70.0,0.0,-74.0,-69.0,-75.0,-76.0,-73.0,-70.0,-83.0,-86.0,0.0,-78.0,0.0,-89.0,-94.0,-93.0,-86.0,-87.0,-200.0,-86.0,183.0398406982422,S
2022-07-20 14:45:14 +0000,0.0,0.0,-68.0,-64.0,-73.0,0.0,-80.0,-78.0,-73.0,-69.0,-85.0,-85.0,-76.0,-78.0,0.0,0.0,-94.0,0.0,-88.0,-89.0,-200.0,-86.0,184.05703735351562,S
2022-07-20 14:45:15 +0000,-64.0,-79.0,-71.0,-65.0,0.0,-69.0,0.0,0.0,-75.0,0.0,-83.0,-85.0,-75.0,-85.0,-79.0,-81.0,-94.0,0.0,0.0,0.0,-200.0,-84.0,184.05703735351562,S
2022-07-20 14:45:16 +0000,-63.0,-78.0,-69.0,-64.0,0.0,-70.0,-75.0,-78.0,0.0,-72.0,0.0,-84.0,-76.0,0.0,-80.0,-82.0,0.0,-94.0,-87.0,-87.0,-200.0,-89.0,192.37411499023438,S
2022-07-20 14:45:17 +0000,-63.0,-70.0,0.0,0.0,-70.0,-69.0,-75.0,-76.0,-73.0,-71.0,-82.0,0.0,-75.0,0.0,-80.0,-83.0,0.0,-92.0,-80.0,-80.0,-200.0,0.0,191.17510986328125,S
2022-07-20 14:45:18 +0000,-68.0,-68.0,-65.0,0.0,-72.0,-65.0,-76.0,-77.0,-74.0,-71.0,-82.0,-84.0,0.0,-80.0,-80.0,-85.0,-94.0,-91.0,-79.0,-81.0,-200.0,-92.0,201.40655517578125,S
2022-07-20 14:45:19 +0000,0.0,0.0,-66.0,-65.0,-73.0,0.0,-80.0,0.0,-78.0,-70.0,-82.0,-85.0,-71.0,-76.0,0.0,0.0,-94.0,0.0,-82.0,-82.0,-200.0,-92.0,199.21559143066406,S
2022-07-20 14:45:20 +0000,-65.0,-69.0,-67.0,-66.0,0.0,-68.0,0.0,0.0,-81.0,0.0,-83.0,-87.0,-77.0,-77.0,-82.0,-89.0,0.0,0.0,0.0,0.0,-200.0,-92.0,198.20521545410156,S
2022-07-20 14:45:21 +0000,-66.0,-70.0,-68.0,-66.0,0.0,-68.0,-90.0,-72.0,0.0,-70.0,0.0,-89.0,-77.0,0.0,-83.0,-87.0,0.0,-96.0,-89.0,-89.0,-200.0,-94.0,185.47830200195312,S
2022-07-20 14:45:22 +0000,-62.0,-74.0,0.0,-66.0,-74.0,-69.0,-71.0,-75.0,-77.0,-67.0,-91.0,0.0,-77.0,-79.0,-84.0,-81.0,0.0,-92.0,-85.0,-84.0,-200.0,0.0,168.1585693359375,S
2022-07-20 14:45:23 +0000,-61.0,-79.0,-64.0,0.0,-75.0,-69.0,-70.0,-76.0,-74.0,-67.0,-85.0,-86.0,0.0,-77.0,-87.0,-81.0,0.0,-90.0,-85.0,-80.0,-200.0,-86.0,164.98434448242188,S
2022-07-20 14:45:24 +0000,0.0,0.0,-62.0,-77.0,-76.0,0.0,-70.0,-72.0,-70.0,-65.0,-82.0,-87.0,-79.0,-79.0,0.0,0.0,0.0,-88.0,-83.0,-74.0,-200.0,-87.0,160.6870880126953,S
2022-07-20 14:45:25 +0000,-59.0,-90.0,-63.0,-67.0,-75.0,-71.0,0.0,0.0,-79.0,0.0,-81.0,-86.0,-70.0,-81.0,-81.0,-83.0,0.0,0.0,0.0,0.0,-200.0,-88.0,163.98326110839844,S
2022-07-20 14:45:26 +0000,-63.0,-84.0,-63.0,-70.0,0.0,-68.0,-68.0,-74.0,0.0,-75.0,0.0,0.0,-69.0,0.0,-82.0,-79.0,0.0,-89.0,-86.0,-80.0,-200.0,-94.0,161.63275146484375,S
2022-07-20 14:45:27 +0000,-62.0,-81.0,0.0,-76.0,-73.0,-67.0,-69.0,-78.0,-74.0,-74.0,-86.0,0.0,-72.0,-86.0,-78.0,-78.0,-94.0,-89.0,-82.0,-78.0,-200.0,0.0,157.92453002929688,S
2022-07-20 14:45:28 +0000,-63.0,-81.0,-68.0,0.0,-72.0,-69.0,-68.0,-79.0,-74.0,-69.0,-85.0,-90.0,0.0,-78.0,-78.0,-78.0,-94.0,-88.0,-81.0,-78.0,-200.0,-87.0,169.89845275878906,S
2022-07-20 14:45:29 +0000,0.0,0.0,-65.0,-65.0,-71.0,0.0,-69.0,0.0,-71.0,-70.0,-83.0,-84.0,-69.0,-79.0,0.0,0.0,0.0,0.0,-82.0,-77.0,-200.0,-87.0,196.9379425048828,S
2022-07-20 14:45:30 +0000,-59.0,-80.0,-67.0,-62.0,0.0,-75.0,0.0,0.0,-70.0,0.0,0.0,-81.0,-73.0,-80.0,-77.0,-89.0,0.0,0.0,0.0,0.0,-200.0,-88.0,188.91152954101562,S
2022-07-20 14:45:31 +0000,-62.0,-76.0,-68.0,-63.0,-94.0,-75.0,-76.0,-76.0,0.0,-73.0,0.0,-83.0,-76.0,0.0,-76.0,-90.0,0.0,0.0,0.0,-81.0,-200.0,-90.0,185.56051635742188,S
2022-07-20 14:45:32 +0000,-60.0,-72.0,0.0,-64.0,-70.0,-77.0,-75.0,-73.0,-69.0,-70.0,-91.0,0.0,-78.0,-78.0,-77.0,-93.0,0.0,-93.0,-88.0,-82.0,-200.0,0.0,203.3366241455078,S
2022-07-20 14:45:33 +0000,-60.0,-76.0,-70.0,0.0,-72.0,0.0,-73.0,-74.0,-70.0,-68.0,-90.0,-77.0,0.0,-81.0,0.0,0.0,0.0,-90.0,-83.0,-84.0,-200.0,-93.0,223.98802185058594,S
2022-07-20 14:45:34 +0000,0.0,0.0,-69.0,-66.0,-71.0,0.0,-72.0,-75.0,-66.0,-66.0,-85.0,-79.0,-79.0,-82.0,0.0,0.0,0.0,-90.0,-78.0,-90.0,-200.0,-89.0,200.74559020996094,S
2022-07-20 14:45:35 +0000,-60.0,-80.0,-67.0,-65.0,-72.0,0.0,0.0,0.0,-65.0,0.0,-89.0,-80.0,-74.0,-81.0,-76.0,-90.0,0.0,0.0,0.0,0.0,-200.0,-87.0,186.5740509033203,S
2022-07-20 14:45:36 +0000,-60.0,-76.0,-65.0,-65.0,0.0,-69.0,-75.0,-70.0,0.0,-65.0,0.0,-81.0,-71.0,0.0,-78.0,-85.0,0.0,0.0,-83.0,0.0,-200.0,-92.0,195.32205200195312,S
2022-07-20 14:45:37 +0000,-60.0,-74.0,0.0,-69.0,-75.0,-67.0,-76.0,-72.0,-65.0,-64.0,0.0,0.0,-68.0,-87.0,-78.0,-82.0,0.0,0.0,-83.0,-84.0,-200.0,0.0,194.29025268554688,S
2022-07-20 14:45:38 +0000,-69.0,-80.0,-64.0,0.0,-74.0,-74.0,-77.0,-75.0,-66.0,-63.0,-87.0,-81.0,0.0,-83.0,-77.0,-82.0,0.0,0.0,-83.0,-85.0,-200.0,-87.0,193.25962829589844,S
2022-07-20 14:45:39 +0000,0.0,0.0,-63.0,-62.0,-73.0,0.0,-77.0,-72.0,-67.0,-63.0,-87.0,-82.0,0.0,-81.0,0.0,0.0,-94.0,0.0,-87.0,-86.0,-200.0,-87.0,195.5916748046875,S
2022-07-20 14:45:40 +0000,-61.0,-77.0,-64.0,-63.0,-74.0,-75.0,0.0,0.0,-67.0,0.0,0.0,-82.0,-75.0,-84.0,-85.0,-82.0,-94.0,0.0,0.0,0.0,-200.0,-89.0,195.67764282226562,S
2022-07-20 14:45:41 +0000,-62.0,-75.0,-68.0,-60.0,0.0,-73.0,-69.0,-74.0,0.0,-62.0,0.0,-91.0,-74.0,0.0,-79.0,-85.0,0.0,0.0,-88.0,-84.0,-200.0,-93.0,202.47103881835938,S
2022-07-20 14:45:42 +0000,-58.0,-72.0,0.0,-61.0,-70.0,-68.0,-69.0,-71.0,-70.0,-64.0,-81.0,0.0,-75.0,-81.0,-82.0,-87.0,0.0,-89.0,-79.0,-80.0,-200.0,0.0,199.388427734375,S
2022-07-20 14:45:43 +0000,-58.0,-74.0,-82.0,0.0,-78.0,-67.0,-73.0,-69.0,-68.0,-64.0,-81.0,-76.0,0.0,-76.0,-88.0,-92.0,0.0,-89.0,-79.0,-78.0,-200.0,-82.0,194.2928466796875,S
2022-07-20 14:45:44 +0000,0.0,0.0,-72.0,-63.0,-75.0,0.0,-74.0,0.0,-69.0,-69.0,-84.0,-81.0,-80.0,-76.0,0.0,0.0,0.0,-89.0,-82.0,-78.0,-200.0,-82.0,190.7445068359375,S
2022-07-20 14:45:45 +0000,-64.0,-74.0,-69.0,-65.0,0.0,-71.0,0.0,0.0,-80.0,0.0,-85.0,-83.0,-82.0,-82.0,-85.0,0.0,0.0,0.0,0.0,0.0,-200.0,-88.0,197.1367645263672,S
2022-07-20 14:45:46 +0000,-64.0,-73.0,-68.0,-65.0,0.0,-69.0,-80.0,-75.0,0.0,-67.0,0.0,-82.0,-79.0,0.0,-76.0,-83.0,0.0,0.0,0.0,0.0,-200.0,0.0,199.42593383789062,S
2022-07-20 14:45:47 +0000,-66.0,-74.0,0.0,0.0,-80.0,-68.0,-79.0,-70.0,-73.0,-69.0,-84.0,0.0,-79.0,-84.0,-83.0,-82.0,0.0,-92.0,-83.0,-77.0,-200.0,0.0,193.94113159179688,S
2022-07-20 14:45:48 +0000,-66.0,-75.0,-61.0,0.0,-81.0,0.0,-75.0,-71.0,-70.0,-71.0,-85.0,-88.0,0.0,-78.0,0.0,0.0,0.0,-92.0,-83.0,-77.0,-200.0,-83.0,193.04698181152344,S
2022-07-20 14:45:49 +0000,0.0,0.0,-61.0,-67.0,-79.0,0.0,-77.0,-76.0,-71.0,-72.0,-90.0,-83.0,-87.0,-79.0,0.0,0.0,0.0,-94.0,-87.0,-80.0,-200.0,-83.0,199.6863555908203,S
2022-07-20 14:45:50 +0000,-65.0,-75.0,-63.0,-69.0,0.0,-73.0,0.0,0.0,-74.0,0.0,-85.0,-85.0,-86.0,-77.0,-85.0,-92.0,0.0,0.0,0.0,0.0,-200.0,-82.0,199.80284118652344,S
2022-07-20 14:45:51 +0000,-58.0,-76.0,-64.0,-68.0,-77.0,-70.0,-75.0,-73.0,0.0,0.0,0.0,-91.0,-77.0,0.0,-79.0,-88.0,0.0,-91.0,-86.0,-87.0,-200.0,-82.0,192.8416748046875,S
2022-07-20 14:45:52 +0000,-57.0,-77.0,0.0,0.0,-72.0,-69.0,-75.0,-70.0,-71.0,-66.0,-86.0,0.0,-80.0,-82.0,-76.0,-78.0,0.0,-90.0,-79.0,-80.0,-200.0,0.0,185.68089294433594,S
2022-07-20 14:45:53 +0000,-57.0,-78.0,-64.0,0.0,-71.0,0.0,-75.0,-71.0,-72.0,-67.0,-84.0,0.0,0.0,-77.0,-74.0,-77.0,0.0,-90.0,-81.0,-78.0,-200.0,-85.0,191.83702087402344,S
2022-07-20 14:45:54 +0000,0.0,0.0,-65.0,-62.0,-70.0,0.0,-75.0,-72.0,-77.0,-67.0,-84.0,-83.0,0.0,-76.0,0.0,0.0,-93.0,-93.0,-81.0,-78.0,-200.0,-85.0,188.29776000976562,S
2022-07-20 14:45:55 +0000,-58.0,-75.0,-65.0,-62.0,0.0,-67.0,0.0,0.0,-80.0,0.0,-85.0,-82.0,-80.0,-77.0,-78.0,-80.0,-93.0,0.0,0.0,0.0,-200.0,-85.0,184.61012268066406,S
2022-07-20 14:45:56 +0000,-59.0,-76.0,-71.0,-67.0,-71.0,-68.0,-82.0,-80.0,0.0,-68.0,0.0,-88.0,-72.0,0.0,-78.0,-80.0,0.0,0.0,-87.0,-88.0,-200.0,-85.0,189.91387939453125,S
2022-07-20 14:45:57 +0000,-60.0,-78.0,0.0,0.0,-70.0,-69.0,-73.0,-79.0,-71.0,-67.0,-85.0,0.0,-82.0,-85.0,-76.0,-81.0,0.0,-92.0,-83.0,-93.0,-200.0,0.0,188.9058074951172,S
2022-07-20 14:45:58 +0000,-61.0,-76.0,-68.0,0.0,-74.0,-64.0,-69.0,-71.0,-71.0,-69.0,-87.0,-81.0,0.0,-81.0,0.0,0.0,0.0,-91.0,-82.0,-85.0,-200.0,-82.0,191.88417053222656,S
2022-07-20 14:45:59 +0000,0.0,0.0,-69.0,-68.0,-74.0,0.0,-69.0,-75.0,-72.0,-67.0,-84.0,-79.0,-73.0,-76.0,0.0,0.0,-94.0,-91.0,0.0,-82.0,-200.0,-83.0,194.0398406982422,S
2022-07-20 14:46:00 +0000,-61.0,-84.0,-67.0,-75.0,0.0,-65.0,0.0,0.0,-87.0,0.0,-93.0,-79.0,-72.0,-75.0,-87.0,-83.0,-94.0,0.0,0.0,0.0,-200.0,-82.0,198.4096221923828,S
2022-07-20 14:46:01 +0000,-58.0,-86.0,-64.0,-74.0,0.0,-68.0,-73.0,-71.0,0.0,-64.0,0.0,-81.0,-71.0,0.0,-85.0,-82.0,0.0,-93.0,-81.0,0.0,-200.0,-81.0,197.38400268554688,S
2022-07-20 14:46:02 +0000,-58.0,-82.0,0.0,-64.0,-66.0,-71.0,-72.0,-75.0,-74.0,-64.0,0.0,0.0,-70.0,0.0,-80.0,-80.0,-93.0,-92.0,-82.0,-86.0,-200.0,0.0,195.31259155273438,S
2022-07-20 14:46:03 +0000,-59.0,-76.0,-62.0,0.0,-65.0,-72.0,-74.0,-80.0,-75.0,-65.0,-82.0,-91.0,0.0,-74.0,-84.0,-80.0,-93.0,0.0,-85.0,-88.0,-200.0,-82.0,196.36782836914062,S
2022-07-20 14:46:04 +0000,0.0,0.0,-62.0,-68.0,-71.0,0.0,-78.0,-87.0,-74.0,-65.0,-80.0,-83.0,-78.0,-74.0,0.0,0.0,-93.0,0.0,-87.0,-89.0,-200.0,-82.0,197.49127197265625,S
2022-07-20 14:46:05 +0000,-63.0,-74.0,-63.0,-68.0,0.0,-76.0,0.0,0.0,-73.0,0.0,-79.0,-82.0,-74.0,-75.0,-82.0,-83.0,-93.0,0.0,0.0,0.0,-200.0,-85.0,198.5156707763672,S
2022-07-20 14:46:06 +0000,-61.0,-78.0,-63.0,-68.0,-70.0,-71.0,-72.0,-72.0,0.0,-68.0,0.0,-89.0,-70.0,0.0,-81.0,-83.0,0.0,-92.0,0.0,0.0,-200.0,-85.0,198.5156707763672,S
2022-07-20 14:46:07 +0000,-61.0,-78.0,0.0,0.0,-69.0,-68.0,-72.0,-74.0,-75.0,-67.0,-79.0,0.0,-70.0,-75.0,-75.0,-93.0,0.0,-92.0,0.0,-80.0,-200.0,0.0,198.5156707763672,S
2022-07-20 14:46:08 +0000,-60.0,-82.0,-62.0,-69.0,-69.0,0.0,-72.0,-72.0,-74.0,-66.0,-79.0,-82.0,0.0,-75.0,-72.0,0.0,0.0,-93.0,-87.0,-76.0,-200.0,-84.0,199.5387725830078,S
2022-07-20 14:46:09 +0000,0.0,0.0,-62.0,-64.0,-69.0,0.0,-73.0,-70.0,-73.0,-65.0,-79.0,-82.0,-73.0,-75.0,0.0,0.0,-94.0,-93.0,-87.0,-80.0,-200.0,-85.0,198.50193786621094,S
2022-07-20 14:46:10 +0000,-60.0,-79.0,-62.0,-63.0,0.0,-71.0,0.0,0.0,-73.0,0.0,-79.0,-81.0,-69.0,-76.0,-85.0,-85.0,-94.0,0.0,0.0,0.0,-200.0,-85.0,199.5123291015625,S
2022-07-20 14:46:11 +0000,-60.0,-76.0,-66.0,-59.0,0.0,-73.0,-73.0,-70.0,0.0,-65.0,0.0,-81.0,-78.0,0.0,-82.0,-85.0,0.0,0.0,-86.0,0.0,-200.0,-84.0,198.06918334960938,S
2022-07-20 14:46:12 +0000,-57.0,-78.0,0.0,0.0,-75.0,-73.0,-73.0,-70.0,-69.0,-65.0,-90.0,0.0,-78.0,0.0,-86.0,-87.0,0.0,0.0,-85.0,-82.0,-200.0,0.0,199.658447265625,S
2022-07-20 14:46:13 +0000,-58.0,-83.0,-63.0,0.0,-70.0,-73.0,-84.0,-70.0,-70.0,-67.0,-83.0,-82.0,0.0,-75.0,0.0,0.0,-95.0,-88.0,-86.0,-80.0,-200.0,-86.0,195.52047729492188,S
2022-07-20 14:46:14 +0000,0.0,0.0,-62.0,-61.0,-68.0,0.0,-85.0,-71.0,-76.0,-68.0,-80.0,-82.0,-89.0,-76.0,0.0,0.0,-93.0,-88.0,-86.0,-81.0,-200.0,-86.0,193.59072875976562,S
2022-07-20 14:46:15 +0000,-60.0,-81.0,-64.0,-63.0,0.0,-68.0,0.0,0.0,-81.0,0.0,-81.0,-79.0,-75.0,-76.0,-79.0,0.0,-92.0,0.0,0.0,0.0,-200.0,-83.0,191.4864501953125,S
2022-07-20 14:46:16 +0000,-60.0,-80.0,-66.0,-70.0,0.0,-66.0,-72.0,-79.0,0.0,-74.0,0.0,-77.0,-72.0,0.0,-78.0,-80.0,0.0,-92.0,-83.0,-87.0,-200.0,-83.0,192.55328369140625,S
2022-07-20 14:46:17 +0000,-63.0,-82.0,0.0,0.0,-69.0,-72.0,-71.0,-79.0,-80.0,-73.0,-84.0,0.0,-68.0,-76.0,-79.0,-81.0,-92.0,-92.0,-85.0,-86.0,-200.0,0.0,192.49673461914062,S
2022-07-20 14:46:18 +0000,-69.0,-82.0,-65.0,0.0,-70.0,-75.0,-73.0,-80.0,-81.0,-72.0,-88.0,-81.0,0.0,-76.0,-79.0,-81.0,-94.0,-93.0,-86.0,-84.0,-200.0,-82.0,193.88247680664062,S
2022-07-20 14:46:19 +0000,0.0,0.0,-66.0,-65.0,-69.0,0.0,-78.0,-80.0,-82.0,-73.0,-86.0,-80.0,-67.0,-76.0,0.0,0.0,-94.0,-93.0,-91.0,-83.0,-200.0,-83.0,190.1616668701172,S
2022-07-20 14:46:20 +0000,-55.0,-79.0,-67.0,-64.0,0.0,-72.0,0.0,0.0,-87.0,0.0,-88.0,-79.0,-68.0,-78.0,-74.0,-89.0,-94.0,0.0,0.0,0.0,-200.0,-86.0,190.1616668701172,S
2022-07-20 14:46:21 +0000,-58.0,-77.0,-67.0,-64.0,0.0,-67.0,-76.0,-76.0,0.0,-74.0,0.0,0.0,-68.0,0.0,-74.0,-86.0,0.0,0.0,-93.0,-87.0,-200.0,-89.0,191.21109008789062,S
2022-07-20 14:46:22 +0000,-61.0,-78.0,0.0,0.0,-68.0,-68.0,-77.0,-75.0,-77.0,-74.0,0.0,0.0,-67.0,-79.0,-74.0,-86.0,0.0,0.0,-86.0,-82.0,-200.0,0.0,191.21109008789062,S
2022-07-20 14:46:23 +0000,-68.0,-78.0,-67.0,0.0,-68.0,-70.0,-74.0,-74.0,-75.0,-73.0,0.0,0.0,0.0,-79.0,-76.0,0.0,0.0,-93.0,-85.0,-80.0,-200.0,0.0,193.272216796875,S
2022-07-20 14:46:24 +0000,0.0,0.0,-68.0,-62.0,-69.0,0.0,-72.0,-79.0,-73.0,-73.0,-87.0,-92.0,-82.0,-75.0,0.0,0.0,0.0,-93.0,-85.0,-85.0,-200.0,-85.0,188.19171142578125,S
2022-07-20 14:46:25 +0000,-63.0,-78.0,-70.0,-63.0,0.0,-74.0,0.0,0.0,-76.0,0.0,-90.0,-89.0,-74.0,-76.0,-80.0,-77.0,0.0,0.0,0.0,0.0,-200.0,-84.0,111.99181365966797,E
2022-07-20 14:46:26 +0000,-61.0,-69.0,-64.0,-60.0,0.0,-74.0,-70.0,-70.0,0.0,-66.0,0.0,-91.0,-70.0,0.0,-79.0,-85.0,0.0,-90.0,-79.0,-87.0,-200.0,-89.0,105.89679718017578,E
2022-07-20 14:46:27 +0000,-60.0,-69.0,0.0,-64.0,-77.0,-68.0,-67.0,-76.0,-75.0,-67.0,0.0,0.0,-70.0,-73.0,-77.0,-84.0,-89.0,-89.0,-78.0,-80.0,-200.0,0.0,94.77536010742188,E
2022-07-20 14:46:28 +0000,0.0,-67.0,-66.0,0.0,-68.0,-67.0,-69.0,-78.0,-71.0,-67.0,-84.0,-86.0,0.0,-73.0,0.0,-81.0,-89.0,-93.0,-82.0,-79.0,-200.0,-89.0,103.19258117675781,E
2022-07-20 14:46:29 +0000,0.0,0.0,-65.0,-58.0,-73.0,0.0,-72.0,-83.0,-69.0,0.0,-82.0,-82.0,0.0,-74.0,0.0,0.0,-93.0,-94.0,-81.0,-78.0,-200.0,-86.0,101.12305450439453,E
2022-07-20 14:46:30 +0000,0.0,-74.0,-66.0,-57.0,-77.0,-89.0,0.0,0.0,-69.0,0.0,0.0,-84.0,-68.0,0.0,-76.0,-87.0,0.0,0.0,0.0,0.0,-200.0,-87.0,107.88599395751953,E
2022-07-20 14:46:31 +0000,-67.0,-74.0,-67.0,-63.0,-79.0,-74.0,-64.0,-68.0,0.0,-71.0,0.0,-85.0,-74.0,0.0,-78.0,-83.0,0.0,-86.0,-79.0,-82.0,-200.0,-87.0,124.04952239990234,E
2022-07-20 14:46:32 +0000,-65.0,-74.0,0.0,0.0,-76.0,-71.0,-68.0,-68.0,-74.0,-70.0,-86.0,0.0,-74.0,-83.0,-76.0,-82.0,-91.0,-86.0,-80.0,-78.0,-200.0,0.0,105.12142181396484,E
2022-07-20 14:46:33 +0000,0.0,-77.0,-68.0,0.0,-78.0,-68.0,-69.0,-71.0,-77.0,-68.0,-86.0,-92.0,0.0,-82.0,0.0,-91.0,-92.0,-85.0,-83.0,-78.0,-200.0,-85.0,106.0560073852539,E
2022-07-20 14:46:34 +0000,0.0,0.0,-65.0,-70.0,-82.0,0.0,-69.0,-72.0,-81.0,-69.0,-87.0,-86.0,-78.0,-82.0,0.0,0.0,-92.0,-89.0,-74.0,-80.0,-200.0,-87.0,106.0560073852539,E
2022-07-20 14:46:35 +0000,-67.0,-76.0,-65.0,-70.0,0.0,-69.0,0.0,0.0,-83.0,0.0,0.0,-89.0,-72.0,-83.0,-79.0,-87.0,-93.0,0.0,0.0,0.0,-200.0,-87.0,103.99452209472656,E
2022-07-20 14:46:36 +0000,-67.0,-69.0,-65.0,-68.0,0.0,-72.0,-68.0,-68.0,0.0,-67.0,0.0,-94.0,-73.0,0.0,-81.0,-82.0,0.0,0.0,-86.0,-82.0,-200.0,-85.0,97.82669067382812,E
2022-07-20 14:46:37 +0000,-67.0,-68.0,0.0,-62.0,-74.0,-66.0,-69.0,-69.0,-65.0,-64.0,-85.0,0.0,-73.0,-74.0,-90.0,-81.0,0.0,-92.0,-84.0,-83.0,-200.0,0.0,104.98896789550781,E
2022-07-20 14:46:38 +0000,0.0,-68.0,-75.0,0.0,-73.0,0.0,-67.0,-71.0,-66.0,-65.0,-84.0,-84.0,0.0,-74.0,0.0,-83.0,-94.0,-90.0,-86.0,-86.0,-200.0,-80.0,104.98896789550781,E
2022-07-20 14:46:39 +0000,0.0,0.0,-73.0,-57.0,-73.0,0.0,-66.0,-69.0,-66.0,-81.0,-82.0,-83.0,-74.0,-72.0,0.0,0.0,-95.0,-90.0,-91.0,-86.0,-200.0,-80.0,107.06531524658203,E
2022-07-20 14:46:40 +0000,-67.0,-69.0,-76.0,-57.0,-78.0,-69.0,0.0,0.0,0.0,0.0,-82.0,-84.0,-71.0,-72.0,-80.0,-80.0,0.0,0.0,0.0,0.0,-200.0,-83.0,107.06531524658203,E
2022-07-20 14:46:41 +0000,-66.0,-69.0,-76.0,-56.0,0.0,-68.0,-68.0,-68.0,0.0,-65.0,0.0,-86.0,-72.0,0.0,-78.0,-80.0,0.0,-89.0,-83.0,0.0,-200.0,-87.0,106.06136322021484,E
2022-07-20 14:46:42 +0000,-67.0,-71.0,0.0,-56.0,-76.0,-71.0,-69.0,-71.0,-69.0,-66.0,-86.0,0.0,-71.0,-80.0,-79.0,-79.0,0.0,-88.0,-82.0,-83.0,-200.0,0.0,161.9140167236328,S
2022-07-20 14:46:43 +0000,0.0,-73.0,0.0,0.0,-75.0,-74.0,-73.0,-72.0,-73.0,-69.0,-88.0,-89.0,0.0,-76.0,-91.0,-84.0,0.0,-91.0,-84.0,-83.0,-200.0,0.0,185.6549530029297,S
2022-07-20 14:46:44 +0000,0.0,0.0,-64.0,-64.0,-72.0,0.0,-76.0,-78.0,-71.0,-68.0,-93.0,-88.0,0.0,-81.0,0.0,0.0,0.0,-96.0,-82.0,-83.0,-200.0,0.0,182.3396453857422,S
2022-07-20 14:46:45 +0000,-66.0,-75.0,-63.0,-59.0,0.0,-69.0,0.0,0.0,-71.0,0.0,-93.0,-87.0,-82.0,-79.0,-87.0,-88.0,0.0,0.0,0.0,0.0,-200.0,0.0,181.41683959960938,S
2022-07-20 14:46:46 +0000,-62.0,-75.0,-62.0,-58.0,-72.0,-72.0,-68.0,-69.0,0.0,-67.0,0.0,-88.0,-78.0,0.0,-83.0,-85.0,0.0,0.0,-86.0,-93.0,-200.0,0.0,175.86647033691406,S
2022-07-20 14:46:47 +0000,-62.0,-73.0,0.0,0.0,-69.0,-75.0,-71.0,-77.0,-73.0,-67.0,0.0,0.0,-72.0,-83.0,-82.0,-84.0,-94.0,-96.0,-88.0,-92.0,-200.0,0.0,173.84324645996094,S
2022-07-20 14:46:48 +0000,0.0,-72.0,-65.0,-58.0,-68.0,-77.0,-74.0,-72.0,-71.0,-67.0,-90.0,-87.0,0.0,-85.0,0.0,-86.0,-94.0,-94.0,-89.0,-92.0,-200.0,0.0,173.84324645996094,S
2022-07-20 14:46:49 +0000,0.0,0.0,-63.0,-58.0,-68.0,0.0,-68.0,-75.0,-74.0,-67.0,-87.0,-84.0,0.0,-86.0,0.0,0.0,-93.0,-90.0,-87.0,-90.0,-200.0,-96.0,171.76449584960938,S
2022-07-20 14:46:50 +0000,-63.0,0.0,-62.0,-62.0,0.0,-72.0,0.0,0.0,-74.0,0.0,-86.0,-85.0,-76.0,-88.0,-82.0,-86.0,-92.0,0.0,0.0,0.0,-200.0,-94.0,171.76449584960938,S
2022-07-20 14:46:51 +0000,-62.0,-78.0,-69.0,-60.0,0.0,-72.0,-70.0,-70.0,0.0,-71.0,0.0,-84.0,-75.0,0.0,-82.0,-85.0,0.0,0.0,-85.0,0.0,-200.0,-94.0,171.76449584960938,S
2022-07-20 14:46:52 +0000,-62.0,-75.0,0.0,-58.0,-68.0,-74.0,-71.0,-71.0,-71.0,-71.0,-85.0,0.0,-73.0,-77.0,-82.0,-84.0,-92.0,-94.0,-84.0,-91.0,-200.0,0.0,174.25743103027344,S
2022-07-20 14:46:53 +0000,-62.0,-77.0,-70.0,0.0,-65.0,-76.0,-70.0,-69.0,-71.0,-69.0,-85.0,0.0,0.0,-78.0,-84.0,-88.0,-91.0,-94.0,-82.0,-84.0,-200.0,-93.0,218.90496826171875,S
2022-07-20 14:46:54 +0000,0.0,0.0,-65.0,-62.0,-66.0,0.0,-67.0,-62.0,-74.0,-67.0,-86.0,-86.0,-93.0,-81.0,0.0,0.0,-91.0,-94.0,-82.0,-86.0,-200.0,-93.0,249.0208282470703,W
2022-07-20 14:46:55 +0000,-71.0,-80.0,-69.0,-61.0,0.0,-65.0,0.0,0.0,0.0,0.0,-84.0,-87.0,-78.0,-80.0,-76.0,-77.0,-92.0,0.0,0.0,0.0,-200.0,-88.0,257.4296569824219,W
2022-07-20 14:46:56 +0000,-64.0,-75.0,-70.0,-62.0,0.0,-65.0,-65.0,-63.0,0.0,-73.0,0.0,-90.0,-77.0,0.0,-76.0,-77.0,0.0,-92.0,-85.0,-86.0,-200.0,-94.0,251.7672882080078,W
2022-07-20 14:46:57 +0000,-62.0,-74.0,0.0,-64.0,-67.0,-65.0,-66.0,-64.0,-79.0,-74.0,-88.0,0.0,-74.0,-83.0,-77.0,-78.0,-95.0,-84.0,-80.0,-85.0,-200.0,0.0,254.93675231933594,W
2022-07-20 14:46:58 +0000,0.0,-75.0,0.0,0.0,-72.0,-64.0,-68.0,-63.0,-82.0,-79.0,-87.0,-86.0,0.0,-85.0,-90.0,0.0,-94.0,-85.0,-80.0,-92.0,-200.0,-86.0,255.16575622558594,W
2022-07-20 14:46:59 +0000,0.0,0.0,-74.0,-63.0,-75.0,0.0,-70.0,-64.0,-72.0,0.0,-89.0,-85.0,-77.0,-84.0,0.0,0.0,0.0,-88.0,-81.0,-91.0,-200.0,-86.0,255.16575622558594,W
2022-07-20 14:47:00 +0000,-64.0,0.0,-74.0,-63.0,0.0,-64.0,0.0,0.0,-74.0,0.0,-91.0,-82.0,-76.0,-87.0,-79.0,-79.0,0.0,0.0,0.0,0.0,-200.0,-88.0,255.16575622558594,W
2022-07-20 14:47:01 +0000,-64.0,-76.0,-72.0,-62.0,-66.0,-65.0,-63.0,-65.0,0.0,-84.0,0.0,-83.0,-76.0,0.0,-78.0,-78.0,0.0,0.0,-77.0,0.0,-200.0,0.0,287.34454345703125,W
2022-07-20 14:47:02 +0000,-62.0,-77.0,0.0,0.0,-71.0,-65.0,-68.0,-65.0,-71.0,-77.0,0.0,0.0,-78.0,-83.0,-74.0,-78.0,-93.0,-91.0,-77.0,-86.0,-200.0,0.0,333.0542907714844,N
2022-07-20 14:47:03 +0000,-66.0,-85.0,-58.0,0.0,-72.0,-66.0,-68.0,-71.0,-70.0,-79.0,0.0,-85.0,0.0,-79.0,-71.0,0.0,-93.0,-89.0,-83.0,-79.0,-200.0,-88.0,346.7008972167969,N
2022-07-20 14:47:04 +0000,0.0,0.0,-61.0,-68.0,-71.0,0.0,-64.0,-71.0,-71.0,-80.0,-88.0,-87.0,-86.0,-78.0,0.0,0.0,0.0,-87.0,-91.0,-79.0,-200.0,-89.0,347.757080078125,N
2022-07-20 14:47:05 +0000,-61.0,-88.0,-63.0,-67.0,0.0,-68.0,0.0,0.0,-75.0,0.0,-88.0,-91.0,-85.0,-78.0,-71.0,-81.0,0.0,0.0,0.0,0.0,-200.0,-91.0,348.76116943359375,N
2022-07-20 14:47:06 +0000,-61.0,-77.0,-59.0,-64.0,0.0,-68.0,-86.0,-69.0,0.0,-81.0,0.0,-91.0,-85.0,0.0,-72.0,-89.0,0.0,-93.0,0.0,-79.0,-200.0,-87.0,348.76116943359375,N
2022-07-20 14:47:07 +0000,-63.0,-78.0,0.0,0.0,-79.0,-68.0,-76.0,-69.0,-71.0,-77.0,0.0,0.0,-87.0,-81.0,-72.0,-84.0,-91.0,-93.0,-78.0,-79.0,-200.0,0.0,348.76116943359375,N
2022-07-20 14:47:08 +0000,-60.0,-81.0,-64.0,0.0,-71.0,-69.0,-70.0,-69.0,-70.0,-78.0,0.0,-92.0,0.0,-81.0,0.0,-81.0,-91.0,-93.0,-78.0,-78.0,-200.0,-91.0,349.7799072265625,N
2022-07-20 14:47:09 +0000,0.0,0.0,-63.0,-65.0,-73.0,0.0,-70.0,0.0,-68.0,-82.0,0.0,-90.0,0.0,-90.0,0.0,0.0,-92.0,-96.0,-78.0,-78.0,-200.0,-89.0,351.9177551269531,N
2022-07-20 14:47:10 +0000,-66.0,-68.0,-61.0,-60.0,0.0,-72.0,0.0,0.0,-68.0,0.0,0.0,-86.0,-89.0,-82.0,-75.0,-84.0,0.0,0.0,0.0,0.0,-200.0,-89.0,39.309139251708984,N
2022-07-20 14:47:11 +0000,-69.0,-68.0,-61.0,-58.0,0.0,-72.0,-68.0,-68.0,0.0,-71.0,0.0,-89.0,-71.0,0.0,-76.0,-83.0,0.0,0.0,-84.0,0.0,-200.0,-87.0,82.35192108154297,E
2022-07-20 14:47:12 +0000,-68.0,-68.0,0.0,-59.0,-76.0,-72.0,-67.0,-68.0,-64.0,-71.0,0.0,0.0,-71.0,0.0,-83.0,-83.0,0.0,-91.0,-80.0,0.0,-200.0,0.0,80.14311218261719,E
2022-07-20 14:47:13 +0000,-67.0,-68.0,-73.0,-61.0,-70.0,-75.0,-68.0,-72.0,-65.0,-71.0,0.0,-92.0,0.0,-92.0,-84.0,0.0,0.0,-90.0,-80.0,-79.0,-200.0,-87.0,76.64854431152344,E
2022-07-20 14:47:14 +0000,0.0,0.0,-63.0,-59.0,-78.0,0.0,-72.0,-72.0,-68.0,-73.0,-92.0,-88.0,-77.0,-83.0,0.0,0.0,0.0,-91.0,-83.0,-79.0,-200.0,-89.0,73.40138244628906,E
2022-07-20 14:47:15 +0000,-73.0,-66.0,-61.0,-58.0,0.0,-69.0,0.0,0.0,-68.0,0.0,-92.0,-89.0,-73.0,-84.0,-75.0,-87.0,0.0,0.0,0.0,0.0,-200.0,-87.0,33.914859771728516,N
2022-07-20 14:47:16 +0000,-70.0,-66.0,-59.0,-60.0,-72.0,-71.0,-76.0,-70.0,0.0,-79.0,0.0,-87.0,-78.0,0.0,-75.0,-85.0,0.0,-86.0,-88.0,0.0,-200.0,-84.0,356.2848205566406,N
2022-07-20 14:47:17 +0000,-66.0,-75.0,0.0,-71.0,-70.0,-70.0,-75.0,-70.0,-66.0,-77.0,-91.0,0.0,-87.0,0.0,-75.0,-81.0,-91.0,-85.0,-83.0,-80.0,-200.0,0.0,37.57278060913086,N
2022-07-20 14:47:18 +0000,0.0,-76.0,-59.0,0.0,-68.0,-73.0,-73.0,-70.0,-66.0,-76.0,-91.0,-88.0,0.0,-79.0,-79.0,-81.0,-93.0,-95.0,-85.0,-83.0,-200.0,-94.0,56.1797981262207,E
2022-07-20 14:47:19 +0000,0.0,0.0,-57.0,-67.0,-67.0,0.0,-71.0,-71.0,-66.0,-77.0,-89.0,-89.0,0.0,-79.0,0.0,0.0,-94.0,0.0,-85.0,-87.0,-200.0,-90.0,52.861881256103516,E
2022-07-20 14:47:20 +0000,-61.0,-75.0,-60.0,-68.0,0.0,-68.0,0.0,0.0,-66.0,0.0,-94.0,-92.0,-80.0,-77.0,-79.0,-82.0,-93.0,0.0,0.0,0.0,-200.0,-88.0,51.87227249145508,E
2022-07-20 14:47:21 +0000,-60.0,-74.0,-61.0,-68.0,-70.0,-69.0,-64.0,-70.0,0.0,-81.0,0.0,-93.0,-82.0,0.0,-80.0,-85.0,0.0,-91.0,-79.0,0.0,-200.0,-89.0,52.39643096923828,E
2022-07-20 14:47:22 +0000,-64.0,-75.0,0.0,-72.0,-69.0,-71.0,-65.0,-69.0,-65.0,-79.0,-93.0,0.0,-87.0,-78.0,-78.0,-82.0,-94.0,-92.0,-80.0,-84.0,-200.0,0.0,59.08536148071289,E
2022-07-20 14:47:23 +0000,-62.0,-78.0,-62.0,0.0,-67.0,-72.0,-66.0,-67.0,-65.0,-78.0,-92.0,-86.0,0.0,-78.0,-78.0,-81.0,-90.0,-90.0,-81.0,-86.0,-200.0,-84.0,56.997474670410156,E
2022-07-20 14:47:24 +0000,0.0,0.0,-61.0,-68.0,-65.0,0.0,-65.0,-74.0,-65.0,-90.0,0.0,-84.0,0.0,-82.0,0.0,0.0,-91.0,-90.0,-82.0,-87.0,-200.0,-83.0,55.97715759277344,E
2022-07-20 14:47:25 +0000,-59.0,-80.0,-61.0,-67.0,0.0,-79.0,0.0,0.0,-67.0,0.0,0.0,-84.0,-81.0,-82.0,-79.0,-87.0,-91.0,0.0,0.0,0.0,-200.0,-84.0,55.97715759277344,E
2022-07-20 14:47:26 +0000,-60.0,-80.0,-59.0,-66.0,0.0,-72.0,-72.0,-74.0,0.0,-81.0,0.0,-84.0,-84.0,0.0,-76.0,-86.0,0.0,-88.0,-81.0,0.0,-200.0,-85.0,49.42168045043945,E
2022-07-20 14:47:27 +0000,-64.0,-80.0,0.0,0.0,-65.0,-69.0,-69.0,-71.0,-77.0,-75.0,-93.0,0.0,-88.0,-82.0,-76.0,-86.0,-92.0,-91.0,-79.0,-82.0,-200.0,0.0,60.956478118896484,E
2022-07-20 14:47:28 +0000,-66.0,-78.0,-61.0,0.0,-66.0,-67.0,-71.0,-73.0,-73.0,-77.0,-91.0,-94.0,0.0,-81.0,0.0,-93.0,-91.0,-88.0,-82.0,-84.0,-200.0,-95.0,59.90768051147461,E
2022-07-20 14:47:29 +0000,0.0,0.0,-60.0,-69.0,-67.0,0.0,-73.0,-76.0,-72.0,-81.0,-89.0,-90.0,0.0,-81.0,0.0,0.0,-90.0,-86.0,-81.0,-83.0,-200.0,-86.0,59.90768051147461,E
2022-07-20 14:47:30 +0000,-66.0,-75.0,-61.0,-69.0,0.0,-71.0,0.0,0.0,-69.0,0.0,-91.0,-93.0,-87.0,-80.0,-79.0,-79.0,-90.0,0.0,0.0,0.0,-200.0,-85.0,60.96871566772461,E
2022-07-20 14:47:31 +0000,-68.0,-73.0,-61.0,-68.0,-69.0,-69.0,-70.0,-71.0,0.0,-76.0,0.0,-94.0,-82.0,0.0,-79.0,-80.0,0.0,-88.0,0.0,-89.0,-200.0,-86.0,61.98476028442383,E
2022-07-20 14:47:32 +0000,-68.0,-74.0,0.0,0.0,-66.0,-69.0,-68.0,-71.0,-66.0,-76.0,-93.0,0.0,-81.0,-86.0,-79.0,-84.0,-91.0,-84.0,-82.0,-88.0,-200.0,0.0,358.3347473144531,N
2022-07-20 14:47:33 +0000,-70.0,-82.0,-67.0,0.0,-64.0,-73.0,-65.0,-68.0,-68.0,-75.0,-90.0,-84.0,0.0,-84.0,0.0,-84.0,-89.0,-84.0,-78.0,-86.0,-200.0,-80.0,331.4039001464844,N
2022-07-20 14:47:34 +0000,0.0,0.0,-68.0,-64.0,-64.0,0.0,-67.0,-69.0,-73.0,-76.0,-88.0,-84.0,0.0,-83.0,0.0,0.0,-89.0,-90.0,-77.0,-82.0,-200.0,-80.0,341.6615905761719,N
2022-07-20 14:47:35 +0000,-59.0,-79.0,-71.0,-63.0,0.0,-63.0,0.0,0.0,-73.0,0.0,-88.0,-83.0,-77.0,-87.0,-80.0,-77.0,-94.0,0.0,0.0,0.0,-200.0,-80.0,341.7107238769531,N
2022-07-20 14:47:36 +0000,-59.0,-84.0,-69.0,-63.0,0.0,-67.0,-67.0,-68.0,0.0,-72.0,0.0,-83.0,-77.0,0.0,-79.0,-76.0,0.0,-82.0,-78.0,-84.0,-200.0,0.0,341.7107238769531,N
2022-07-20 14:47:37 +0000,-59.0,-83.0,0.0,-64.0,-67.0,-69.0,-64.0,-67.0,-71.0,-72.0,-94.0,0.0,-78.0,-91.0,-78.0,-76.0,-94.0,-81.0,-77.0,-84.0,-200.0,0.0,342.7506103515625,N
2022-07-20 14:47:38 +0000,-57.0,-82.0,-68.0,0.0,-67.0,-69.0,-63.0,-66.0,-75.0,-74.0,-92.0,-91.0,0.0,-91.0,-94.0,-78.0,-93.0,-81.0,-74.0,-85.0,-200.0,-81.0,344.85406494140625,N
2022-07-20 14:47:39 +0000,0.0,0.0,-69.0,-63.0,-67.0,0.0,-63.0,-68.0,-71.0,-74.0,-96.0,-84.0,-75.0,-91.0,0.0,0.0,0.0,-84.0,-74.0,-85.0,-200.0,-79.0,341.48760986328125,N
2022-07-20 14:47:40 +0000,-58.0,-82.0,-68.0,-65.0,0.0,-69.0,0.0,0.0,-70.0,0.0,0.0,-86.0,-73.0,-82.0,-74.0,-76.0,0.0,0.0,0.0,0.0,-200.0,-80.0,277.7855529785156,W
2022-07-20 14:47:41 +0000,-64.0,-77.0,-64.0,-67.0,0.0,-70.0,-73.0,-71.0,0.0,-70.0,0.0,-89.0,-69.0,0.0,-78.0,-83.0,0.0,0.0,0.0,0.0,-200.0,-91.0,288.90191650390625,W
2022-07-20 14:47:42 +0000,-64.0,-78.0,0.0,-65.0,-81.0,-69.0,-69.0,-73.0,-75.0,-67.0,-89.0,0.0,-69.0,-82.0,-78.0,-86.0,0.0,-92.0,-82.0,-90.0,-200.0,0.0,284.52886962890625,W
2022-07-20 14:47:43 +0000,-69.0,-83.0,-63.0,0.0,-75.0,-70.0,-81.0,-72.0,-70.0,-67.0,-89.0,-86.0,0.0,-77.0,-77.0,0.0,-96.0,-92.0,-86.0,-84.0,-200.0,-91.0,285.5926513671875,W
2022-07-20 14:47:44 +0000,0.0,0.0,-63.0,-65.0,-76.0,0.0,-76.0,-72.0,-68.0,-67.0,-89.0,-87.0,-71.0,-78.0,0.0,0.0,0.0,-94.0,-87.0,-87.0,-200.0,-91.0,285.5994873046875,W
2022-07-20 14:47:45 +0000,-62.0,-80.0,-63.0,-66.0,0.0,-73.0,0.0,0.0,-69.0,0.0,-90.0,-86.0,-70.0,-78.0,-79.0,-86.0,0.0,0.0,0.0,0.0,-200.0,-89.0,286.6429443359375,W
2022-07-20 14:47:46 +0000,-62.0,-82.0,-63.0,-67.0,0.0,-76.0,-74.0,-74.0,0.0,-70.0,0.0,-86.0,-70.0,0.0,-81.0,-86.0,0.0,-90.0,-86.0,-94.0,-200.0,-91.0,284.5844421386719,W
2022-07-20 14:47:47 +0000,-63.0,-80.0,0.0,-88.0,-72.0,-72.0,-71.0,-73.0,-72.0,-69.0,-84.0,0.0,-80.0,0.0,-82.0,-85.0,-91.0,-89.0,-82.0,-83.0,-200.0,0.0,202.1965789794922,S
2022-07-20 14:47:48 +0000,0.0,-81.0,0.0,0.0,-73.0,-74.0,-68.0,-75.0,-70.0,-69.0,-86.0,-92.0,0.0,-88.0,-76.0,-81.0,-92.0,-89.0,-83.0,-82.0,-200.0,-87.0,158.1376953125,S
2022-07-20 14:47:49 +0000,0.0,0.0,-60.0,-59.0,-80.0,0.0,-69.0,-78.0,-69.0,-65.0,-85.0,-90.0,-74.0,-85.0,0.0,0.0,-93.0,-84.0,-89.0,-83.0,-200.0,-84.0,149.72930908203125,S
2022-07-20 14:47:50 +0000,-77.0,-80.0,-59.0,-58.0,0.0,-68.0,0.0,0.0,-68.0,0.0,-85.0,-82.0,-67.0,-79.0,-76.0,-83.0,-92.0,0.0,0.0,0.0,-200.0,-84.0,149.06430053710938,S
2022-07-20 14:47:51 +0000,-71.0,-70.0,-59.0,-58.0,0.0,-68.0,-67.0,-66.0,0.0,-66.0,0.0,0.0,-68.0,0.0,-79.0,-83.0,0.0,-90.0,-82.0,-85.0,-200.0,-84.0,152.14569091796875,S
2022-07-20 14:47:52 +0000,-72.0,-70.0,0.0,0.0,-71.0,-69.0,-67.0,-66.0,-70.0,-65.0,-88.0,0.0,-71.0,0.0,-78.0,-79.0,-94.0,-85.0,-80.0,-81.0,-200.0,0.0,155.5205841064453,S
2022-07-20 14:47:53 +0000,-87.0,-75.0,-64.0,0.0,-70.0,0.0,-71.0,-68.0,-73.0,-65.0,-85.0,-89.0,0.0,-72.0,0.0,0.0,-93.0,-85.0,-79.0,-80.0,-200.0,-78.0,154.492431640625,S
2022-07-20 14:47:54 +0000,0.0,0.0,-61.0,-57.0,-70.0,0.0,0.0,-68.0,-74.0,-67.0,-90.0,-85.0,0.0,-76.0,0.0,0.0,-93.0,-85.0,-83.0,-83.0,-200.0,-80.0,155.62319946289062,S
2022-07-20 14:47:55 +0000,-67.0,-74.0,-60.0,-57.0,0.0,-70.0,0.0,0.0,-75.0,0.0,0.0,-83.0,-67.0,-82.0,-85.0,-77.0,-94.0,0.0,0.0,0.0,-200.0,-82.0,154.6031036376953,S
2022-07-20 14:47:56 +0000,-67.0,-77.0,-58.0,-58.0,-71.0,-70.0,-67.0,-69.0,0.0,-63.0,0.0,-87.0,-66.0,0.0,-86.0,-77.0,0.0,-88.0,-77.0,-78.0,-200.0,-90.0,154.6031036376953,S
2022-07-20 14:47:57 +0000,-71.0,-74.0,0.0,0.0,-71.0,-70.0,-67.0,-69.0,-71.0,-63.0,0.0,0.0,-66.0,-77.0,-85.0,-77.0,-94.0,-86.0,-79.0,-79.0,-200.0,0.0,155.60728454589844,S
2022-07-20 14:47:58 +0000,-68.0,-72.0,0.0,0.0,-73.0,-73.0,-68.0,-72.0,-70.0,-66.0,-86.0,-91.0,0.0,-74.0,-86.0,-78.0,0.0,-90.0,-81.0,-81.0,-200.0,-80.0,156.6194610595703,S
2022-07-20 14:47:59 +0000,0.0,0.0,-58.0,-58.0,-73.0,0.0,-68.0,0.0,-69.0,-65.0,-90.0,-84.0,0.0,-75.0,0.0,0.0,0.0,-92.0,-84.0,-79.0,-200.0,-81.0,153.4766845703125,S
2022-07-20 14:48:00 +0000,-69.0,-76.0,-60.0,-58.0,0.0,-71.0,0.0,0.0,-69.0,0.0,-94.0,-82.0,-67.0,-73.0,-73.0,-78.0,0.0,0.0,0.0,0.0,-200.0,-82.0,102.21782684326172,E
2022-07-20 14:48:01 +0000,-70.0,-75.0,-61.0,-58.0,0.0,-65.0,-70.0,-65.0,0.0,-86.0,0.0,-81.0,-77.0,0.0,-73.0,-79.0,0.0,0.0,-87.0,0.0,-200.0,-83.0,76.27641296386719,E
2022-07-20 14:48:02 +0000,-69.0,-77.0,0.0,-58.0,-63.0,-66.0,-68.0,-70.0,-76.0,-82.0,-92.0,0.0,0.0,0.0,-73.0,-83.0,-93.0,-83.0,-86.0,-87.0,-200.0,0.0,65.61006927490234,E
2022-07-20 14:48:03 +0000,0.0,-78.0,-63.0,0.0,-63.0,0.0,-65.0,-70.0,-77.0,-83.0,-88.0,0.0,0.0,-79.0,0.0,-84.0,-92.0,-83.0,-84.0,-86.0,-200.0,-81.0,64.5539321899414,E
2022-07-20 14:48:04 +0000,0.0,0.0,-62.0,-68.0,-64.0,0.0,-65.0,-70.0,-71.0,0.0,-93.0,-84.0,-83.0,-77.0,0.0,0.0,-89.0,-84.0,-84.0,-84.0,-200.0,-83.0,65.5483169555664,E
2022-07-20 14:48:05 +0000,-70.0,0.0,-61.0,-68.0,0.0,-67.0,0.0,0.0,-69.0,0.0,0.0,-86.0,-82.0,-77.0,-77.0,-86.0,-90.0,0.0,0.0,0.0,-200.0,-93.0,65.5483169555664,E
2022-07-20 14:48:06 +0000,-69.0,-78.0,-63.0,-68.0,0.0,-67.0,-66.0,-69.0,0.0,-79.0,0.0,-91.0,-80.0,0.0,-74.0,-85.0,0.0,0.0,-82.0,-78.0,-200.0,0.0,65.5483169555664,E
2022-07-20 14:48:07 +0000,-71.0,-82.0,0.0,0.0,-67.0,-67.0,-64.0,-69.0,-66.0,-77.0,-93.0,0.0,-80.0,-78.0,-73.0,-82.0,-90.0,-85.0,-80.0,-78.0,-200.0,0.0,66.58236694335938,E
2022-07-20 14:48:08 +0000,-71.0,-81.0,-62.0,0.0,-62.0,0.0,-64.0,-68.0,-68.0,-77.0,-91.0,0.0,0.0,-77.0,-73.0,-83.0,-90.0,-90.0,-79.0,-85.0,-200.0,-84.0,66.58236694335938,E
2022-07-20 14:48:09 +0000,0.0,0.0,-62.0,-65.0,-62.0,0.0,-64.0,-68.0,-70.0,-77.0,-91.0,-90.0,-90.0,-78.0,0.0,0.0,-90.0,-87.0,-81.0,-89.0,-200.0,-83.0,46.13230895996094,E
2022-07-20 14:48:10 +0000,-59.0,-78.0,-64.0,-65.0,0.0,-68.0,0.0,0.0,-78.0,0.0,0.0,-88.0,-82.0,-80.0,-74.0,-73.0,0.0,0.0,0.0,0.0,-200.0,-85.0,296.6395263671875,W
2022-07-20 14:48:11 +0000,-58.0,-81.0,-69.0,-67.0,-65.0,-68.0,-71.0,-69.0,0.0,-73.0,0.0,-87.0,-79.0,0.0,-80.0,-74.0,0.0,0.0,0.0,-94.0,-200.0,-84.0,258.0233154296875,W
2022-07-20 14:48:12 +0000,-67.0,-82.0,0.0,0.0,-67.0,-72.0,-74.0,-70.0,-67.0,-71.0,-90.0,0.0,-79.0,0.0,-85.0,-85.0,-90.0,0.0,-83.0,-84.0,-200.0,0.0,205.8679656982422,S
2022-07-20 14:48:13 +0000,-65.0,-83.0,-69.0,0.0,-68.0,-85.0,-75.0,-78.0,-67.0,-75.0,-86.0,-90.0,0.0,-75.0,0.0,-85.0,-91.0,0.0,-82.0,-84.0,-200.0,-94.0,186.69744873046875,S
2022-07-20 14:48:14 +0000,0.0,0.0,-66.0,-65.0,-70.0,0.0,-73.0,-81.0,-69.0,-75.0,-87.0,-90.0,0.0,-77.0,0.0,0.0,0.0,0.0,-83.0,-81.0,-200.0,-85.0,181.10614013671875,S
2022-07-20 14:48:15 +0000,-64.0,-80.0,-67.0,-65.0,0.0,-67.0,0.0,0.0,-68.0,0.0,-91.0,-91.0,-76.0,-77.0,-83.0,-85.0,0.0,0.0,0.0,0.0,-200.0,-85.0,180.08387756347656,S
2022-07-20 14:48:16 +0000,-66.0,-80.0,-67.0,-65.0,-73.0,-71.0,-76.0,-79.0,0.0,-70.0,0.0,-92.0,-77.0,0.0,-79.0,-86.0,0.0,-93.0,-91.0,-82.0,-200.0,-91.0,176.90396118164062,S
2022-07-20 14:48:17 +0000,-65.0,-79.0,0.0,0.0,-68.0,-72.0,-80.0,-75.0,-71.0,-68.0,-89.0,0.0,-79.0,-91.0,-78.0,-86.0,-94.0,-91.0,-85.0,-81.0,-200.0,0.0,186.24632263183594,S
2022-07-20 14:48:18 +0000,-68.0,-74.0,0.0,-64.0,-67.0,-75.0,-78.0,-71.0,-72.0,-68.0,-86.0,-83.0,0.0,-84.0,-78.0,-85.0,-93.0,-89.0,-85.0,-81.0,-200.0,-91.0,177.83602905273438,S
2022-07-20 14:48:19 +0000,0.0,0.0,-66.0,-65.0,-72.0,0.0,-78.0,-71.0,-70.0,-70.0,-87.0,-81.0,-78.0,-81.0,0.0,0.0,0.0,0.0,-87.0,-79.0,-200.0,-91.0,172.3425750732422,S
2022-07-20 14:48:20 +0000,-65.0,-81.0,-66.0,-64.0,0.0,-70.0,0.0,0.0,-69.0,0.0,-89.0,-84.0,-73.0,-80.0,-88.0,-91.0,0.0,0.0,0.0,0.0,-200.0,-91.0,172.3584442138672,S
2022-07-20 14:48:21 +0000,-62.0,-77.0,-65.0,-64.0,-81.0,-73.0,-73.0,-79.0,0.0,-67.0,0.0,-88.0,-68.0,0.0,-83.0,-89.0,0.0,0.0,0.0,-84.0,-200.0,-91.0,173.1465606689453,S
2022-07-20 14:48:22 +0000,-60.0,-75.0,0.0,-66.0,-80.0,-71.0,-72.0,-77.0,-88.0,-67.0,-90.0,0.0,-67.0,-81.0,-83.0,-87.0,0.0,-93.0,-83.0,-81.0,-200.0,0.0,175.9616241455078,S
2022-07-20 14:48:23 +0000,-64.0,-72.0,-67.0,0.0,-78.0,-72.0,-74.0,-71.0,-73.0,-68.0,-83.0,-82.0,0.0,-80.0,0.0,-85.0,0.0,-93.0,-83.0,-81.0,-200.0,-86.0,180.42562866210938,S
2022-07-20 14:48:24 +0000,0.0,0.0,-67.0,-63.0,-78.0,0.0,-78.0,-72.0,-76.0,-69.0,-85.0,-81.0,-70.0,-80.0,0.0,0.0,0.0,0.0,-84.0,-83.0,-200.0,-87.0,177.14834594726562,S
2022-07-20 14:48:25 +0000,-60.0,-73.0,-73.0,-61.0,-84.0,-78.0,0.0,0.0,-76.0,0.0,-87.0,-81.0,-71.0,-80.0,-75.0,-83.0,0.0,0.0,0.0,0.0,-200.0,-90.0,176.13465881347656,S
2022-07-20 14:48:26 +0000,-59.0,-77.0,-72.0,-61.0,0.0,-76.0,-76.0,-78.0,0.0,-83.0,0.0,-84.0,-72.0,0.0,-73.0,-83.0,0.0,-93.0,-91.0,0.0,-200.0,-91.0,176.13465881347656,S
2022-07-20 14:48:27 +0000,-59.0,-79.0,0.0,-63.0,-81.0,-75.0,-75.0,-78.0,-75.0,-70.0,-89.0,0.0,-73.0,-79.0,-77.0,-82.0,0.0,-93.0,-88.0,-84.0,-200.0,0.0,174.09014892578125,S
2022-07-20 14:48:28 +0000,0.0,-81.0,-72.0,0.0,-81.0,-74.0,-79.0,-81.0,-74.0,-70.0,-84.0,-78.0,0.0,-78.0,-81.0,-85.0,-95.0,-91.0,-85.0,-81.0,-200.0,-89.0,174.09014892578125,S
2022-07-20 14:48:29 +0000,0.0,0.0,-70.0,-62.0,-80.0,0.0,-93.0,-88.0,-73.0,0.0,-82.0,-78.0,-78.0,-77.0,0.0,0.0,-95.0,-91.0,-89.0,-80.0,-200.0,-89.0,214.05096435546875,S
2022-07-20 14:48:30 +0000,-71.0,-80.0,-67.0,-61.0,0.0,-68.0,0.0,0.0,-76.0,0.0,-82.0,-83.0,-79.0,-78.0,0.0,-82.0,0.0,0.0,0.0,0.0,-200.0,-85.0,261.65191650390625,W
2022-07-20 14:48:31 +0000,-53.0,-77.0,-67.0,-57.0,0.0,-68.0,-63.0,-72.0,0.0,-70.0,0.0,-85.0,-75.0,0.0,-82.0,-82.0,0.0,-88.0,-79.0,0.0,-200.0,-84.0,272.1517639160156,W
2022-07-20 14:48:32 +0000,-55.0,-80.0,0.0,0.0,-71.0,-67.0,-64.0,-70.0,-75.0,-67.0,0.0,0.0,-73.0,0.0,-78.0,-80.0,-92.0,-86.0,-79.0,-85.0,-200.0,0.0,272.03240966796875,W
2022-07-20 14:48:33 +0000,-53.0,-87.0,-74.0,0.0,-70.0,-67.0,-65.0,-69.0,-76.0,-65.0,-95.0,-89.0,0.0,-83.0,-85.0,-80.0,-90.0,-88.0,-76.0,-86.0,-200.0,-87.0,271.02362060546875,W
2022-07-20 14:48:34 +0000,0.0,0.0,-66.0,-61.0,-69.0,0.0,-68.0,0.0,-75.0,-67.0,-89.0,-84.0,-70.0,-87.0,0.0,0.0,-88.0,-85.0,-75.0,-92.0,-200.0,-84.0,272.05523681640625,W
2022-07-20 14:48:35 +0000,-55.0,-79.0,-66.0,-61.0,0.0,-68.0,0.0,0.0,-84.0,0.0,-89.0,-84.0,-70.0,-87.0,-79.0,-82.0,-90.0,0.0,0.0,0.0,-200.0,-82.0,272.05523681640625,W
2022-07-20 14:48:36 +0000,-52.0,-79.0,-65.0,-61.0,0.0,-68.0,-65.0,-63.0,0.0,-67.0,0.0,-84.0,-72.0,0.0,-79.0,-78.0,0.0,0.0,-86.0,-87.0,-200.0,-84.0,271.02313232421875,W
2022-07-20 14:48:37 +0000,-53.0,-80.0,0.0,0.0,-74.0,-71.0,-66.0,-65.0,-72.0,-66.0,-86.0,0.0,-72.0,-83.0,-81.0,-76.0,-87.0,-90.0,-82.0,-88.0,-200.0,0.0,272.024658203125,W
2022-07-20 14:48:38 +0000,-54.0,-75.0,0.0,0.0,-73.0,-74.0,-66.0,-65.0,-69.0,-69.0,-89.0,-91.0,0.0,-83.0,0.0,-77.0,-92.0,-88.0,-76.0,-87.0,-200.0,-80.0,321.88330078125,N
2022-07-20 14:48:39 +0000,0.0,0.0,-62.0,-64.0,-72.0,0.0,-66.0,-70.0,-70.0,-72.0,-87.0,-89.0,-81.0,-79.0,0.0,0.0,0.0,-88.0,-76.0,-86.0,-200.0,-83.0,11.347110748291016,N
2022-07-20 14:48:40 +0000,-59.0,-82.0,-58.0,-59.0,0.0,-68.0,0.0,0.0,-72.0,0.0,-86.0,-86.0,-81.0,-78.0,-81.0,-79.0,0.0,0.0,0.0,0.0,-200.0,-82.0,22.277620315551758,N
2022-07-20 14:48:41 +0000,-58.0,-82.0,-57.0,-59.0,-68.0,-72.0,-63.0,-65.0,0.0,-74.0,0.0,-86.0,-82.0,0.0,-82.0,-77.0,0.0,-91.0,-82.0,0.0,-200.0,0.0,25.396821975708008,N
2022-07-20 14:48:42 +0000,-58.0,-81.0,0.0,0.0,-69.0,-74.0,-66.0,-64.0,-68.0,-76.0,-86.0,0.0,-91.0,-70.0,-80.0,-78.0,-92.0,-88.0,-81.0,-87.0,-200.0,0.0,26.41302490234375,N
2022-07-20 14:48:43 +0000,0.0,-79.0,-59.0,-59.0,-64.0,-76.0,-68.0,-64.0,-69.0,-73.0,-84.0,-86.0,0.0,-70.0,-83.0,-78.0,-91.0,-87.0,-81.0,-83.0,-200.0,-80.0,26.423372268676758,N
2022-07-20 14:48:44 +0000,0.0,0.0,-60.0,-60.0,-66.0,0.0,-67.0,-64.0,-67.0,-76.0,-85.0,-86.0,-80.0,-72.0,0.0,0.0,-92.0,-87.0,-80.0,-90.0,-200.0,-81.0,28.496965408325195,N
2022-07-20 14:48:45 +0000,-61.0,0.0,-59.0,-60.0,0.0,-79.0,0.0,0.0,-70.0,0.0,-85.0,-82.0,-81.0,-74.0,-80.0,-79.0,-93.0,0.0,0.0,0.0,-200.0,-82.0,28.496965408325195,N
2022-07-20 14:48:46 +0000,-58.0,-80.0,-59.0,-60.0,-70.0,-76.0,-65.0,-67.0,0.0,-79.0,0.0,-82.0,-85.0,0.0,-80.0,-78.0,0.0,-91.0,-79.0,-89.0,-200.0,-82.0,27.493797302246094,N
2022-07-20 14:48:47 +0000,-56.0,-82.0,0.0,0.0,-70.0,-76.0,-65.0,-68.0,-76.0,-72.0,-92.0,0.0,-85.0,0.0,-82.0,-77.0,-92.0,-91.0,-80.0,-84.0,-200.0,0.0,30.53519630432129,N
2022-07-20 14:48:48 +0000,0.0,-80.0,-72.0,0.0,-70.0,-77.0,-64.0,-65.0,-79.0,-68.0,-92.0,-84.0,0.0,-72.0,-81.0,-77.0,-94.0,-88.0,-80.0,-80.0,-200.0,-84.0,75.47345733642578,E
2022-07-20 14:48:49 +0000,0.0,0.0,-59.0,-57.0,-70.0,0.0,-64.0,0.0,-68.0,-70.0,-91.0,-82.0,-76.0,-71.0,0.0,0.0,0.0,-84.0,-82.0,-82.0,-200.0,-85.0,117.89366912841797,E
2022-07-20 14:48:50 +0000,-66.0,-81.0,-56.0,-60.0,0.0,-85.0,0.0,0.0,-65.0,0.0,-92.0,-78.0,-75.0,-73.0,0.0,-81.0,0.0,0.0,0.0,0.0,-200.0,-86.0,126.93035125732422,E
2022-07-20 14:48:51 +0000,-66.0,-77.0,-55.0,-63.0,-80.0,-70.0,-68.0,-74.0,0.0,-68.0,0.0,-78.0,-73.0,0.0,-81.0,-81.0,0.0,-92.0,-81.0,0.0,-200.0,-91.0,125.89685821533203,E
2022-07-20 14:48:52 +0000,-67.0,-78.0,0.0,0.0,-79.0,-71.0,-68.0,-74.0,-67.0,-70.0,-83.0,0.0,-71.0,-76.0,-80.0,-81.0,-91.0,-91.0,-83.0,-79.0,-200.0,0.0,128.03884887695312,E
2022-07-20 14:48:53 +0000,-69.0,-80.0,-57.0,0.0,-76.0,-71.0,-68.0,-78.0,-68.0,-73.0,-84.0,-87.0,0.0,-76.0,-79.0,-80.0,-92.0,-91.0,-83.0,-79.0,-200.0,-85.0,128.03884887695312,E
2022-07-20 14:48:54 +0000,0.0,0.0,-57.0,-65.0,-78.0,0.0,-68.0,0.0,-69.0,-74.0,-87.0,-87.0,-75.0,-75.0,0.0,0.0,-93.0,-92.0,-88.0,-79.0,-200.0,-82.0,127.01239776611328,E
2022-07-20 14:48:55 +0000,-69.0,-73.0,-59.0,-64.0,0.0,-74.0,0.0,0.0,-76.0,0.0,-90.0,-86.0,-71.0,-69.0,-81.0,-80.0,-93.0,0.0,0.0,0.0,-200.0,-82.0,127.01239776611328,E
2022-07-20 14:48:56 +0000,-69.0,-73.0,-59.0,-66.0,-71.0,-74.0,-74.0,-71.0,0.0,-72.0,0.0,-86.0,-70.0,0.0,-82.0,-81.0,0.0,0.0,-83.0,-84.0,-200.0,-85.0,127.01239776611328,E
2022-07-20 14:48:57 +0000,-67.0,-78.0,0.0,0.0,-71.0,-69.0,-72.0,-75.0,-69.0,-70.0,-84.0,0.0,-70.0,-73.0,-82.0,-82.0,0.0,-88.0,-82.0,-77.0,-200.0,0.0,129.1221923828125,E
2022-07-20 14:48:58 +0000,0.0,-84.0,-58.0,0.0,-75.0,0.0,-68.0,-71.0,-70.0,-66.0,-87.0,-83.0,0.0,-73.0,-85.0,-82.0,-94.0,-88.0,-81.0,-79.0,-200.0,-81.0,130.13401794433594,E
2022-07-20 14:48:59 +0000,0.0,0.0,-58.0,-64.0,-70.0,0.0,-69.0,-72.0,-71.0,0.0,-85.0,-79.0,-73.0,-72.0,0.0,0.0,-95.0,0.0,-81.0,-82.0,-200.0,-82.0,127.9959487915039,E
2022-07-20 14:49:00 +0000,-64.0,-86.0,-56.0,-65.0,0.0,-71.0,0.0,0.0,-71.0,0.0,-85.0,-83.0,-73.0,-73.0,-84.0,-83.0,0.0,0.0,0.0,0.0,-200.0,-83.0,123.64461517333984,E
2022-07-20 14:49:01 +0000,-63.0,-76.0,-56.0,-61.0,-70.0,-71.0,-69.0,-68.0,0.0,-69.0,0.0,-78.0,-76.0,0.0,-76.0,-78.0,0.0,-85.0,-81.0,0.0,-200.0,-84.0,66.82955932617188,E
2022-07-20 14:49:02 +0000,-61.0,-77.0,0.0,-60.0,-67.0,-71.0,-68.0,-66.0,-67.0,-70.0,-93.0,0.0,-81.0,-90.0,-77.0,-85.0,0.0,-88.0,-79.0,-79.0,-200.0,0.0,345.6610412597656,N
2022-07-20 14:49:03 +0000,0.0,-80.0,-65.0,0.0,-63.0,-74.0,-70.0,-65.0,-68.0,-73.0,-90.0,0.0,0.0,-84.0,-79.0,-93.0,-92.0,-87.0,-83.0,-84.0,-200.0,-83.0,5.9675068855285645,N
2022-07-20 14:49:04 +0000,0.0,0.0,-63.0,-64.0,-64.0,0.0,-74.0,-72.0,-66.0,-73.0,-91.0,-81.0,0.0,-81.0,0.0,0.0,-96.0,-87.0,-84.0,-82.0,-200.0,-84.0,11.687753677368164,N
2022-07-20 14:49:05 +0000,-55.0,-79.0,-63.0,-66.0,0.0,-74.0,0.0,0.0,-65.0,0.0,-91.0,-86.0,-80.0,-82.0,-78.0,-83.0,0.0,0.0,0.0,0.0,-200.0,-84.0,13.997636795043945,N
2022-07-20 14:49:06 +0000,-55.0,-79.0,-64.0,-64.0,-66.0,-72.0,-65.0,-63.0,0.0,-70.0,0.0,-85.0,-80.0,0.0,-75.0,-80.0,0.0,-87.0,-73.0,-85.0,-200.0,-82.0,13.997636795043945,N
2022-07-20 14:49:07 +0000,-56.0,-79.0,0.0,0.0,-66.0,-75.0,-65.0,-62.0,-62.0,-69.0,-85.0,0.0,-82.0,0.0,-78.0,-80.0,-90.0,-86.0,-73.0,-85.0,-200.0,0.0,12.988868713378906,N
2022-07-20 14:49:08 +0000,-58.0,-81.0,-58.0,0.0,-66.0,-81.0,-64.0,-62.0,-63.0,-69.0,-85.0,-86.0,0.0,-76.0,-81.0,-79.0,-90.0,-86.0,-70.0,-83.0,-200.0,-86.0,18.650314331054688,N
2022-07-20 14:49:09 +0000,0.0,0.0,-60.0,-61.0,-67.0,0.0,0.0,-64.0,-64.0,-69.0,-85.0,-84.0,0.0,-74.0,0.0,0.0,-91.0,-88.0,-70.0,-79.0,-200.0,-85.0,81.36949157714844,E
2022-07-20 14:49:10 +0000,-63.0,-77.0,-60.0,-65.0,0.0,-66.0,0.0,0.0,-78.0,0.0,-83.0,-85.0,-68.0,-74.0,-81.0,-80.0,-90.0,0.0,0.0,0.0,-200.0,-87.0,114.0935287475586,E
2022-07-20 14:49:11 +0000,-61.0,-75.0,-57.0,-69.0,-71.0,-69.0,-70.0,-79.0,0.0,-66.0,0.0,-84.0,-72.0,0.0,-80.0,-79.0,0.0,-84.0,-84.0,-84.0,-200.0,-90.0,112.97518157958984,E
2022-07-20 14:49:12 +0000,-61.0,-74.0,0.0,0.0,-71.0,-71.0,-70.0,-79.0,-66.0,-66.0,-89.0,0.0,-73.0,-83.0,-79.0,-80.0,-91.0,-91.0,-82.0,-84.0,-200.0,0.0,114.11804962158203,E
2022-07-20 14:49:13 +0000,-61.0,-74.0,-59.0,0.0,-70.0,0.0,-70.0,-79.0,-66.0,-66.0,-86.0,-91.0,0.0,-84.0,0.0,-79.0,-91.0,-90.0,-81.0,-83.0,-200.0,-89.0,115.12152862548828,E
2022-07-20 14:49:14 +0000,0.0,0.0,-59.0,-61.0,-68.0,0.0,-75.0,-77.0,-66.0,-67.0,-84.0,-92.0,0.0,-87.0,0.0,0.0,-91.0,-91.0,-81.0,-81.0,-200.0,-89.0,116.16363525390625,E
2022-07-20 14:49:15 +0000,-61.0,-75.0,-59.0,-61.0,0.0,-67.0,0.0,0.0,-68.0,0.0,-84.0,-89.0,-75.0,-88.0,-76.0,-80.0,0.0,0.0,0.0,0.0,-200.0,-89.0,116.16363525390625,E
2022-07-20 14:49:16 +0000,-60.0,-75.0,-58.0,-65.0,-68.0,-68.0,-70.0,-79.0,0.0,-65.0,0.0,-88.0,-72.0,0.0,-77.0,-79.0,0.0,-90.0,-83.0,-82.0,-200.0,-88.0,114.04769897460938,E
2022-07-20 14:49:17 +0000,-60.0,-76.0,0.0,0.0,-71.0,-70.0,-71.0,-79.0,-67.0,-65.0,-81.0,0.0,-72.0,-82.0,-78.0,-79.0,-90.0,-89.0,-83.0,-82.0,-200.0,0.0,114.04769897460938,E
2022-07-20 14:49:18 +0000,0.0,-76.0,-59.0,0.0,-67.0,-70.0,-71.0,-78.0,-67.0,-66.0,-82.0,-92.0,0.0,-82.0,-78.0,-80.0,-89.0,-90.0,-83.0,-82.0,-200.0,-90.0,114.04769897460938,E
2022-07-20 14:49:19 +0000,0.0,0.0,-59.0,-62.0,-67.0,0.0,-76.0,-80.0,-68.0,-65.0,-83.0,-90.0,-71.0,-80.0,0.0,0.0,-89.0,-90.0,-82.0,-82.0,-200.0,-89.0,113.01335906982422,E
2022-07-20 14:49:20 +0000,-62.0,-77.0,-59.0,-61.0,0.0,-65.0,0.0,0.0,0.0,0.0,-85.0,-90.0,-72.0,-80.0,-84.0,-79.0,0.0,0.0,0.0,0.0,-200.0,-87.0,116.16765594482422,E
2022-07-20 14:49:21 +0000,-61.0,-76.0,-58.0,-60.0,0.0,-65.0,-75.0,-73.0,0.0,-65.0,0.0,0.0,-71.0,0.0,-77.0,-76.0,0.0,-90.0,-79.0,-82.0,-200.0,-87.0,116.16765594482422,E
2022-07-20 14:49:22 +0000,-60.0,-75.0,0.0,0.0,-67.0,-68.0,-69.0,-71.0,-64.0,-65.0,-90.0,0.0,-67.0,-89.0,-76.0,-80.0,-93.0,-92.0,-80.0,-82.0,-200.0,0.0,116.16765594482422,E
2022-07-20 14:49:23 +0000,-71.0,0.0,0.0,0.0,-67.0,-76.0,-68.0,-70.0,-68.0,-65.0,-85.0,-82.0,0.0,-82.0,0.0,-76.0,-92.0,-93.0,-81.0,-83.0,-200.0,-84.0,124.80345916748047,E
2022-07-20 14:49:24 +0000,0.0,0.0,-62.0,-62.0,-67.0,0.0,-68.0,-69.0,-69.0,-66.0,-86.0,-83.0,-82.0,-83.0,0.0,0.0,0.0,-93.0,-81.0,-84.0,-200.0,-82.0,173.44940185546875,S
2022-07-20 14:49:25 +0000,-64.0,0.0,-65.0,-62.0,0.0,-68.0,0.0,0.0,0.0,0.0,-84.0,-82.0,-66.0,-83.0,-78.0,-83.0,0.0,0.0,0.0,0.0,-200.0,-87.0,182.747802734375,S
2022-07-20 14:49:26 +0000,-60.0,-83.0,-65.0,-66.0,-75.0,-69.0,-75.0,-83.0,0.0,-67.0,0.0,0.0,-66.0,0.0,-78.0,-86.0,0.0,-92.0,0.0,0.0,-200.0,0.0,180.58599853515625,S
2022-07-20 14:49:27 +0000,-59.0,-80.0,0.0,-65.0,-71.0,-72.0,-75.0,-86.0,-75.0,-66.0,-87.0,0.0,-67.0,0.0,-83.0,-89.0,-89.0,-94.0,-82.0,-82.0,-200.0,0.0,176.3831024169922,S
2022-07-20 14:49:28 +0000,-62.0,-81.0,-64.0,0.0,-71.0,-74.0,-76.0,-79.0,-75.0,-67.0,-86.0,0.0,0.0,-75.0,0.0,-91.0,-91.0,-94.0,-77.0,-83.0,-200.0,-86.0,174.3662872314453,S
2022-07-20 14:49:29 +0000,0.0,0.0,-62.0,-62.0,-70.0,0.0,-76.0,-76.0,-73.0,-71.0,-83.0,-83.0,0.0,-77.0,0.0,0.0,-91.0,-95.0,-77.0,-83.0,-200.0,-86.0,173.31138610839844,S
2022-07-20 14:49:30 +0000,-62.0,-82.0,-62.0,-62.0,0.0,-67.0,0.0,0.0,-72.0,0.0,0.0,-84.0,-67.0,-77.0,-81.0,-90.0,0.0,0.0,0.0,0.0,-200.0,-88.0,173.31138610839844,S
2022-07-20 14:49:31 +0000,-62.0,-80.0,-63.0,0.0,0.0,-71.0,-75.0,-83.0,0.0,-66.0,0.0,-84.0,-67.0,0.0,-81.0,-91.0,0.0,-94.0,-83.0,0.0,-200.0,0.0,173.31138610839844,S
2022-07-20 14:49:32 +0000,-62.0,-80.0,0.0,0.0,-70.0,-67.0,-74.0,-81.0,0.0,-65.0,0.0,0.0,-67.0,-84.0,-83.0,-90.0,-92.0,-94.0,-82.0,-81.0,-200.0,0.0,173.31138610839844,S
2022-07-20 14:49:33 +0000,-62.0,-80.0,-64.0,0.0,-70.0,-67.0,-75.0,-79.0,0.0,-69.0,-82.0,-83.0,0.0,-79.0,0.0,-92.0,-91.0,-94.0,-84.0,-81.0,-200.0,-87.0,173.31138610839844,S
2022-07-20 14:49:34 +0000,0.0,0.0,-64.0,-62.0,-71.0,0.0,-75.0,-83.0,-71.0,-69.0,-83.0,-81.0,-67.0,-76.0,0.0,0.0,-92.0,0.0,-74.0,-87.0,-200.0,-87.0,173.31138610839844,S
2022-07-20 14:49:35 +0000,-61.0,-84.0,-65.0,-64.0,0.0,-69.0,0.0,0.0,-69.0,0.0,-87.0,-81.0,-68.0,-75.0,-76.0,-83.0,0.0,0.0,0.0,0.0,-200.0,-86.0,172.29063415527344,S
2022-07-20 14:49:36 +0000,-60.0,-76.0,-66.0,-64.0,0.0,-68.0,-80.0,-78.0,0.0,-68.0,0.0,-83.0,-69.0,0.0,-79.0,-85.0,0.0,-93.0,-83.0,-86.0,-200.0,0.0,183.54171752929688,S
2022-07-20 14:49:37 +0000,-59.0,-77.0,0.0,0.0,-70.0,-68.0,-74.0,-73.0,-76.0,-68.0,-89.0,0.0,-69.0,-94.0,-80.0,-82.0,-92.0,-92.0,-80.0,-85.0,-200.0,0.0,220.66334533691406,S
2022-07-20 14:49:38 +0000,-60.0,-80.0,-68.0,0.0,-70.0,-75.0,-66.0,-72.0,-76.0,-69.0,-91.0,-89.0,0.0,-78.0,0.0,-84.0,-91.0,-89.0,-77.0,-84.0,-200.0,0.0,268.48681640625,W
2022-07-20 14:49:39 +0000,0.0,0.0,-68.0,-63.0,-69.0,0.0,-63.0,-77.0,-71.0,-75.0,-89.0,-89.0,-77.0,-82.0,0.0,0.0,-86.0,-91.0,-75.0,-84.0,-200.0,0.0,264.0077209472656,W
2022-07-20 14:49:40 +0000,-56.0,-76.0,-66.0,-63.0,0.0,-66.0,0.0,0.0,0.0,0.0,-86.0,-89.0,-76.0,-82.0,-77.0,0.0,-92.0,0.0,0.0,0.0,-200.0,0.0,263.94061279296875,W
2022-07-20 14:49:41 +0000,-56.0,-73.0,-65.0,-62.0,-65.0,-66.0,-65.0,0.0,0.0,-68.0,0.0,0.0,-76.0,0.0,-76.0,-90.0,0.0,0.0,-79.0,-86.0,-200.0,0.0,263.94061279296875,W
2022-07-20 14:49:42 +0000,-56.0,-72.0,0.0,-63.0,-65.0,-66.0,-65.0,-76.0,-75.0,-68.0,0.0,0.0,-80.0,-87.0,-77.0,-82.0,0.0,-96.0,-79.0,-82.0,-200.0,0.0,261.9219970703125,W
2022-07-20 14:49:43 +0000,-55.0,-72.0,-71.0,0.0,-65.0,-66.0,-62.0,-75.0,-75.0,-68.0,-93.0,0.0,0.0,-88.0,0.0,-82.0,0.0,-95.0,-77.0,-84.0,-200.0,0.0,261.9219970703125,W
2022-07-20 14:49:44 +0000,0.0,0.0,-70.0,-64.0,-65.0,0.0,-63.0,0.0,-77.0,-68.0,-93.0,0.0,-85.0,-85.0,0.0,0.0,-93.0,-94.0,-78.0,-84.0,-200.0,-83.0,261.9219970703125,W
2022-07-20 14:49:45 +0000,-55.0,-76.0,-70.0,-64.0,0.0,-66.0,0.0,0.0,0.0,0.0,-93.0,-82.0,-77.0,-85.0,-82.0,-81.0,0.0,0.0,0.0,0.0,-200.0,0.0,261.9219970703125,W
2022-07-20 14:49:46 +0000,-56.0,-76.0,-71.0,-61.0,-69.0,-66.0,-64.0,-77.0,0.0,-69.0,0.0,-85.0,-75.0,0.0,-81.0,-82.0,0.0,-85.0,-74.0,-92.0,-200.0,0.0,274.8975524902344,W
2022-07-20 14:49:47 +0000,-56.0,-76.0,0.0,0.0,-65.0,-64.0,-62.0,-77.0,-64.0,-69.0,-94.0,0.0,-75.0,-82.0,-75.0,-81.0,0.0,-84.0,-75.0,-88.0,-200.0,0.0,325.76226806640625,N
2022-07-20 14:49:48 +0000,0.0,-80.0,-64.0,0.0,-62.0,0.0,-65.0,-78.0,-64.0,-72.0,-90.0,-81.0,0.0,-81.0,-74.0,-77.0,-94.0,-88.0,-78.0,-90.0,-200.0,0.0,32.2193603515625,N
2022-07-20 14:49:49 +0000,0.0,0.0,-64.0,-64.0,-61.0,0.0,-66.0,-81.0,-67.0,-79.0,-88.0,-85.0,-81.0,-80.0,0.0,0.0,-91.0,-89.0,-78.0,-90.0,-200.0,0.0,46.77764129638672,E
2022-07-20 14:49:50 +0000,0.0,-77.0,-60.0,-63.0,0.0,-64.0,0.0,0.0,-70.0,0.0,-89.0,-84.0,-77.0,-79.0,-72.0,-75.0,0.0,0.0,0.0,0.0,-200.0,0.0,99.68878173828125,E
2022-07-20 14:49:51 +0000,-66.0,-84.0,-67.0,-62.0,-79.0,-64.0,-67.0,-77.0,0.0,-63.0,0.0,0.0,-72.0,0.0,-73.0,-84.0,0.0,-91.0,0.0,0.0,-200.0,0.0,186.179443359375,S
2022-07-20 14:49:52 +0000,-67.0,-76.0,0.0,0.0,-70.0,-66.0,-69.0,-73.0,-70.0,-60.0,-84.0,0.0,-75.0,-81.0,-81.0,-82.0,0.0,-92.0,-82.0,-76.0,-200.0,0.0,207.34271240234375,S
2022-07-20 14:49:53 +0000,0.0,-80.0,-64.0,0.0,-73.0,-70.0,-72.0,-69.0,-71.0,-62.0,-82.0,-75.0,0.0,-76.0,0.0,-87.0,-92.0,0.0,-81.0,-77.0,-200.0,0.0,229.43748474121094,W
2022-07-20 14:49:54 +0000,0.0,0.0,-66.0,-63.0,-74.0,0.0,-74.0,-70.0,-69.0,-65.0,-80.0,-82.0,0.0,-74.0,0.0,0.0,-91.0,0.0,-84.0,-79.0,-200.0,0.0,195.8694610595703,S
2022-07-20 14:49:55 +0000,-62.0,-81.0,-66.0,-63.0,0.0,-74.0,0.0,0.0,-69.0,0.0,-80.0,-78.0,-66.0,-75.0,-86.0,-84.0,0.0,0.0,0.0,0.0,-200.0,0.0,179.8603973388672,S
2022-07-20 14:49:56 +0000,-65.0,-73.0,-67.0,0.0,-81.0,-75.0,-83.0,-83.0,0.0,-60.0,0.0,-78.0,-69.0,0.0,-79.0,-84.0,0.0,0.0,-78.0,-81.0,-200.0,0.0,172.79714965820312,S
2022-07-20 14:49:57 +0000,-67.0,-72.0,0.0,0.0,-78.0,-74.0,-76.0,-74.0,-67.0,-64.0,-89.0,0.0,-71.0,-79.0,-75.0,-86.0,0.0,0.0,-79.0,-78.0,-200.0,0.0,180.9566192626953,S
2022-07-20 14:49:58 +0000,0.0,-71.0,-75.0,0.0,-74.0,0.0,-73.0,-71.0,-71.0,-66.0,-88.0,-84.0,0.0,-77.0,-78.0,-86.0,-94.0,0.0,-78.0,-80.0,-200.0,0.0,247.0388946533203,W
2022-07-20 14:49:59 +0000,0.0,0.0,-68.0,-61.0,-70.0,0.0,-67.0,-71.0,-80.0,-67.0,-93.0,-82.0,-75.0,-78.0,0.0,0.0,-94.0,0.0,-77.0,-81.0,-200.0,-85.0,265.03851318359375,W
2022-07-20 14:50:00 +0000,-52.0,-75.0,-69.0,-58.0,0.0,-65.0,0.0,0.0,-78.0,0.0,0.0,-80.0,-74.0,-84.0,-76.0,-80.0,0.0,0.0,0.0,0.0,-200.0,0.0,257.748779296875,W
2022-07-20 14:50:01 +0000,-63.0,-75.0,-72.0,-70.0,-68.0,-66.0,-63.0,-72.0,0.0,-72.0,0.0,-81.0,-72.0,0.0,-78.0,-82.0,0.0,0.0,-78.0,0.0,-200.0,0.0,256.7755432128906,W
2022-07-20 14:50:02 +0000,-55.0,-76.0,0.0,0.0,-66.0,-65.0,-63.0,-67.0,-84.0,-72.0,-88.0,0.0,-72.0,0.0,-75.0,-75.0,-89.0,-200.0,-78.0,-84.0,-200.0,0.0,261.23297119140625,W
2022-07-20 14:50:03 +0000,0.0,-73.0,-73.0,0.0,-66.0,-65.0,-64.0,-63.0,-74.0,-72.0,-86.0,-82.0,0.0,-81.0,-75.0,-76.0,-89.0,-200.0,-79.0,-84.0,-200.0,-90.0,291.3102722167969,W
2022-07-20 14:50:04 +0000,0.0,0.0,-66.0,-69.0,-66.0,0.0,-67.0,-71.0,-68.0,-82.0,-86.0,-81.0,0.0,-80.0,0.0,0.0,-92.0,-200.0,-80.0,-86.0,-200.0,-87.0,13.426322937011719,N
2022-07-20 14:50:05 +0000,-54.0,-71.0,-61.0,-68.0,0.0,-75.0,0.0,0.0,-69.0,0.0,-86.0,-84.0,-79.0,-79.0,-79.0,-77.0,0.0,-200.0,0.0,0.0,-200.0,-89.0,27.202707290649414,N
2022-07-20 14:50:06 +0000,-53.0,-77.0,-64.0,-66.0,-64.0,-71.0,-71.0,-66.0,0.0,-72.0,0.0,-85.0,-79.0,0.0,-80.0,-76.0,0.0,-200.0,-83.0,-86.0,-200.0,0.0,43.813785552978516,N
2022-07-20 14:50:07 +0000,-54.0,-79.0,0.0,0.0,-69.0,-67.0,-69.0,-68.0,-68.0,-73.0,-82.0,0.0,-82.0,-87.0,-77.0,-77.0,-93.0,-200.0,-81.0,-86.0,-200.0,0.0,46.98370361328125,E
2022-07-20 14:50:08 +0000,0.0,-80.0,-61.0,-67.0,-70.0,-67.0,-69.0,-67.0,-66.0,-73.0,-82.0,-88.0,0.0,-88.0,0.0,-78.0,-90.0,-200.0,-80.0,-85.0,-200.0,-84.0,45.93098449707031,E
2022-07-20 14:50:09 +0000,0.0,0.0,-60.0,-58.0,-65.0,0.0,-71.0,-66.0,-65.0,0.0,-85.0,-82.0,-90.0,-83.0,0.0,0.0,-90.0,-200.0,-79.0,-83.0,-200.0,-85.0,89.07170867919922,E
2022-07-20 14:50:10 +0000,-68.0,-80.0,-61.0,-58.0,0.0,-73.0,0.0,0.0,-66.0,0.0,-82.0,-84.0,-79.0,-91.0,-78.0,-84.0,-93.0,-200.0,0.0,0.0,-200.0,-86.0,136.28579711914062,S
2022-07-20 14:50:11 +0000,-70.0,-77.0,-58.0,-57.0,0.0,-71.0,-69.0,-72.0,0.0,-66.0,0.0,-91.0,-74.0,0.0,-76.0,-84.0,0.0,-200.0,0.0,-78.0,-200.0,-86.0,138.6227569580078,S
2022-07-20 14:50:12 +0000,-66.0,-78.0,0.0,0.0,-81.0,-68.0,-68.0,-70.0,-71.0,-66.0,0.0,0.0,-80.0,-77.0,-77.0,-86.0,-95.0,-88.0,-80.0,-78.0,-200.0,0.0,136.5082550048828,S
2022-07-20 14:50:13 +0000,0.0,-87.0,-59.0,-57.0,-67.0,-66.0,-67.0,-71.0,-73.0,-65.0,-87.0,0.0,0.0,-80.0,-78.0,0.0,-90.0,-88.0,-79.0,-82.0,-200.0,-83.0,135.44271850585938,S
2022-07-20 14:50:14 +0000,0.0,0.0,-57.0,-57.0,-66.0,0.0,0.0,-74.0,-72.0,-74.0,-83.0,-79.0,-73.0,-79.0,0.0,0.0,-91.0,0.0,-78.0,-84.0,-200.0,-82.0,135.44271850585938,S
2022-07-20 14:50:15 +0000,-67.0,-76.0,-56.0,-57.0,0.0,-71.0,0.0,0.0,-75.0,0.0,-82.0,-79.0,-73.0,-77.0,-90.0,-82.0,-94.0,0.0,0.0,0.0,-200.0,-83.0,135.44271850585938,S
2022-07-20 14:50:16 +0000,-67.0,-78.0,-56.0,-59.0,-69.0,-69.0,-68.0,-71.0,0.0,-66.0,0.0,-83.0,-74.0,0.0,-82.0,-84.0,0.0,0.0,-86.0,-89.0,-200.0,-85.0,161.5790557861328,S
2022-07-20 14:50:17 +0000,-68.0,-80.0,0.0,0.0,-67.0,-71.0,-68.0,-71.0,-69.0,-66.0,-82.0,0.0,-73.0,-74.0,-86.0,-84.0,-97.0,-86.0,-77.0,-82.0,-200.0,0.0,147.8038787841797,S
2022-07-20 14:50:18 +0000,0.0,-74.0,-66.0,0.0,-71.0,-75.0,-66.0,-70.0,-73.0,-68.0,-82.0,-83.0,0.0,-76.0,-83.0,-86.0,-94.0,-93.0,-78.0,-80.0,-200.0,-87.0,110.85152435302734,E
