"Date","001","002","003","004","005","006","007","008","009","010","011","012","013","014","015","016","017","018","019","020"
"2022-06-28T09:25:23.618","-76.0","-76.0","-79.0","-80.0","-200","-68.0","-63.0","-200","-83.0","-85.0","-96.0","-200","-200","-200","-70.0","-74.0","-79.0","-200","-75.0","-88.0"
"2022-06-28T09:25:24.740","-72.99925","-200","-79.0","-77.9995","-57.0","-200","-65.0005","-58.0","-81.99975","-80.999","-200","-96.0","-200","-81.0","-71.500374","-200","-80.00025","-200","-73.99975","-200"
"2022-06-28T09:25:25.868","-70.99783","-76.50012","-200","-200","-57.0","-200","-200","-58.0","-79.99817","-80.332115","-200","-200","-200","-78.499374","-72.00066","-79.50137","-200","-82.0","-73.33261","-200"
"2022-06-28T09:25:26.989","-200","-78.334946","-200","-72.66189","-57.0","-68.50012","-64.666725","-58.0","-200","-200","-92.99925","-200","-200","-200","-200","-76.66522","-200","-85.00075","-200","-85.499374"
"2022-06-28T09:25:28.125","-68.99488","-78.75194","-75.9975","-69.99175","-200","-69.000496","-64.75019","-200","-200","-200","-92.33228","-200","-200","-200","-72.75181","-74.996","-83.33628","-86.66856","-72.99888","-84.33195"
"2022-06-28T09:25:29.245","-67.99291","-200","-73.99463","-68.38861","-57.751312","-70.00212","-64.5997","-200","-80.499504","-81.25069","-200","-200","-200","-81.00166","-73.4034","-200","-85.506","-200","-72.9991","-83.497505"
"2022-06-28T09:25:30.361","-67.15695","-200","-200","-200","-58.202396","-200","-200","-58.500874","-81.2017","-82.0028","-200","-200","-200","-82.003","-73.50329","-74.194405","-200","-200","-72.83182","-200"
"2022-06-28T09:25:31.490","-200","-77.19691","-200","-200","-58.16851","-69.600494","-64.49929","-58.4004","-80.49821","-200","-90.99688","-200","-200","-80.7988","-200","-76.171005","-200","-85.499374","-200","-82.59531"
"2022-06-28T09:25:32.602","-200","-76.494225","-73.995705","-68.15612","-200","-69.66738","-64.57128","-200","-200","-200","-90.395706","-200","-200","-200","-200","-77.72804","-200","-84.998","-200","-81.99335"
"2022-06-28T09:25:33.735","-66.84682","-200","-74.16386","-67.98989","-200","-69.71521","-64.625336","-200","-80.13901","-81.33261","-89.82716","-200","-200","-79.82791","-73.57471","-79.02325","-84.8027","-200","-200","-81.56295"
"2022-06-28T09:25:34.853","-66.61395","-200","-73.70895","-67.865074","-58.000496","-200","-200","-58.33336","-79.8693","-80.70965","-200","-200","-200","-79.27752","-73.628334","-200","-84.33344","-200","-72.856","-200"
"2022-06-28T09:25:35.969","-67.33153","-76.854515","-200","-200","-58.252617","-200","-200","-59.723267","-79.77162","-79.73753","-200","-200","-200","-79.24252","-200","-78.4588","-200","-87.00749","-200","-81.61806"
"2022-06-28T09:25:37.088","-200","-76.872856","-200","-67.54314","-58.448963","-70.75985","-64.667435","-60.766888","-200","-200","-89.42066","-200","-200","-200","-200","-78.00659","-200","-88.156685","-200","-81.66097"
"2022-06-28T09:25:38.214","-68.00784","-77.11188","-73.24128","-67.28521","-200","-71.9105","-64.701164","-200","-200","-78.98046","-89.24153","-200","-200","-200","-200","-77.63601","-84.860634","-200","-73.25243","-81.69536"
"2022-06-28T09:25:39.347","-67.544655","-200","-72.87707","-66.98135","-58.60627","-72.62952","-64.728806","-60.568348","-80.808975","-79.89522","-89.10203","-200","-200","-79.21527","-73.6701","-200","-85.25648","-200","-73.1117","-81.63104"
"2022-06-28T09:25:40.456","-67.15799","-200","-200","-200","-58.73518","-200","-200","-60.30787","-81.28911","-80.64485","-200","-200","-200","-80.00479","-73.70355","-77.156494","-200","-200","-72.998955","-200"
"2022-06-28T09:25:41.581","-200","-77.50621","-200","-66.55753","-58.842793","-72.4788","-200","-60.094406","-81.774994","-200","-89.29452","-200","-200","-80.5593","-200","-76.67115","-200","-200","-200","-81.577354"
"2022-06-28T09:25:42.700","-200","-77.92185","-72.58527","-66.27708","-200","-72.438065","-64.75188","-200","-200","-200","-89.45226","-200","-200","-200","-200","-76.327805","-85.677124","-88.38911","-200","-81.453"
"2022-06-28T09:25:43.833","-67.69737","-77.33293","-72.25366","-66.183205","-200","-72.718864","-64.92911","-200","-81.63506","-80.079506","-89.328705","-96.50012","-200","-80.5968","-73.915955","-75.9607","-85.91271","-200","-73.27653","-81.34621"
"2022-06-28T09:25:44.950","-68.16064","-200","-71.891754","-66.10168","-58.93402","-200","-200","-60.937183","-81.66189","-79.600235","-200","-96.666885","-200","-80.47092","-74.09327","-200","-86.105774","-200","-73.59332","-200"
"2022-06-28T09:25:46.079","-68.49409","-77.30669","-200","-200","-59.012375","-72.96004","-200","-61.888145","-81.61628","-79.1886","-89.22396","-200","-200","-80.3628","-200","-75.83345","-200","-89.019585","-200","-81.32235"
"2022-06-28T09:25:47.200","-200","-77.43115","-71.58495","-65.83548","-200","-73.1695","-64.93432","-62.48439","-200","-200","-89.2075","-200","-200","-200","-200","-75.7209","-200","-89.72753","-200","-81.30143"
"2022-06-28T09:25:48.328","-68.13753","-77.814865","-71.32145","-65.66142","-200","-73.0287","-64.86994","-200","-200","-79.52012","-89.2621","-200","-200","-200","-74.16475","-75.44578","-86.52218","-200","-200","-81.28293"
"2022-06-28T09:25:49.441","-67.82216","-200","-71.09259","-200","-59.080425","-200","-64.813484","-200","-200","-80.00556","-200","-200","-200","-80.68232","-74.299644","-200","-86.95402","-200","-73.46771","-200"
"2022-06-28T09:25:50.555","-67.54113","-200","-200","-200","-59.140106","-200","-200","-62.2443","-81.835884","-80.43491","-200","-200","-200","-80.96253","-74.3479","-200","-200","-89.75273","-200","-200"
"2022-06-28T09:25:51.677","-200","-77.50238","-71.21638","-200","-59.19289","-72.84279","-64.824936","-61.96885","-82.03011","-200","-89.24509","-200","-200","-81.21037","-200","-76.0317","-200","-89.1782","-200","-81.14988"
"2022-06-28T09:25:52.802","-200","-77.226006","-71.51002","-65.73943","-200","-72.67712","-64.83514","-200","-200","-200","-89.168655","-200","-200","-200","-200","-76.6135","-86.51638","-88.69115","-200","-81.030525"
"2022-06-28T09:25:53.929","-67.511086","-76.97972","-71.77168","-65.80942","-200","-72.528496","-64.84429","-200","-81.73697","-80.35129","-89.04227","-200","-200","-80.84844","-74.325325","-200","-86.205185","-200","-73.433334","-80.92282"
"2022-06-28T09:25:55.045","-67.48398","-200","-72.00642","-200","-59.12337","-200","-200","-61.72522","-81.41848","-80.27627","-200","-200","-200","-80.523766","-74.18259","-200","-85.932274","-200","-73.40347","-200"
"2022-06-28T09:25:56.170","-67.45938","-77.09188","-200","-200","-59.17204","-72.71264","-200","-61.50812","-81.449326","-80.20857","-88.92889","-200","-200","-80.44294","-74.11367","-76.480675","-200","-89.30187","-200","-200"
"2022-06-28T09:25:57.288","-200","-77.19309","-71.95303","-65.76648","-200","-72.879715","-64.95864","-61.86852","-200","-200","-88.879616","-200","-200","-200","-200","-76.35957","-200","-89.7634","-200","-80.97757"
"2022-06-28T09:25:58.409","-67.77868","-77.18328","-71.853775","-65.72752","-200","-73.032036","-65.062386","-200","-81.37566","-200","-88.83491","-200","-200","-200","-74.21839","-76.24867","-86.059204","-90.23305","-73.63689","-80.97867"
"2022-06-28T09:25:59.544","-68.071075","-200","-71.763275","-65.69201","-59.215958","-200","-65.05934","-62.193756","-81.113235","-79.893036","-88.79415","-200","-200","-80.16631","-74.3129","-200","-86.17231","-200","-73.90472","-200"
"2022-06-28T09:26:00.665","-68.02251","-200","-200","-200","-59.103336","-200","-200","-61.980618","-80.87292","-79.80062","-200","-200","-200","-79.86529","-74.297","-76.7362","-85.94068","-89.78905","-73.85199","-200"
"2022-06-28T09:26:01.775","-200","-76.930244","-200","-200","-59.000656","-72.748535","-65.05655","-61.786293","-200","-200","-88.70982","-200","-200","-79.63662","-200","-77.18612","-200","-89.393394","-200","-80.88567"
"2022-06-28T09:26:02.904","-200","-76.698524","-71.8684","-65.75349","-200","-72.6239","-65.053986","-200","-200","-200","-88.677635","-200","-200","-200","-200","-77.5603","-85.73165","-89.03846","-73.80469","-80.80016"
"2022-06-28T09:26:04.035","-68.28454","-76.530815","-71.783676","-65.71932","-200","-72.46504","-65.05162","-200","-80.78799","-79.52799","-88.647934","-200","-200","-79.60775","-74.380135","-200","-85.84693","-200","-73.921135","-80.72125"
"2022-06-28T09:26:05.144","-68.52718","-200","-71.70549","-200","-59.047626","-200","-200","-62.078335","-80.75344","-79.27732","-200","-200","-200","-79.58111","-74.45627","-200","-85.95204","-200","-74.02679","-200"
"2022-06-28T09:26:06.272","-68.711395","-76.63905","-200","-200","-59.090813","-72.70002","-65.13434","-62.346855","-80.679","-200","-88.62043","-200","-200","-79.556435","-200","-77.41367","-200","-89.46077","-74.123116","-200"
"2022-06-28T09:26:07.386","-200","-76.73928","-71.63309","-65.68779","-200","-72.9183","-65.12881","-62.594666","-200","-200","-88.59488","-200","-200","-200","-200","-77.27707","-200","-89.84393","-200","-80.733086"
"2022-06-28T09:26:08.513","-200","-76.95594","-71.442276","-65.573685","-200","-72.881546","-65.12365","-200","-80.93933","-79.52818","-88.691124","-200","-200","-200","-74.43558","-77.032646","-86.048294","-200","-74.07033","-80.74408"
"2022-06-28T09:26:09.624","-68.48284","-200","-71.26451","-200","-59.13067","-200","-65.118835","-62.399605","-81.30191","-200","-200","-200","-200","-79.86299","-74.41648","-200","-86.272835","-200","-200","-200"
"2022-06-28T09:26:10.754","-68.26935","-77.11777","-200","-200","-59.167576","-200","-200","-62.21841","-81.44591","-79.718025","-200","-200","-200","-80.108574","-74.398796","-76.80375","-200","-89.851555","-73.97645","-200"
"2022-06-28T09:26:11.869","-200","-76.95743","-200","-65.46769","-59.20186","-72.76934","-65.15227","-62.049603","-200","-200","-88.664215","-200","-200","-80.29904","-200","-77.181206","-200","-89.52953","-200","-80.7143"
"2022-06-28T09:26:12.988","-200","-76.807274","-71.25421","-65.52901","-200","-72.66427","-65.14663","-200","-200","-200","-88.601074","-200","-200","-200","-74.34119","-77.57244","-86.08553","-89.233444","-73.93365","-80.64755"
"2022-06-28T09:26:14.112","-68.22118","-76.62931","-71.32045","-65.62522","-200","-72.565636","-65.14133","-61.891914","-81.27722","-79.68845","-88.5418","-200","-200","-80.135925","-74.32753","-200","-85.91209","-200","-73.89401","-80.58504"
"2022-06-28T09:26:15.217","-68.17598","-200","-200","-200","-59.113747","-200","-200","-61.744244","-81.19292","-79.62089","-200","-200","-200","-79.98282","-74.31477","-200","-85.75097","-200","-200","-200"
"2022-06-28T09:26:16.348","-68.13345","-76.82353","-200","-200","-59.14826","-72.50902","-65.13633","-61.605633","-81.11362","-200","-88.6307","-200","-200","-80.16425","-200","-77.340004","-200","-89.00403","-200","-80.600395"
"2022-06-28T09:26:17.463","-200","-77.0066","-71.19753","-65.48767","-200","-72.49101","-65.13161","-61.475243","-200","-200","-88.71449","-200","-200","-200","-200","-77.12048","-85.921","-89.08877","-200","-80.614845"
"2022-06-28T09:26:18.594","-67.951904","-77.17949","-71.0819","-65.39558","-200","-72.474014","-65.127144","-200","-81.35716","-79.752464","-88.793625","-200","-200","-80.33527","-74.340775","-76.94673","-86.11877","-89.1263","-73.81601","-80.5931"
"2022-06-28T09:26:19.708","-67.78045","-200","-70.93754","-65.308945","-59.180576","-200","-65.12291","-61.352337","-81.55254","-79.91363","-200","-200","-200","-80.56603","-74.328156","-200","-86.30397","-200","-73.70332","-200"
"2022-06-28T09:26:20.827","-67.787895","-77.03767","-200","-200","-59.099854","-200","-200","-61.236263","-81.39806","-79.87981","-200","-200","-200","-80.411095","-74.31629","-77.24808","-200","-88.92116","-73.675934","-200"
"2022-06-28T09:26:21.946","-200","-76.90327","-200","-65.36875","-59.02392","-72.39007","-65.11889","-61.12645","-200","-200","-88.76669","-200","-200","-80.26427","-200","-77.56679","-200","-88.72953","-200","-80.53794"
"2022-06-28T09:26:23.074","-200","-76.7757","-70.9397","-65.459854","-200","-72.31051","-65.115074","-200","-200","-79.81183","-88.74117","-200","-200","-200","-74.30511","-77.86975","-86.14464","-88.55008","-73.65028","-80.485756"
"2022-06-28T09:26:24.198","-67.96139","-200","-70.94174","-65.512115","-59.058437","-200","-65.11144","-61.355244","-81.318245","-79.641655","-88.71695","-97.00075","-200","-80.25563","-74.25992","-200","-86.21173","-200","-73.62621","-200"
"2022-06-28T09:26:25.309","-68.12606","-200","-200","-200","-59.091038","-200","-200","-61.63777","-81.24248","-79.41169","-200","-200","-200","-80.2153","-74.31896","-200","-86.27497","-200","-73.71206","-200"
"2022-06-28T09:26:26.441","-200","-76.815025","-200","-65.49507","-59.12188","-72.43109","-65.17016","-61.906334","-81.106224","-200","-88.661804","-200","-200","-80.17692","-200","-77.74752","-200","-88.825874","-200","-80.536156"
"2022-06-28T09:26:27.553","-200","-76.82087","-70.91039","-65.47889","-200","-72.57783","-65.22619","-62.193565","-200","-200","-88.6409","-200","-200","-200","-200","-77.63101","-86.3347","-200","-200","-80.51863"
"2022-06-28T09:26:28.683","-67.96143","-77.04406","-70.81528","-65.39928","-200","-72.55958","-65.279724","-200","-81.13445","-79.737045","-88.58989","-200","-200","-80.42013","-74.34163","-77.489204","-86.39121","-200","-73.65151","-80.53409"
"2022-06-28T09:26:29.801","-67.74155","-200","-70.69274","-65.323494","-59.151108","-200","-200","-62.063194","-81.16136","-79.91223","-200","-95.997604","-200","-80.62161","-74.363144","-200","-86.544624","-200","-73.59433","-200"
"2022-06-28T09:26:30.925","-67.59414","-77.1652","-200","-200","-59.178852","-200","-200","-61.938774","-81.309525","-80.07851","-200","-200","-200","-80.78394","-74.35148","-77.29335","-200","-88.83217","-200","-200"
"2022-06-28T09:26:32.044","-200","-77.22057","-70.60769","-65.25126","-59.205223","-72.54218","-65.2714","-61.819893","-200","-200","-88.60245","-200","-200","-200","-200","-77.106","-200","-88.90884","-200","-80.58039"
"2022-06-28T09:26:33.170","-67.57594","-77.03539","-70.71315","-65.30481","-200","-72.46434","-65.26343","-200","-200","-80.04387","-88.58427","-200","-200","-200","-74.34038","-77.39668","-86.396095","-88.70425","-200","-80.50017"
"2022-06-28T09:26:34.296","-67.52838","-200","-70.8138","-65.386154","-59.13557","-72.38996","-65.31381","-61.70618","-81.088905","-79.97931","-88.56687","-200","-200","-80.64153","-74.298706","-200","-86.254906","-200","-73.574165","-80.45423"
"2022-06-28T09:26:35.408","-67.51265","-200","-200","-200","-59.06918","-200","-200","-61.597294","-80.967186","-79.88669","-200","-200","-200","-80.505165","-74.25894","-77.646286","-86.12051","-88.51069","-73.58834","-200"
"2022-06-28T09:26:36.528","-200","-77.063736","-200","-65.34489","-59.005817","-72.49743","-65.30482","-61.841076","-80.82125","-200","-88.55022","-200","-200","-200","-200","-77.54176","-200","-88.72669","-200","-80.44052"
"2022-06-28T09:26:37.643","-200","-77.11991","-70.78924","-65.334755","-200","-72.68847","-65.29618","-200","-200","-200","-88.534256","-200","-200","-200","-200","-77.44139","-86.17894","-88.89903","-200","-80.45718"
"2022-06-28T09:26:38.764","-67.67387","-77.11647","-70.82528","-65.32504","-200","-72.75553","-65.28788","-200","-80.76841","-200","-88.51894","-200","-200","-80.461494","-74.40204","-77.344925","-86.2347","-200","-73.66716","-80.47312"
"2022-06-28T09:26:39.880","-67.85741","-200","-70.830414","-65.31573","-59.035824","-200","-200","-62.074963","-80.631714","-79.67581","-200","-96.33286","-200","-80.4196","-74.56868","-200","-86.28799","-200","-73.83843","-200"
"2022-06-28T09:26:41","-68.09083","-76.99981","-200","-200","-59.00499","-72.67654","-200","-61.95948","-80.50045","-200","-88.4759","-200","-200","-80.29435","-74.61073","-77.50179","-200","-88.74169","-200","-200"
"2022-06-28T09:26:42.111","-200","-76.88769","-70.89336","-65.36346","-58.946083","-72.54401","-65.27989","-61.84849","-200","-200","-88.462555","-200","-200","-200","-200","-77.707726","-200","-88.59192","-200","-80.43038"
"2022-06-28T09:26:43.236","-68.05991","-76.77985","-70.95374","-65.40933","-200","-72.556786","-65.2722","-200","-200","-79.65541","-88.42198","-200","-200","-200","-200","-77.82449","-86.13057","-200","-73.90671","-80.38938"
"2022-06-28T09:26:44.364","-68.002174","-200","-70.955055","-65.39798","-58.88962","-200","-65.26479","-61.741734","-80.45839","-79.6359","-200","-200","-200","-80.17397","-74.65104","-200","-86.0386","-200","-73.97179","-80.32166"
"2022-06-28T09:26:45.479","-68.16856","-200","-200","-200","-58.92145","-200","-200","-62.050934","-80.41793","-79.47032","-200","-200","-200","-80.14141","-74.83304","-200","-86.15353","-88.79114","-73.97265","-200"
"2022-06-28T09:26:46.598","-200","-76.7859","-200","-65.38705","-58.95202","-72.70778","-65.31157","-62.29438","-80.406456","-200","-88.38293","-200","-200","-80.11006","-200","-77.7214","-200","-88.95064","-200","-80.368706"
"2022-06-28T09:26:47.716","-200","-76.79172","-70.92828","-65.37652","-200","-72.82566","-65.35669","-200","-200","-200","-88.37251","-200","-200","-200","-200","-77.62195","-86.23512","-89.19358","-200","-80.413956"
"2022-06-28T09:26:48.836","-68.0266","-76.85125","-70.84705","-65.312454","-200","-72.99362","-65.37374","-200","-80.50421","-79.60174","-88.36247","-200","-200","-80.24309","-74.86611","-200","-86.28514","-200","-73.94329","-80.40259"
"2022-06-28T09:26:49.951","-67.88986","-200","-70.741394","-65.250656","-58.981396","-200","-200","-62.178616","-80.625404","-79.81382","-200","-200","-200","-80.37132","-74.897896","-200","-200","-200","-73.91521","-200"
"2022-06-28T09:26:51.092","-67.75805","-77.04229","-200","-200","-59.00965","-72.912926","-200","-62.093674","-80.76903","-80.045815","-200","-200","-200","-80.521736","-74.90073","-77.49946","-200","-89.15805","-73.88832","-200"
"2022-06-28T09:26:52.202","-200","-77.25318","-70.66682","-65.19101","-200","-72.83508","-65.390205","-62.011684","-200","-200","-88.406235","-200","-200","-200","-200","-77.38116","-200","-89.12403","-200","-80.39164"
"2022-06-28T09:26:53.324","-67.73779","-77.14136","-70.72971","-65.23857","-200","-72.75995","-65.40612","-200","-200","-79.960434","-88.39547","-200","-74.0","-200","-74.848526","-77.50168","-86.249115","-89.06241","-73.92057","-80.354126"
"2022-06-28T09:26:54.453","-67.69174","-200","-70.79038","-65.28453","-58.954456","-200","-65.4215","-61.90621","-80.66914","-79.93379","-200","-200","-200","-80.4019","-74.79824","-200","-86.21446","-200","-73.89418","-200"
"2022-06-28T09:26:55.551","-67.67355","-200","-200","-200","-58.928493","-200","-200","-61.804287","-80.57268","-200","-200","-200","-200","-80.28617","-200","-200","-200","-200","-73.86884","-200"
"2022-06-28T09:26:56.675","-200","-77.033295","-200","-65.328964","-58.876507","-72.687386","-65.38493","-61.70574","-80.479454","-200","-88.38507","-200","-200","-80.17433","-200","-77.695915","-200","-88.91729","-200","-80.31794"
"2022-06-28T09:26:57.800","-200","-77.23966","-70.71643","-65.26905","-200","-72.61726","-65.42621","-200","-200","-200","-88.42721","-200","-74.0","-200","-200","-77.52367","-86.29096","-88.947975","-73.87252","-80.30952"
"2022-06-28T09:26:58.923","-67.551605","-77.38785","-70.64501","-65.21107","-58.90653","-72.57537","-65.41538","-200","-80.59655","-200","-200","-200","-74.33361","-200","-74.830635","-200","-86.31025","-200","-73.84832","-80.32767"
"2022-06-28T09:27:00.034","-67.4078","-200","-70.576","-200","-58.93551","-200","-200","-61.610413","-80.73555","-80.12786","-200","-200","-200","-80.35114","-74.861885","-200","-200","-200","-73.852486","-200"
"2022-06-28T09:27:01.160","-67.29441","-77.27572","-200","-200","-58.91091","-72.45767","-200","-61.543705","-80.84453","-80.287605","-88.416145","-200","-200","-80.23921","-74.892044","-77.81694","-200","-88.83731","-200","-80.26693"
"2022-06-28T09:27:02.275","-200","-77.167145","-70.63879","-65.25649","-58.86105","-72.497086","-65.4049","-61.479115","-200","-200","-200","-200","-75.50225","-200","-200","-78.050125","-200","-88.647644","-200","-80.23411"
"2022-06-28T09:27:03.400","-200","-77.061966","-70.699524","-65.250015","-200","-72.43368","-65.369644","-200","-200","-80.2529","-88.379715","-200","-76.203896","-200","-74.86859","-78.301254","-86.24797","-200","-73.77489","-80.20236"
"2022-06-28T09:27:04.520","-67.23578","-200","-70.75831","-65.243744","-58.81284","-200","-65.36042","-61.416542","-80.79769","-80.16597","-200","-200","-76.504616","-80.13088","-74.87202","-200","-86.1879","-200","-73.754","-200"
"2022-06-28T09:27:05.637","-67.40754","-200","-200","-200","-58.84338","-200","-200","-61.63193","-80.70184","-80.00256","-200","-200","-200","-80.102165","-74.90124","-78.19332","-200","-88.79464","-73.73385","-200"
"2022-06-28T09:27:06.762","-200","-77.0855","-70.81523","-200","-58.872936","-72.574165","-65.40112","-61.840755","-80.60895","-200","-88.34446","-200","-200","-80.07435","-200","-78.08868","-200","-89.072266","-200","-80.22275"
"2022-06-28T09:27:07.881","-200","-77.08337","-70.81989","-65.23766","-200","-72.73541","-65.44061","-200","-200","-200","-88.33572","-200","-76.57584","-200","-200","-77.98718","-86.23592","-89.28597","-73.7674","-80.242485"
"2022-06-28T09:27:09.038","-67.54869","-77.0813","-70.77422","-65.256584","-58.901554","-72.86679","-65.47894","-200","-80.618706","-79.81845","-88.32724","-200","-76.629326","-80.07248","-74.95523","-200","-86.2823","-200","-73.79981","-80.261604"
"2022-06-28T09:27:10.145","-67.43455","-200","-200","-200","-58.92928","-200","-200","-61.77024","-80.72746","-79.95365","-200","-200","-200","-80.2204","-74.956375","-200","-86.35322","-200","-73.778946","-200"
"2022-06-28T09:27:11.263","-67.32388","-77.128685","-200","-200","-58.956146","-72.82045","-200","-61.677124","-80.88238","-200","-88.344124","-200","-200","-80.33904","-74.93209","-77.83932","-200","-89.30505","-200","-200"
"2022-06-28T09:27:12.384","-200","-77.32215","-70.68004","-65.176155","-200","-72.77549","-65.467224","-61.611324","-200","-200","-88.385445","-200","-76.55861","-200","-200","-77.6958","-86.395874","-89.349976","-200","-80.30523"
"2022-06-28T09:27:13.504","-67.4896","-77.21641","-70.663155","-65.17183","-200","-72.854744","-65.504555","-200","-80.83611","-200","-88.37588","-200","-76.60338","-200","-74.959045","-77.58092","-86.43714","-200","-73.81058","-80.32257"
"2022-06-28T09:27:14.620","-67.625694","-200","-70.67147","-65.167625","-58.982197","-200","-65.540825","-61.889946","-80.79119","-79.79943","-200","-200","-76.82505","-80.30597","-75.01026","-200","-86.47708","-200","-73.84117","-200"
"2022-06-28T09:27:15.733","-67.782364","-77.211136","-200","-200","-59.00746","-200","-200","-62.184906","-80.723206","-79.650246","-200","-200","-200","-80.29845","-75.05991","-77.4937","-200","-200","-73.87078","-200"
"2022-06-28T09:27:16.847","-200","-77.20602","-200","-65.16354","-59.031975","-72.98062","-65.57607","-62.447212","-200","-200","-88.36659","-200","-76.839935","-80.26668","-200","-77.38471","-200","-200","-200","-80.339386"
"2022-06-28T09:27:17.971","-200","-77.29766","-70.58123","-65.086815","-200","-72.90802","-65.56221","-200","-200","-200","-88.40674","-200","-76.77372","-200","-200","-77.25464","-200","-89.55111","-200","-80.355705"
"2022-06-28T09:27:19.098","-67.66537","-77.41081","-70.493614","-65.01225","-59.055767","-72.83749","-65.54873","-62.339787","-80.87544","-79.78696","-88.470184","-200","-76.64335","-80.381966","-75.058426","-200","-86.541145","-200","-73.84867","-80.371544"
"2022-06-28T09:27:20.207","-67.551735","-200","-200","-200","-59.07887","-200","-200","-62.23536","-81.023384","-200","-200","-200","-200","-80.51823","-75.056984","-200","-86.62844","-89.56282","-73.82725","-200"
"2022-06-28T09:27:21.330","-67.44134","-77.59275","-200","-200","-59.101303","-72.7931","-65.53562","-62.133823","-81.11907","-200","-88.55616","-200","-200","-80.6748","-75.05558","-77.58539","-200","-89.62595","-200","-80.38692"
"2022-06-28T09:27:22.446","-200","-77.48303","-70.50595","-65.084145","-200","-72.72589","-65.57049","-62.035072","-200","-200","-88.54267","-200","-76.87463","-200","-200","-77.85904","-86.58758","-200","-200","-80.353134"
"2022-06-28T09:27:23.568","-200","-77.32868","-70.566444","-65.08213","-200","-72.660545","-65.53322","-200","-81.0443","-79.71619","-88.45709","-200","-76.94767","-80.56231","-75.029755","-200","-86.523","-200","-73.7563","-80.34457"
"2022-06-28T09:27:24.685","-67.43068","-200","-70.62523","-65.08017","-59.074593","-200","-65.49695","-61.939003","-80.947685","-79.69811","-200","-200","-77.073654","-80.452934","-75.00468","-200","-86.46037","-200","-73.687515","-200"
"2022-06-28T09:27:25.799","-67.42032","-200","-200","-200","-59.096947","-200","-200","-62.27269","-80.90131","-79.680595","-200","-96.42879","-200","-80.442116","-74.98031","-77.71907","-200","-200","-73.67045","-200"
"2022-06-28T09:27:26.921","-200","-77.320885","-70.61018","-65.07826","-200","-72.90755","-65.48523","-62.50282","-200","-200","-88.44609","-200","-200","-80.43159","-200","-77.60672","-200","-200","-200","-80.3604"
"2022-06-28T09:27:28.045","-200","-77.31329","-70.61953","-65.07641","-200","-73.02879","-65.473816","-200","-200","-200","-88.41142","-200","-77.06936","-200","-75.0291","-77.521126","-86.4984","-89.81565","-73.67859","-80.375786"
"2022-06-28T09:27:29.164","-67.554085","-200","-70.60473","-65.09826","-59.118675","-73.14677","-65.4627","-62.75043","-80.85619","-79.53884","-88.37771","-200","-77.009995","-80.39761","-75.07652","-200","-86.5353","-200","-73.686485","-80.48665"
"2022-06-28T09:27:30.276","-67.44529","-200","-200","-200","-59.139805","-200","-200","-62.662216","-81.04886","-79.72405","-200","-96.87908","-200","-80.5065","-75.07469","-200","-86.57114","-89.84592","-73.66969","-200"
"2022-06-28T09:27:31.398","-200","-77.44743","-200","-200","-59.160355","-73.07232","-65.45187","-62.55285","-81.21282","-200","-88.44014","-200","-200","-80.588905","-75.04902","-77.3905","-200","-89.82444","-200","-80.47502"
"2022-06-28T09:27:32.517","-200","-77.460434","-70.54272","-65.04877","-200","-72.99985","-65.44133","-62.446323","-200","-200","-88.47716","-200","-76.95642","-200","-200","-77.26335","-86.60594","-89.82887","-200","-80.48752"
"2022-06-28T09:27:33.633","-67.339455","-77.6373","-70.60103","-64.97706","-200","-72.952805","-65.43105","-200","-81.27838","-79.780266","-88.53684","-200","-76.907814","-80.480965","-75.04785","-200","-86.639755","-200","-73.65338","-80.47595"
"2022-06-28T09:27:34.751","-67.3314","-200","-70.68144","-65.02451","-59.10892","-200","-200","-62.365887","-81.15456","-79.73651","-200","-200","-77.00995","-80.352394","-75.02299","-200","-86.551834","-200","-73.637535","-200"
"2022-06-28T09:27:35.871","-67.323555","-200","-200","-200","-59.058872","-72.88354","-200","-62.287514","-81.03395","-79.71849","-200","-200","-200","-80.25056","-74.99879","-77.5159","-200","-89.65752","-200","-200"
"2022-06-28T09:27:36.991","-200","-77.52879","-70.8069","-65.02394","-59.010162","-72.79267","-65.44427","-62.187904","-200","-200","-88.52418","-200","-77.10348","-200","-200","-77.832214","-200","-89.49138","-200","-80.44103"
"2022-06-28T09:27:38.115","-67.22157","-77.60981","-70.740875","-64.9767","-200","-72.72749","-65.48033","-200","-200","-200","-88.55889","-200","-77.05344","-200","-74.97523","-78.11691","-86.44231","-89.330246","-73.62213","-80.430626"
"2022-06-28T09:27:39.229","-67.12228","-200","-70.700035","-64.93067","-59.033512","-72.66399","-65.51549","-62.09082","-81.12652","-79.9202","-200","-200","-77.007256","-80.31473","-74.952286","-200","-200","-200","-73.60716","-80.444016"
"2022-06-28T09:27:40.345","-67.02557","-200","-200","-200","-59.056244","-200","-200","-62.019318","-81.30985","-80.116165","-200","-200","-200","-80.47039","-74.95341","-77.950806","-200","-89.37148","-73.592606","-200"
"2022-06-28T09:27:41.458","-200","-77.805176","-200","-200","-59.078384","-72.6021","-200","-61.949608","-200","-200","-88.61616","-96.55557","-200","-80.64532","-200","-77.788956","-200","-89.41151","-200","-80.480515"
"2022-06-28T09:27:42.578","-200","-77.76324","-70.777245","-65.02521","-200","-72.58814","-65.503586","-200","-200","-200","-88.60174","-200","-77.00695","-200","-200","-78.026184","-86.38376","-200","-200","-80.44588"
"2022-06-28T09:27:43.706","-67.00158","-77.69918","-70.85246","-65.070984","-200","-72.5514","-65.49198","-200","-81.209724","-80.04089","-88.58769","-200","-77.00666","-80.560814","-74.9311","-78.32694","-86.302925","-200","-73.578445","-80.41213"
"2022-06-28T09:27:44.829","-67.00154","-200","-70.902466","-65.11561","-59.053154","-200","-200","-61.85859","-81.135315","-80.03991","-200","-200","-77.16646","-80.524704","-74.90937","-200","-86.20048","-200","-73.564674","-200"
"2022-06-28T09:27:45.945","-67.0015","-200","-200","-200","-59.005234","-72.49249","-200","-61.76983","-81.01651","-80.038956","-200","-200","-200","-80.420235","-74.8882","-78.203705","-200","-89.254654","-73.55128","-200"
"2022-06-28T09:27:47.069","-200","-77.70614","-70.83504","-65.11294","-59.028397","-72.573326","-65.52667","-62.00475","-200","-200","-88.55072","-200","-200","-200","-200","-78.10665","-200","-200","-200","-80.449104"
"2022-06-28T09:27:48.191","-67.14086","-77.689835","-70.81568","-65.11034","-200","-72.65215","-65.56051","-200","-200","-79.870804","-88.537926","-200","-77.15997","-200","-74.93726","-77.98897","-86.19572","-200","-73.53824","-80.46191"
"2022-06-28T09:27:49.307","-67.27669","-200","-70.75054","-65.107796","-59.05097","-72.774956","-65.54766","-62.279747","-80.99304","-79.70722","-88.50227","-200","-77.1539","-80.387505","-74.985085","-200","-86.214745","-200","-73.596306","-200"
"2022-06-28T09:27:50.418","-67.17775","-200","-200","-200","-59.072968","-200","-200","-62.204674","-80.97015","-79.832825","-200","-200","-200","-80.53961","-74.98543","-200","-86.23327","-200","-73.58228","-200"
"2022-06-28T09:27:51.534","-200","-77.76611","-200","-65.059395","-59.094414","-72.73426","-65.535126","-62.13143","-200","-200","-88.53692","-200","-200","-80.64204","-200","-77.8282","-200","-89.272804","-200","-80.451195"
"2022-06-28T09:27:52.651","-200","-78.04753","-70.687035","-65.012184","-200","-72.694565","-65.522896","-200","-200","-200","-88.54761","-200","-77.11118","-200","-200","-77.6714","-200","-89.26619","-200","-80.46389"
"2022-06-28T09:27:53.771","-67.058205","-78.11533","-70.602066","-64.966125","-200","-72.65584","-65.51096","-200","-81.06285","-79.95507","-88.55803","-200","-76.99867","-80.81072","-74.98576","-200","-86.274826","-200","-73.59208","-80.49936"
"2022-06-28T09:27:54.883","-67.21818","-200","-200","-200","-59.115322","-200","-200","-62.333828","-81.038445","-79.791016","-200","-200","-200","-80.837944","-75.03218","-200","-86.33875","-200","-73.62502","-200"
"2022-06-28T09:27:56","-67.305176","-200","-200","-200","-59.135708","-72.7778","-200","-62.554123","-80.991714","-79.6548","-200","-200","-200","-80.818794","-75.077446","-77.56431","-200","-89.477165","-73.68046","-80.53394"
"2022-06-28T09:27:57.126","-200","-78.13561","-70.58822","-64.966896","-59.132587","-72.89682","-65.5449","-62.791874","-200","-200","-88.54519","-200","-76.99872","-200","-200","-77.48272","-200","-89.65818","-200","-80.567665"
"2022-06-28T09:27:58.242","-200","-78.01806","-70.59767","-65.0133","-200","-72.853645","-65.53249","-200","-200","-79.56907","-88.509705","-200","-76.998764","-200","-75.052704","-77.70023","-86.284035","-200","-73.71118","-80.53167"
"2022-06-28T09:27:59.377","-67.298164","-200","-70.606895","-65.05858","-59.083614","-200","-65.520386","-62.705677","-80.87746","-79.462166","-88.47509","-200","-77.1006","-80.70882","-75.02857","-200","-86.184044","-200","-73.83405","-200"
"2022-06-28T09:28:00.493","-67.314255","-200","-200","-200","-59.035847","-200","-200","-62.59884","-80.76598","-79.33468","-200","-200","-200","-80.6015","-75.00503","-77.86683","-86.08662","-89.49856","-73.90745","-200"
"2022-06-28T09:28:01.608","-200","-78.040504","-70.547226","-65.01173","-59.01214","-72.81151","-65.50857","-62.49455","-200","-200","-88.46422","-200","-200","-80.49677","-200","-78.12056","-200","-89.39109","-200","-80.49655"
"2022-06-28T09:28:02.723","-200","-78.0624","-70.489006","-65.01146","-200","-72.74767","-65.54239","-200","-200","-200","-200","-200","-77.063965","-200","-200","-78.00401","-86.154305","-89.35797","-73.86332","-80.553856"
"2022-06-28T09:28:03.844","-67.21551","-78.15214","-70.40938","-200","-59.034718","-72.70804","-65.50745","-200","-200","-79.42002","-200","-200","-76.931145","-80.69006","-75.02777","-200","-86.15073","-200","-73.84338","-80.58691"
"2022-06-28T09:28:04.955","-67.096306","-200","-200","-64.988495","-59.056747","-200","-200","-62.415386","-80.83979","-79.54966","-200","-200","-200","-80.87873","-75.02714","-200","-86.23978","-200","-73.82395","-200"
"2022-06-28T09:28:06.074","-66.979996","-200","-200","-200","-59.009872","-72.692","-200","-62.31547","-80.75228","-79.60646","-200","-200","-200","-80.83613","-75.04931","-78.29943","-200","-89.25455","-73.805","-80.55069"
"2022-06-28T09:28:07.195","-200","-77.96659","-70.35447","-65.07947","-58.98689","-72.90263","-65.473335","-62.217915","-200","-200","-88.430756","-200","-76.99759","-200","-200","-78.58778","-200","-89.13023","-200","-80.51535"
"2022-06-28T09:28:08.321","-66.98045","-77.80823","-70.346405","-65.12297","-200","-72.85962","-65.46263","-200","-200","-79.546165","-88.42092","-200","-77.09242","-200","-75.070946","-78.86926","-86.141884","-88.985634","-73.80948","-80.48086"
"2022-06-28T09:28:09.438","-66.980896","-200","-70.36126","-65.16544","-58.941723","-200","-65.45219","-62.122658","-80.64412","-79.48738","-200","-200","-77.151726","-80.72658","-75.0466","-200","-86.04643","-200","-73.790924","-200"
"2022-06-28T09:28:10.553","-67.11772","-200","-200","-200","-58.988453","-200","-200","-62.300396","-80.62948","-79.33788","-200","-96.80348","-200","-80.68751","-75.068245","-78.736305","-86.09137","-89.15063","-73.79571","-200"
"2022-06-28T09:28:11.667","-200","-78.062325","-70.42117","-65.1391","-59.011395","-72.99829","-65.46455","-62.496513","-80.61519","-200","-200","-96.914154","-200","-80.64936","-200","-78.62913","-200","-89.33476","-200","-80.469925"
"2022-06-28T09:28:12.780","-200","-78.08359","-70.4343","-65.11337","-200","-73.06602","-65.476616","-200","-200","-200","-88.388535","-200","-77.14708","-200","-200","-78.50188","-200","-200","-200","-80.48196"
"2022-06-28T09:28:13.905","-67.27398","-78.059044","-70.37916","-65.06569","-59.03379","-73.13216","-65.46588","-200","-200","-79.19209","-88.37969","-200","-77.11246","-80.72503","-75.04402","-200","-86.158165","-200","-73.73181","-80.51638"
"2022-06-28T09:28:15.015","-67.177055","-200","-200","-200","-59.055656","-200","-200","-62.395233","-80.64659","-79.32546","-200","-200","-77.07934","-80.7538","-74.99772","-200","-86.22331","-200","-73.69229","-200"
"2022-06-28T09:28:16.140","-67.082436","-78.125595","-200","-200","-59.077003","-73.06161","-200","-62.31882","-80.60929","-79.47848","-200","-200","-200","-80.78189","-74.952515","-78.33245","-200","-89.32693","-73.653725","-80.527336"
"2022-06-28T09:28:17.252","-200","-78.190575","-70.347946","-65.041664","-200","-72.9927","-65.4554","-62.244186","-200","-200","-200","-200","-77.01825","-200","-200","-78.18957","-200","-89.365974","-200","-80.53803"
"2022-06-28T09:28:18.379","-67.261604","-78.141106","-70.362686","-65.040726","-200","-73.060326","-65.490135","-200","-80.572876","-79.330185","-200","-200","-77.01772","-200","-74.9762","-78.05003","-86.26398","-200","-73.70712","-80.59369"
"2022-06-28T09:28:19.497","-67.41393","-200","-70.35449","-65.03981","-59.097847","-200","-65.47912","-62.44095","-80.49211","-79.18551","-200","-200","-77.04588","-80.809326","-74.99932","-200","-86.30365","-200","-73.73651","-200"
"2022-06-28T09:28:20.608","-67.54009","-200","-200","-200","-59.140766","-200","-200","-62.633152","-80.39066","-79.04434","-200","-97.09162","-200","-80.791115","-75.0219","-200","-86.34236","-200","-73.7879","-200"
"2022-06-28T09:28:21.730","-200","-78.22817","-70.36906","-65.016426","-59.160137","-73.10391","-65.490814","-62.820915","-200","-200","-200","-200","-200","-80.75083","-200","-77.95881","-200","-89.54373","-200","-80.60287"
"2022-06-28T09:28:22.846","-200","-78.35829","-70.31565","-64.971115","-200","-73.05666","-65.4798","-200","-200","-200","-88.37106","-200","-77.01624","-200","-200","-77.8247","-86.40293","-200","-73.770035","-80.65695"
"2022-06-28T09:28:23.964","-67.43765","-78.50789","-70.24097","-64.92685","-59.179054","-200","-65.46904","-200","-80.49467","-79.24844","-88.40805","-200","-76.987755","-80.86879","-74.998856","-200","-86.4848","-200","-73.72994","-80.687225"
"2022-06-28T09:28:25.079","-67.337616","-200","-200","-200","-59.19753","-200","-200","-62.735226","-80.5286","-79.44763","-200","-200","-200","-80.91665","-74.97636","-200","-200","-200","-73.713425","-200"
"2022-06-28T09:28:26.204","-67.239914","-78.58648","-200","-200","-59.170597","-72.98807","-200","-62.629097","-80.561745","-200","-200","-200","-200","-81.03072","-74.93188","-78.21095","-200","-89.43817","-200","-80.64922"
"2022-06-28T09:28:27.320","-200","-78.438354","-70.25805","-64.97337","-200","-72.92106","-65.45853","-62.525406","-200","-200","-88.398796","-200","-77.07131","-200","-200","-78.58824","-86.40559","-89.3121","-200","-80.61211"
"2022-06-28T09:28:28.446","-67.1895","-78.31614","-70.25224","-65.01882","-200","-72.878006","-65.42586","-200","-80.459076","-79.437454","-200","-200","-77.261604","-200","-74.955894","-78.86697","-86.32826","-89.18921","-73.697296","-80.57585"
"2022-06-28T09:28:29.559","-67.14026","-200","-70.26904","-65.063225","-59.14429","-200","-65.41632","-62.424095","-80.358795","-79.42752","-200","-200","-77.30889","-80.9179","-74.979355","-200","-86.23011","-200","-73.68155","-200"
"2022-06-28T09:28:30.670","-67.29441","-200","-200","-200","-59.163506","-200","-200","-62.638355","-80.32826","-79.304436","-200","-200","-200","-80.80768","-75.00227","-78.757744","-200","-200","-73.733864","-200"
"2022-06-28T09:28:31.789","-200","-78.28658","-70.263","-65.061806","-59.182278","-73.01514","-65.45175","-62.825348","-200","-200","-88.38976","-200","-200","-80.76719","-200","-78.65105","-200","-200","-200","-80.60786"
"2022-06-28T09:28:32.918","-200","-78.25771","-70.257095","-65.060425","-200","-73.081955","-65.46401","-200","-200","-200","-88.358315","-200","-77.30057","-200","-200","-78.54681","-86.2702","-200","-200","-80.63912"
"2022-06-28T09:28:34.038","-67.377625","-78.22951","-70.29618","-200","-59.200615","-73.19199","-65.45364","-63.008068","-80.29843","-79.18427","-88.35021","-200","-77.292534","-80.750015","-75.024666","-200","-86.30935","-200","-73.78495","-80.64722"
"2022-06-28T09:28:35.145","-67.34671","-200","-200","-200","-59.151295","-200","-200","-62.89618","-80.15709","-79.1801","-200","-200","-200","-80.64374","-75.001686","-200","-86.21193","-200","-73.76727","-200"
"2022-06-28T09:28:36.271","-67.29408","-200","-200","-200","-59.103107","-73.12061","-65.44351","-62.78684","-80.06386","-79.13081","-200","-200","-200","-80.53989","-74.97923","-78.87055","-200","-89.04631","-200","-80.632706"
"2022-06-28T09:28:37.391","-200","-78.1123","-70.4016","-65.10382","-200","-73.05086","-65.41128","-200","-200","-200","-88.3423","-200","-77.33778","-200","-200","-79.20925","-86.116806","-88.906975","-200","-80.61852"
"2022-06-28T09:28:38.525","-67.42197","-78.02018","-70.39261","-65.1015","-200","-73.094406","-65.4021","-200","-80.06242","-78.992355","-88.33458","-200","-77.381485","-200","-75.0245","-79.54019","-86.159294","-88.771095","-73.81752","-80.58227"
"2022-06-28T09:28:39.648","-67.54691","-200","-70.406204","-65.099236","-59.123184","-200","-200","-62.970173","-80.03863","-78.85715","-200","-97.16323","-77.345436","-80.50547","-75.068726","-200","-86.20079","-200","-73.84412","-200"
"2022-06-28T09:28:40.757","-67.71377","-200","-200","-200","-59.142803","-200","-200","-63.14934","-79.970604","-78.74765","-200","-200","-200","-80.47183","-75.11194","-79.4163","-200","-200","-73.89256","-200"
"2022-06-28T09:28:41.878","-200","-78.042114","-70.39712","-65.097015","-59.161972","-73.159294","-65.43775","-63.32444","-200","-200","-88.327034","-200","-77.33649","-80.461296","-200","-79.295235","-200","-200","-200","-80.614006"
"2022-06-28T09:28:43.002","-200","-78.1083","-70.38824","-65.050186","-200","-73.11109","-65.427986","-200","-200","-200","-88.29714","-200","-77.250656","-200","-75.087074","-79.10991","-86.24132","-200","-73.85006","-80.62264"
"2022-06-28T09:28:44.121","-67.58592","-78.150604","-70.334854","-65.004425","-59.180702","-73.0863","-65.41844","-63.228024","-80.19501","-78.93353","-88.31296","-200","-77.2187","-80.62958","-75.062775","-200","-86.32591","-200","-73.80854","-200"
"2022-06-28T09:28:45.228","-67.48337","-200","-200","-200","-59.199005","-200","-200","-63.133793","-80.30246","-79.16009","-200","-200","-200","-80.749405","-75.06137","-200","-86.40854","-200","-73.790405","-200"
"2022-06-28T09:28:46.348","-67.383156","-78.16959","-200","-200","-59.216892","-73.03977","-200","-63.041695","-80.40746","-79.22395","-200","-200","-200","-80.88882","-75.06","-78.95113","-200","-88.79932","-200","-200"
"2022-06-28T09:28:47.466","-200","-78.009415","-70.461426","-65.04895","-200","-73.01659","-65.40912","-62.929405","-200","-200","-88.28343","-200","-77.28932","-200","-200","-79.220085","-86.33194","-88.689285","-200","-80.58636"
"2022-06-28T09:28:48.591","-67.374596","-77.897545","-70.51812","-65.09247","-200","-72.97164","-65.4","-200","-80.33134","-79.21892","-88.25459","-200","-77.3325","-80.75752","-75.08098","-200","-86.25712","-200","-73.77269","-80.550896"
"2022-06-28T09:28:49.707","-67.366234","-200","-70.57352","-65.134995","-59.167408","-200","-65.39109","-62.81965","-80.23461","-79.16909","-200","-200","-77.37434","-80.60692","-75.05686","-200","-86.18402","-200","-73.75538","-200"
"2022-06-28T09:28:50.825","-67.33574","-77.9668","-200","-200","-59.185986","-72.92771","-200","-62.73463","-80.38563","-79.14285","-200","-200","-200","-80.45972","-75.03329","-79.52755","-200","-200","-200","-200"
"2022-06-28T09:28:51.946","-200","-77.98985","-70.58303","-65.08741","-59.20414","-72.88477","-65.42691","-62.651527","-200","-200","-88.27133","-200","-77.34004","-200","-200","-79.35966","-200","-88.719284","-200","-80.56093"
"2022-06-28T09:28:53.063","-200","-78.01238","-70.63694","-65.0409","-200","-72.88734","-65.46192","-200","-200","-79.251785","-88.31013","-200","-77.30678","-200","-75.01025","-79.17327","-86.22475","-88.70284","-73.71608","-80.5484"
"2022-06-28T09:28:54.188","-67.239","-78.12358","-70.62274","-64.995445","-59.221886","-72.82307","-65.451645","-62.570297","-80.46627","-79.35821","-200","-200","-77.274506","-80.53857","-75.01002","-200","-86.264534","-200","-73.70006","-200"
"2022-06-28T09:28:55.299","-67.144455","-200","-200","-200","-59.172367","-200","-200","-62.468655","-80.36665","-79.28298","-200","-200","-200","-80.48205","-75.032074","-200","-86.19141","-200","-73.6844","-200"
"2022-06-28T09:28:56.419","-200","-78.03168","-200","-200","-59.146248","-72.7825","-200","-62.369297","-80.33618","-200","-200","-200","-200","-80.382286","-75.053635","-79.41457","-200","-88.57269","-200","-80.51384"
"2022-06-28T09:28:57.538","-200","-77.94186","-70.63115","-65.04008","-200","-72.720604","-65.4416","-200","-200","-200","-88.30317","-200","-77.31692","-200","-200","-79.73953","-86.11996","-200","-200","-80.43544"
"2022-06-28T09:28:58.663","-67.09664","-77.76497","-70.70621","-65.0837","-200","-72.660095","-65.40954","-200","-80.261826","-79.27665","-88.29637","-200","-77.35809","-80.28477","-75.05244","-80.10169","-86.05015","-200","-73.669106","-80.40343"
"2022-06-28T09:28:59.780","-67.18364","-200","-200","-65.08184","-59.165264","-200","-200","-62.56115","-80.30055","-79.158585","-200","-200","-77.34937","-80.25619","-75.09579","-200","-86.09375","-200","-73.72118","-200"
"2022-06-28T09:29:00.891","-67.26867","-77.74794","-200","-200","-59.18385","-200","-200","-62.748695","-80.31613","-200","-200","-200","-200","-80.22825","-75.13816","-79.965836","-200","-88.787544","-73.77207","-200"
"2022-06-28T09:29:02.009","-200","-77.70903","-70.71275","-65.08002","-200","-72.75659","-65.40043","-62.932034","-200","-200","-88.289734","-200","-77.3409","-80.200935","-200","-79.833046","-200","-200","-200","-80.416725"
"2022-06-28T09:29:03.128","-67.1736","-77.80451","-70.65235","-65.03376","-200","-72.762","-65.391525","-200","-200","-79.33395","-88.260864","-200","-77.30851","-200","-75.135086","-79.70325","-86.158714","-200","-73.75484","-80.429726"
"2022-06-28T09:29:04.253","-67.08067","-200","-70.593315","-64.98854","-59.202015","-72.76729","-65.38283","-62.844685","-80.44269","-79.5053","-88.32215","-200","-77.27702","-80.32984","-75.10984","-200","-86.24454","-200","-73.73799","-200"
"2022-06-28T09:29:05.370","-66.989845","-200","-200","-200","-59.19752","-200","-200","-62.759293","-80.6109","-79.672745","-200","-200","-200","-80.43363","-75.08517","-79.509636","-86.30607","-200","-73.721535","-200"
"2022-06-28T09:29:06.487","-66.90106","-77.89784","-200","-200","-59.215374","-72.72802","-65.37432","-62.675816","-80.77532","-200","-200","-200","-200","-80.535095","-200","-79.34262","-200","-88.76962","-200","-80.44243"
"2022-06-28T09:29:07.603","-200","-77.87788","-70.60236","-64.98879","-200","-72.800705","-65.34379","-200","-200","-200","-88.29259","-200","-77.29436","-200","-200","-79.22383","-86.34388","-200","-200","-80.47712"
"2022-06-28T09:29:08.727","-66.99225","-77.85836","-70.58897","-64.989044","-200","-72.84955","-65.38057","-200","-80.735825","-79.54607","-88.28605","-97.22474","-77.28732","-200","-75.1055","-200","-86.38083","-200","-73.75004","-80.511024"
"2022-06-28T09:29:09.839","-67.12586","-200","-70.57587","-64.98929","-59.232822","-200","-200","-62.838425","-80.69722","-79.39995","-200","-200","-77.28048","-80.50099","-75.12538","-200","-86.43925","-200","-73.77789","-200"
"2022-06-28T09:29:10.958","-67.25647","-77.83928","-200","-200","-59.24988","-72.98612","-200","-62.997395","-80.659485","-79.27946","-200","-200","-200","-80.46765","-75.14481","-79.10771","-200","-88.95671","-73.782845","-200"
"2022-06-28T09:29:12.079","-200","-77.93175","-70.5853","-64.9451","-59.266556","-72.91982","-65.372116","-62.93087","-200","-200","-88.34668","-200","-77.25009","-200","-200","-78.92753","-200","-88.9804","-200","-80.52191"
"2022-06-28T09:29:13.197","-200","-77.95548","-70.55006","-64.9019","-200","-72.877205","-65.36385","-200","-200","-79.42935","-88.3836","-200","-77.22052","-200","-75.119385","-78.75139","-86.474045","-89.04888","-73.76541","-80.5103"
"2022-06-28T09:29:14.316","-67.16185","-200","-70.493385","-64.79305","-59.282856","-200","-65.355774","-62.865833","-80.73374","-79.598145","-88.442","-200","-77.19173","-80.5905","-75.11673","-200","-86.55263","-200","-73.74837","-200"
"2022-06-28T09:29:15.426","-67.291595","-200","-200","-200","-59.29879","-200","-200","-63.024117","-80.73966","-79.45109","-200","-200","-200","-80.6884","-75.136345","-200","-200","-200","-73.798485","-200"
"2022-06-28T09:29:16.546","-200","-77.93426","-200","-200","-59.314365","-72.94651","-65.392265","-63.178867","-80.745445","-200","-88.43214","-200","-200","-80.650925","-200","-78.645836","-200","-89.25165","-200","-80.521194"
"2022-06-28T09:29:17.665","-200","-77.913506","-70.48242","-64.797646","-200","-73.01427","-65.42794","-200","-200","-200","-88.4225","-200","-77.18722","-200","-200","-78.542656","-86.607155","-200","-73.82522","-80.554085"
"2022-06-28T09:29:18.794","-67.418434","-77.89322","-70.49392","-64.80214","-200","-73.08051","-65.46282","-200","-80.72888","-79.329636","-88.390785","-200","-77.18282","-200","-75.15552","-200","-86.660446","-200","-73.8736","-80.564"
"2022-06-28T09:29:19.898","-67.32028","-200","-200","-200","-59.329594","-200","-200","-63.10836","-80.80154","-79.455925","-200","-200","-200","-80.747444","-75.12987","-200","-86.7348","-200","-73.854164","-200"
"2022-06-28T09:29:21.020","-67.22433","-77.9844","-200","-200","-59.34448","-73.07873","-200","-63.017246","-80.85036","-79.62389","-200","-200","-200","-80.84181","-75.10479","-78.37517","-200","-89.291214","-200","-80.57369"
"2022-06-28T09:29:22.140","-200","-78.07353","-70.43853","-64.73995","-59.35903","-73.03262","-65.45255","-62.928165","-200","-200","-88.42665","-200","-77.15515","-200","-200","-78.23363","-200","-200","-200","-80.58317"
"2022-06-28T09:29:23.257","-67.13052","-78.160675","-70.362175","-64.67915","-200","-72.98754","-65.44251","-200","-200","-79.61001","-88.483986","-200","-77.12819","-200","-75.05808","-78.07306","-86.785225","-200","-73.835175","-80.59243"
"2022-06-28T09:29:24.376","-67.127625","-200","-70.376335","-64.730644","-59.328865","-200","-65.41052","-62.841072","-80.74267","-79.596436","-200","-200","-77.171776","-80.73439","-75.05679","-200","-86.67874","-200","-73.81661","-200"
"2022-06-28T09:29:25.485","-67.10259","-200","-200","-200","-59.299374","-200","-200","-62.73375","-80.63739","-200","-200","-200","-200","-80.629364","-75.03335","-200","-86.57466","-89.148994","-73.79846","-200"
"2022-06-28T09:29:26.613","-200","-78.04616","-70.39018","-64.73662","-59.27054","-72.921295","-65.40142","-62.62882","-80.53447","-200","-88.450935","-200","-200","-80.52668","-200","-78.40434","-200","-88.98754","-200","-80.55705"
"2022-06-28T09:29:27.728","-200","-78.02295","-70.38152","-64.74246","-200","-72.989555","-65.43687","-200","-200","-200","-88.41863","-200","-77.21425","-200","-200","-78.30661","-86.60636","-89.14577","-73.82516","-80.52247"
"2022-06-28T09:29:28.861","-67.23348","-78.02244","-70.373055","-64.74818","-59.286724","-73.0563","-65.47152","-200","-80.50042","-79.44969","-88.40932","-200","-77.20928","-80.49282","-75.05479","-200","-86.659584","-200","-73.87347","-80.555275"
"2022-06-28T09:29:29.966","-67.36144","-200","-70.36478","-200","-59.302547","-200","-200","-62.792194","-80.46713","-79.32849","-200","-200","-200","-80.45972","-75.07575","-200","-86.71161","-200","-73.9207","-200"
"2022-06-28T09:29:31.093","-67.48654","-77.99976","-200","-200","-59.318016","-73.09938","-200","-62.951935","-200","-200","-200","-97.34706","-200","-80.42735","-200","-78.21106","-200","-89.32283","-200","-80.58735"
"2022-06-28T09:29:32.210","-200","-77.88888","-70.37887","-64.79811","-59.33314","-73.030685","-65.4389","-63.10812","-200","-200","-88.37796","-200","-77.25071","-200","-200","-78.53913","-200","-89.49575","-200","-80.55212"
"2022-06-28T09:29:33.332","-200","-77.78047","-70.37047","-64.80259","-200","-73.03001","-65.42918","-200","-80.368034","-79.29895","-88.347305","-200","-77.2911","-200","-75.051895","-78.8377","-86.606895","-89.349556","-73.90025","-80.51767"
"2022-06-28T09:29:34.452","-67.475746","-200","-70.38443","-64.8513","-59.30358","-200","-65.3975","-62.994934","-80.29333","-79.292305","-88.317345","-200","-77.33048","-80.3292","-75.072914","-200","-86.50453","-200","-73.880264","-200"
"2022-06-28T09:29:35.560","-67.465195","-200","-200","-200","-59.274677","-200","-200","-62.884266","-80.19811","-79.28581","-200","-200","-200","-80.23324","-75.049126","-200","-86.404465","-89.206764","-73.860725","-200"
"2022-06-28T09:29:36.683","-200","-77.76317","-70.39808","-64.8546","-59.290756","-73.09582","-65.38869","-63.04191","-80.14937","-200","-88.288055","-200","-77.32288","-80.2059","-200","-78.730415","-200","-200","-200","-80.55056"
"2022-06-28T09:29:37.797","-200","-77.72408","-70.38925","-64.85782","-200","-73.20448","-65.38007","-200","-200","-200","-88.281654","-200","-77.2925","-200","-200","-78.62552","-86.46211","-89.42684","-200","-80.58272"
"2022-06-28T09:29:38.926","-67.587944","-77.68587","-70.38062","-64.86097","-59.306477","-73.31073","-65.37165","-200","-80.079544","-79.14615","-200","-200","-77.2858","-200","-75.070206","-200","-86.51847","-200","-73.88601","-80.61416"
"2022-06-28T09:29:40.036","-67.707954","-200","-70.372185","-200","-59.32185","-200","-200","-62.952374","-80.18863","-79.27619","-200","-200","-200","-80.31215","-75.046486","-200","-86.55136","-200","-73.86635","-200"
"2022-06-28T09:29:41.153","-67.60357","-77.80365","-200","-200","-59.33688","-73.30385","-200","-62.864826","-80.29528","-200","-200","-200","-200","-80.438194","-200","-78.47862","-200","-89.462166","-73.82494","-200"
"2022-06-28T09:29:42.269","-200","-77.83016","-70.36394","-64.81973","-200","-73.252815","-65.40772","-62.779224","-200","-200","-88.342064","-200","-77.233475","-200","-200","-78.335","-200","-89.49667","-200","-80.60053"
"2022-06-28T09:29:43.396","-67.52368","-77.92256","-70.31155","-64.77941","-200","-73.22507","-65.39869","-200","-200","-79.40332","-88.334465","-200","-77.18243","-200","-75.00113","-78.19457","-86.56132","-89.46311","-73.80664","-80.58721"
"2022-06-28T09:29:44.515","-67.51207","-200","-70.30464","-64.73999","-59.285095","-200","-65.389854","-62.673378","-80.20008","-79.34995","-200","-200","-77.24673","-80.317696","-74.97894","-200","-86.48228","-200","-73.78875","-200"
"2022-06-28T09:29:45.629","-67.50072","-77.81349","-200","-200","-59.25662","-200","-200","-62.569885","-80.107","-79.319984","-200","-200","-200","-80.199875","-74.95725","-200","-86.40501","-89.31825","-73.771255","-200"
"2022-06-28T09:29:46.747","-200","-77.70685","-70.29789","-64.79006","-59.206623","-73.17578","-65.38122","-62.46869","-200","-200","-88.30482","-200","-200","-80.08468","-200","-78.54489","-200","-89.19913","-200","-80.55202"
"2022-06-28T09:29:47.873","-200","-77.60257","-70.29129","-64.794716","-200","-73.17189","-65.37277","-200","-200","-200","-88.27584","-200","-77.28668","-200","-200","-78.887405","-86.44039","-89.06035","-73.75415","-80.51761"
"2022-06-28T09:29:48.986","-67.40097","-77.69998","-70.218376","-64.75496","-59.2242","-73.123795","-65.36452","-200","-80.21543","-79.42387","-200","-200","-77.2574","-200","-74.93604","-200","-86.47499","-200","-73.715256","-80.528305"
"2022-06-28T09:29:50.107","-67.32561","-200","-200","-200","-59.241386","-200","-200","-62.391884","-200","-79.503235","-200","-200","-200","-80.17141","-74.915306","-200","-86.50882","-200","-73.6994","-200"
"2022-06-28T09:29:51.226","-200","-77.79523","-200","-200","-59.23604","-73.07677","-200","-62.316784","-200","-200","-88.336334","-200","-200","-80.278366","-200","-78.73478","-200","-89.103745","-200","-80.53876"
"2022-06-28T09:29:52.340","-200","-77.68902","-70.21354","-64.76038","-200","-73.075066","-65.356445","-200","-200","-200","-200","-200","-77.29701","-200","-200","-78.56339","-200","-88.96725","-200","-80.504654"
"2022-06-28T09:29:53.461","-67.31839","-77.58517","-70.23096","-64.787834","-200","-73.02912","-65.32641","-200","-200","-79.51426","-88.30666","-200","-77.33568","-200","-74.91718","-78.9054","-86.40883","-88.85622","-73.6839","-80.471306"
"2022-06-28T09:29:54.579","-67.31133","-200","-70.24799","-64.814674","-59.20866","-200","-65.31918","-62.22121","-80.122025","-79.48066","-200","-200","-77.37342","-80.16146","-74.896866","-200","-86.33324","-200","-73.66874","-200"
"2022-06-28T09:29:55.689","-67.304436","-200","-200","-200","-59.159744","-200","-200","-62.127758","-80.0307","-79.46999","-200","-200","-200","-80.04715","-74.89915","-200","-200","-88.74772","-73.653915","-200"
"2022-06-28T09:29:56.819","-200","-77.550064","-70.22035","-64.81878","-59.178352","-73.117035","-65.31212","-62.32417","-200","-200","-88.27766","-200","-200","-79.95753","-200","-78.774574","-200","-88.93201","-200","-80.50518"
"2022-06-28T09:29:57.932","-200","-77.51574","-70.17118","-64.82279","-200","-73.225136","-65.30521","-200","-200","-200","-88.27149","-200","-77.36496","-200","-200","-78.66881","-86.392365","-89.089775","-73.7059","-80.5383"
"2022-06-28T09:29:59.061","-67.4306","-77.50432","-70.14525","-64.82671","-59.19655","-73.33084","-65.29845","-62.51622","-80.007866","-79.326485","-88.265465","-200","-77.356705","-79.936325","-74.94567","-200","-86.428","-200","-73.75674","-80.526375"
"2022-06-28T09:30:00.170","-67.55397","-200","-200","-200","-59.21434","-200","-200","-62.704014","-80.184906","-79.18618","-200","-200","-200","-79.915596","-74.92473","-200","-86.462845","-200","-73.76212","-200"
"2022-06-28T09:30:01.280","-200","-77.60386","-200","-200","-59.231735","-73.27924","-65.29184","-62.62203","-200","-79.33727","-200","-200","-200","-200","-200","-78.49894","-200","-89.110085","-200","-80.536865"
"2022-06-28T09:30:02.402","-200","-77.67905","-70.07561","-64.78627","-200","-200","-65.28538","-62.54186","-200","-200","-88.30395","-200","-77.326035","-200","-200","-78.354996","-86.49692","-200","-200","-80.52497"
"2022-06-28T09:30:03.529","-67.45311","-200","-70.00751","-64.74673","-200","-73.22879","-65.27906","-200","-80.291565","-79.50717","-88.363754","-200","-77.273506","-80.07246","-74.90425","-78.19211","-86.53023","-89.15224","-73.74524","-80.51334"
"2022-06-28T09:30:04.647","-67.57596","-200","-69.96306","-64.70806","-59.248745","-200","-65.27288","-62.729057","-80.19651","-79.362915","-200","-200","-200","-80.04871","-74.92851","-200","-86.5628","-200","-73.79519","-200"
"2022-06-28T09:30:05.760","-67.71822","-77.64188","-200","-200","-59.265377","-200","-200","-62.912106","-80.12572","-79.22187","-200","-200","-200","-80.0255","-74.95224","-200","-86.59464","-200","-73.844025","-200"
"2022-06-28T09:30:06.878","-200","-77.60553","-69.9196","-64.71452","-59.28164","-73.31226","-65.26684","-63.091095","-200","-200","-88.3335","-200","-77.267334","-200","-200","-78.09927","-200","-89.30491","-200","-80.54627"
"2022-06-28T09:30:08.003","-67.83518","-77.592125","-69.877106","-64.72084","-200","-73.39388","-65.26093","-200","-200","-79.10613","-88.30393","-200","-77.3064","-200","-74.97544","-78.0085","-86.62578","-89.47641","-73.89178","-80.57847"
"2022-06-28T09:30:09.126","-67.72812","-200","-69.813416","-64.68275","-59.297543","-73.49583","-65.25516","-63.00056","-80.277954","-79.281075","-88.27502","-200","-77.27697","-80.13562","-74.95384","-200","-86.65622","-200","-73.872025","-80.60995"
"2022-06-28T09:30:10.233","-67.60129","-200","-200","-200","-59.31309","-200","-200","-62.912033","-80.4268","-79.51861","-200","-200","-200","-80.2433","-74.932724","-200","-86.68599","-200","-73.852715","-200"
"2022-06-28T09:30:11.348","-200","-77.6897","-200","-200","-59.328297","-73.484856","-65.24951","-62.847595","-200","-79.72869","-200","-200","-200","-80.348595","-200","-77.85331","-200","-89.51035","-200","-80.59644"
"2022-06-28T09:30:12.466","-200","-77.76297","-69.83968","-64.6455","-200","-73.451996","-65.24399","-200","-200","-200","-88.26892","-200","-77.24823","-200","-200","-77.70157","-86.73724","-89.54353","-200","-80.58324"
"2022-06-28T09:30:13.589","-67.587975","-77.61328","-69.865364","-64.69761","-200","-73.397736","-65.23859","-200","-80.32878","-79.71255","-88.26296","-200","-77.28763","-200","-74.91208","-200","-86.65447","-89.420105","-73.83383","-80.54818"
"2022-06-28T09:30:14.706","-67.57496","-200","-69.934746","-64.748566","-59.276764","-200","-65.23331","-62.74033","-80.23293","-79.69676","-200","-200","-77.34858","-80.23021","-74.89189","-200","-86.57354","-200","-73.81537","-200"
"2022-06-28T09:30:15.813","-67.56223","-77.489044","-200","-200","-59.22637","-200","-200","-62.63544","-80.13921","-79.68133","-200","-200","-200","-80.13658","-74.87215","-78.062416","-200","-89.2772","-73.79732","-200"
"2022-06-28T09:30:16.940","-200","-77.45609","-69.93619","-64.75413","-59.177097","-73.49958","-65.22814","-62.532875","-200","-200","-88.23497","-200","-77.34075","-200","-200","-77.97248","-200","-89.40454","-200","-80.58032"
"2022-06-28T09:30:18.068","-200","-77.42387","-69.9376","-64.75957","-200","-73.62129","-65.22309","-200","-200","-79.55549","-88.22976","-200","-77.33311","-200","-74.89711","-77.88454","-86.60513","-89.57351","-73.823944","-80.611755"
"2022-06-28T09:30:19.194","-67.68261","-200","-69.93898","-64.764885","-59.19531","-200","-65.218155","-62.720215","-80.06972","-79.43244","-88.22467","-200","-77.32564","-80.11143","-74.94365","-200","-86.636024","-200","-73.872116","-80.64249"
"2022-06-28T09:30:20.296","-67.800316","-200","-200","-200","-59.235245","-200","-200","-62.903404","-80.00176","-79.312126","-200","-200","-200","-80.10896","-74.98916","-200","-86.66623","-200","-73.91922","-200"
"2022-06-28T09:30:21.419","-200","-77.52514","-200","-200","-59.252167","-73.607544","-65.213326","-62.817043","-79.93531","-200","-200","-200","-200","-80.21721","-200","-77.73214","-200","-89.56075","-200","-80.6504"
