timeStamp,001,002,003,004,005,006,007,008,009,010,011,012,013,014,015,016,017,018,019,020
2022-06-25 19:42:47 +0000 ,-200.0,-200.0,-200.0,-200.0,-68.0,-200.0,-200.0,-72.0,-66.0,-75.0,-89.0,-93.0,-83.0,-77.0,-72.0,-200.0,-93.0,-200.0,-200.0,-89.0
2022-06-25 19:42:48 +0000 ,-69.0,-200.0,-59.0,-74.0,-68.860275,-73.0,-200.0,-72.43014,-65.56986,-75.43014,-88.56986,-93.43014,-82.56986,-77.0,-72.43014,-85.0,-93.0,-200.0,-200.0,-89.43014
2022-06-25 19:42:49 +0000 ,-66.41917,-200.0,-58.569862,-73.139725,-68.726715,-72.139725,-70.0,-200.0,-65.636635,-76.74417,-88.636635,-200.0,-85.39827,-76.72383,-71.53487,-84.56986,-93.27617,-92.0,-80.0,-88.811035
2022-06-25 19:42:50 +0000 ,-64.61053,-200.0,-58.360477,-72.444786,-69.96579,-71.720955,-70.0,-200.0,-65.53047,-78.248924,-88.94116,-91.706375,-200.0,-76.115555,-200.0,-84.9128,-200.0,-92.43014,-80.43014,-88.316696
2022-06-25 19:42:51 +0000 ,-63.83035,-200.0,-59.28883,-71.63972,-200.0,-72.140205,-70.55232,-72.0872,-200.0,-200.0,-200.0,-90.42173,-86.44649,-200.0,-71.04831,-200.0,-93.47375,-91.811035,-80.91569,-200.0
2022-06-25 19:42:52 +0000 ,-200.0,-200.0,-200.0,-200.0,-70.07905,-200.0,-71.35818,-71.99579,-65.74444,-77.96976,-89.00825,-90.33184,-85.796295,-76.47731,-71.1487,-85.62026,-93.58917,-91.52205,-81.417015,-87.697586
2022-06-25 19:42:53 +0000 ,-63.09857,-200.0,-59.77252,-72.051674,-69.87917,-71.39204,-200.0,-71.83156,-65.697815,-77.280075,-89.285904,-91.153564,-84.674324,-76.805,-72.00435,-85.4816,-93.80486,-200.0,-200.0,-87.19791
2022-06-25 19:42:54 +0000 ,-62.803802,-200.0,-59.999886,-71.62065,-69.49252,-70.438896,-71.77247,-200.0,-65.46268,-76.626755,-89.56349,-200.0,-84.61035,-77.48707,-73.3019,-85.34675,-200.0,-90.74692,-81.92938,-86.96411
2022-06-25 19:42:55 +0000 ,-62.551495,-200.0,-60.16185,-71.03432,-70.44604,-69.72005,-71.99985,-71.25875,-65.79837,-200.0,-89.991425,-91.20559,-200.0,-78.033,-200.0,-85.53487,-200.0,-90.05287,-82.452515,-87.15296
2022-06-25 19:42:56 +0000 ,-62.326126,-200.0,-200.0,-70.59355,-70.77992,-68.9604,-72.40608,-70.85316,-200.0,-200.0,-200.0,-91.030464,-84.59295,-200.0,-73.214195,-200.0,-200.0,-89.55849,-82.62079,-200.0
2022-06-25 19:42:57 +0000 ,-200.0,-200.0,-200.0,-200.0,-70.52713,-200.0,-73.002144,-70.58396,-66.023125,-77.08661,-89.9898,-90.79316,-84.41377,-77.724754,-72.78703,-200.0,-93.9984,-89.29646,-82.67587,-200.0
2022-06-25 19:42:58 +0000 ,-62.25025,-200.0,-60.17397,-70.65034,-70.23341,-68.803,-200.0,-70.47382,-66.14376,-77.33813,-89.960884,-90.478386,-84.14585,-77.5447,-72.44283,-85.747696,-94.25352,-200.0,-200.0,-87.39842
2022-06-25 19:42:59 +0000 ,-62.219345,-200.0,-60.15085,-70.723694,-69.90305,-68.73401,-72.83089,-200.0,-66.06755,-77.51319,-90.05329,-200.0,-200.0,-77.65712,-72.07106,-85.91412,-200.0,-89.3249,-83.22077,-87.969505
2022-06-25 19:43:00 +0000 ,-62.105984,-200.0,-60.13222,-70.75581,-200.0,-68.648705,-72.38794,-200.0,-65.94959,-77.4224,-90.241486,-90.19034,-200.0,-77.30405,-200.0,-86.14155,-200.0,-89.50159,-83.531044,-88.378426
2022-06-25 19:43:01 +0000 ,-62.06735,-200.0,-200.0,-70.61565,-200.0,-68.57703,-72.9607,-70.50864,-200.0,-200.0,-200.0,-89.9483,-84.423645,-200.0,-72.90178,-200.0,-200.0,-89.50001,-83.70177,-200.0
2022-06-25 19:43:02 +0000 ,-200.0,-200.0,-200.0,-200.0,-69.755806,-200.0,-73.9057,-70.74147,-65.84898,-77.34881,-90.58813,-89.82205,-84.73526,-76.92819,-73.73118,-200.0,-200.0,-89.444756,-84.09595,-88.50096
2022-06-25 19:43:03 +0000 ,-62.14038,-200.0,-60.11685,-70.8453,-69.60107,-68.35556,-200.0,-71.07461,-65.76213,-77.311844,-90.782295,-89.73795,-84.97521,-76.938354,-73.830475,-86.00608,-200.0,-200.0,-200.0,-88.47368
2022-06-25 19:43:04 +0000 ,-61.996037,-200.0,-60.103935,-70.5486,-69.44201,-68.03716,-74.0418,-72.02587,-65.68642,-77.04766,-90.75284,-200.0,-85.41462,-77.19425,-73.59754,-85.78441,-200.0,-89.39764,-84.50958,-88.425224
2022-06-25 19:43:05 +0000 ,-61.872955,-200.0,-60.092922,-70.17194,-69.44904,-68.0363,-73.93523,-200.0,-65.61987,-76.820114,-90.75327,-89.363785,-200.0,-77.53966,-200.0,-85.59535,-200.0,-89.356964,-84.47951,-88.45819
2022-06-25 19:43:06 +0000 ,-61.714916,-200.0,-200.0,-69.93786,-200.0,-69.0841,-73.767105,-72.11706,-200.0,-200.0,-200.0,-89.234406,-85.19323,-200.0,-74.446945,-200.0,-94.08416,-89.3215,-84.03168,-200.0
2022-06-25 19:43:07 +0000 ,-200.0,-200.0,-200.0,-200.0,-69.42943,-200.0,-73.5958,-71.906746,-65.84877,-76.86391,-90.77671,-89.42796,-84.93356,-77.58056,-74.53706,-200.0,-93.82676,-89.1435,-84.057785,-88.804375
2022-06-25 19:43:08 +0000 ,-62.990887,-200.0,-60.08342,-69.89768,-69.318596,-69.15977,-200.0,-71.86873,-65.93079,-76.97181,-90.72683,-89.52664,-84.8938,-77.52635,-74.37092,-85.97414,-93.61444,-200.0,-200.0,-88.987045
2022-06-25 19:43:09 +0000 ,-63.517982,-200.0,-60.07513,-69.8365,-69.336716,-69.00622,-73.44424,-200.0,-65.937164,-77.13854,-90.65993,-200.0,-85.54033,-77.4779,-74.45396,-86.24779,-93.43604,-89.227684,-83.52283,-88.72794
2022-06-25 19:43:10 +0000 ,-63.445168,-200.0,-60.06785,-69.82925,-200.0,-68.77412,-73.30939,-200.0,-66.08072,-77.240135,-90.875595,-89.639946,-200.0,-77.50336,-200.0,-86.491066,-200.0,-89.25169,-82.820435,-88.31508
2022-06-25 19:43:11 +0000 ,-63.31373,-200.0,-60.34918,-69.84477,-69.39703,-200.0,-73.188866,-71.881195,-200.0,-200.0,-200.0,-89.350105,-86.04002,-200.0,-74.0432,-200.0,-93.0434,-89.29827,-82.47163,-200.0
2022-06-25 19:43:12 +0000 ,-200.0,-200.0,-200.0,-200.0,-69.51957,-200.0,-200.0,-71.821556,-66.11706,-77.30924,-200.0,-89.23138,-85.848816,-77.27511,-73.70377,-200.0,-92.7072,-89.431015,-81.833305,-88.26723
2022-06-25 19:43:13 +0000 ,-63.19543,-200.0,-60.407112,-69.65402,-69.71944,-68.93534,-200.0,-71.74593,-66.038925,-77.43968,-90.9522,-89.68448,-85.706985,-77.32107,-73.66539,-86.8013,-92.663895,-200.0,-200.0,-88.12848
2022-06-25 19:43:14 +0000 ,-63.021004,-200.0,-60.36964,-69.55239,-70.05608,-68.87008,-73.01182,-200.0,-65.94681,-77.57901,-90.88879,-200.0,-86.11762,-77.402725,-73.69506,-86.958496,-92.69648,-89.50405,-81.40094,-87.93843
2022-06-25 19:43:15 +0000 ,-62.8418,-200.0,-60.33602,-69.70505,-200.0,-68.703094,-72.830666,-200.0,-66.06382,-77.772224,-90.9444,-200.0,-200.0,-77.45538,-200.0,-86.91488,-200.0,-89.54833,-81.3003,-200.0
2022-06-25 19:43:16 +0000 ,-62.679436,-200.0,-200.0,-70.30832,-200.0,-68.41765,-72.53183,-71.47133,-200.0,-200.0,-200.0,-89.90842,-86.10151,-200.0,-200.0,-200.0,-92.79725,-89.58839,-81.27368,-200.0
2022-06-25 19:43:17 +0000 ,-200.0,-200.0,-200.0,-200.0,-70.13645,-200.0,-200.0,-71.15876,-66.16717,-77.83496,-90.77015,-89.80416,-85.91625,-77.63617,-73.454636,-86.48707,-92.909546,-89.62467,-81.45003,-87.63212
2022-06-25 19:43:18 +0000 ,-62.665115,-200.0,-60.988194,-70.31802,-70.19099,-68.049545,-200.0,-70.94438,-66.23993,-77.84944,-90.527145,-89.7124,-85.68165,-77.97516,-73.35109,-86.12948,-93.009926,-200.0,-200.0,-87.37875
2022-06-25 19:43:19 +0000 ,-62.62814,-200.0,-61.657528,-69.9168,-70.195435,-67.69431,-72.21865,-70.9064,-66.37212,-77.597664,-90.24012,-200.0,-85.579834,-78.78767,-73.58536,-85.91772,-93.03105,-89.458084,-81.4077,-87.30309
2022-06-25 19:43:20 +0000 ,-62.573452,-200.0,-62.085495,-69.55473,-200.0,-67.50403,-72.13539,-200.0,-66.447624,-200.0,-200.0,-89.9151,-200.0,-79.60845,-200.0,-85.74767,-200.0,-89.11086,-81.21848,-87.0779
2022-06-25 19:43:21 +0000 ,-62.523666,-200.0,-62.430576,-69.31195,-69.98039,-67.57111,-72.190025,-70.847824,-200.0,-200.0,-200.0,-89.98565,-85.265305,-200.0,-73.75063,-200.0,-93.0965,-88.752945,-80.95932,-200.0
2022-06-25 19:43:22 +0000 ,-200.0,-200.0,-200.0,-200.0,-69.655815,-200.0,-200.0,-70.773445,-66.49547,-77.28443,-90.35409,-89.986885,-85.02665,-79.94123,-73.85911,-200.0,-92.97412,-88.8879,-80.76822,-87.205986
2022-06-25 19:43:23 +0000 ,-62.60965,-200.0,-62.477684,-69.177376,-69.404854,-67.30022,-200.0,-70.77211,-66.60462,-76.99928,-90.45214,-89.98803,-84.785446,-79.988106,-73.826584,-85.45996,-92.53022,-200.0,-200.0,-87.58021
2022-06-25 19:43:24 +0000 ,-62.664288,-200.0,-62.502182,-69.075615,-69.13145,-67.12479,-71.99584,-200.0,-66.79046,-76.87086,-90.49958,-200.0,-84.54468,-80.054565,-73.886215,-85.15644,-91.975876,-88.63209,-81.53444,-87.89734
2022-06-25 19:43:25 +0000 ,-62.693256,-200.0,-62.545525,-69.11366,-200.0,-67.027565,-71.73501,-71.25403,-66.91552,-200.0,-90.4773,-200.0,-200.0,-80.070694,-200.0,-84.74821,-200.0,-88.10062,-81.73901,-87.9689
2022-06-25 19:43:26 +0000 ,-62.78503,-200.0,-200.0,-69.32072,-69.18838,-66.80804,-71.49757,-71.77387,-200.0,-200.0,-200.0,-89.98907,-84.1288,-200.0,-73.85146,-200.0,-91.65116,-87.63961,-81.47895,-200.0
2022-06-25 19:43:27 +0000 ,-200.0,-200.0,-200.0,-200.0,-68.952446,-200.0,-200.0,-72.16084,-67.20466,-76.861115,-90.37069,-90.12087,-84.20956,-79.80355,-73.90877,-84.59884,-91.41954,-87.239815,-81.24451,-88.23331
2022-06-25 19:43:28 +0000 ,-62.69381,-200.0,-62.519154,-69.55132,-68.547,-66.762085,-200.0,-72.29607,-67.465805,-76.74224,-90.18723,-90.21746,-84.38447,-79.7373,-74.06796,-84.28355,-91.208885,-200.0,-200.0,-88.49254
2022-06-25 19:43:29 +0000 ,-62.61336,-200.0,-62.53986,-69.89228,-68.22122,-66.65203,-71.346924,-200.0,-67.55324,-76.526764,-90.19478,-200.0,-84.78419,-79.82502,-74.5601,-83.97822,-91.08295,-87.26647,-81.57344,-88.64309
2022-06-25 19:43:30 +0000 ,-62.62581,-200.0,-62.645172,-70.04975,-68.40051,-66.50998,-71.03388,-200.0,-67.52649,-200.0,-90.32922,-90.08902,-200.0,-79.860794,-200.0,-83.65525,-200.0,-87.285126,-81.90965,-88.694565
2022-06-25 19:43:31 +0000 ,-62.72304,-200.0,-62.827515,-70.00114,-200.0,-66.96658,-70.62036,-72.42224,-200.0,-200.0,-200.0,-89.974594,-84.97171,-200.0,-74.78764,-200.0,-200.0,-87.32578,-82.110016,-200.0
2022-06-25 19:43:32 +0000 ,-200.0,-200.0,-200.0,-200.0,-68.18871,-200.0,-200.0,-72.49287,-67.41624,-76.30928,-90.60307,-89.89086,-84.79958,-80.13301,-74.95683,-200.0,-90.92349,-87.6441,-82.272285,-88.655655
2022-06-25 19:43:33 +0000 ,-62.832615,-200.0,-63.01472,-69.9803,-67.89436,-67.11472,-200.0,-72.47126,-67.42485,-76.04552,-90.7645,-89.81438,-84.6895,-80.46467,-75.19722,-83.405266,-90.82277,-200.0,-200.0,-88.72957
2022-06-25 19:43:34 +0000 ,-63.062813,-200.0,-63.25086,-69.78688,-67.71116,-66.90967,-70.41824,-72.95235,-67.47417,-75.78385,-90.870514,-200.0,-200.0,-80.70275,-75.56767,-83.06732,-91.144356,-87.887726,-82.42054,-88.77351
2022-06-25 19:43:35 +0000 ,-63.37964,-200.0,-63.487247,-69.677986,-200.0,-66.66012,-70.49197,-73.297264,-67.51923,-75.54484,-200.0,-89.7445,-200.0,-80.83465,-200.0,-82.71725,-200.0,-87.93882,-82.49097,-88.79294
2022-06-25 19:43:36 +0000 ,-63.624928,-200.0,-200.0,-69.81485,-200.0,-66.88714,-70.686844,-73.39911,-200.0,-200.0,-200.0,-89.61561,-84.695404,-200.0,-76.01267,-200.0,-91.17074,-87.81405,-82.534615,-200.0
2022-06-25 19:43:37 +0000 ,-200.0,-200.0,-200.0,-200.0,-67.499435,-200.0,-200.0,-73.385605,-67.69038,-75.32648,-200.0,-89.4771,-84.5915,-80.86952,-76.11515,-200.0,-91.06997,-87.528595,-82.83446,-89.00572
2022-06-25 19:43:38 +0000 ,-200.0,-200.0,-63.44254,-70.326935,-67.22023,-66.97967,-200.0,-73.35253,-67.88822,-75.126945,-90.90234,-89.48048,-84.520096,-80.8807,-76.23523,-82.33242,-90.97797,-200.0,-200.0,-89.262344
2022-06-25 19:43:39 +0000 ,-63.69848,-200.0,-63.318687,-70.83359,-66.94432,-66.916435,-70.69013,-200.0,-67.939186,-75.074615,-90.97573,-200.0,-200.0,-80.955864,-76.841095,-81.96019,-91.02423,-87.35621,-82.996445,-89.43194
2022-06-25 19:43:40 +0000 ,-63.659348,-200.0,-63.2706,-70.82144,-200.0,-66.77298,-70.956406,-73.19228,-67.879456,-200.0,-200.0,-89.65493,-200.0,-81.04527,-200.0,-81.48997,-200.0,-87.17508,-83.01745,-89.501305
2022-06-25 19:43:41 +0000 ,-63.537937,-200.0,-63.442505,-70.47067,-200.0,-200.0,-71.10817,-73.13438,-200.0,-200.0,-200.0,-89.85581,-85.19022,-200.0,-77.73468,-200.0,-91.1731,-86.92386,-83.14584,-200.0
2022-06-25 19:43:42 +0000 ,-200.0,-200.0,-200.0,-200.0,-67.14681,-200.0,-200.0,-73.187836,-67.934006,-74.87325,-91.06351,-90.10439,-85.7707,-81.321785,-77.70461,-200.0,-91.26479,-86.60855,-83.369545,-89.41413
2022-06-25 19:43:43 +0000 ,-63.79585,-200.0,-63.596752,-70.47746,-67.54175,-66.75103,-200.0,-73.322365,-67.83052,-74.69204,-91.01381,-90.28741,-86.21855,-81.57175,-77.45236,-81.53943,-91.39289,-200.0,-200.0,-89.35797
2022-06-25 19:43:44 +0000 ,-64.15579,-200.0,-63.717014,-70.60781,-67.9235,-66.83728,-70.98955,-200.0,-67.67383,-74.67701,-90.66714,-200.0,-200.0,-81.64978,-77.43718,-81.42528,-200.0,-86.88392,-83.075356,-89.132545
2022-06-25 19:43:45 +0000 ,-64.80947,-200.0,-63.891914,-70.79189,-68.14267,-66.93683,-71.014015,-200.0,-67.59547,-74.83456,-90.26743,-89.914635,-200.0,-81.614845,-200.0,-81.282364,-200.0,-87.32189,-82.7707,-88.92929
2022-06-25 19:43:46 +0000 ,-65.510574,-200.0,-64.13745,-71.175606,-68.69118,-67.02784,-71.09851,-73.85571,-200.0,-200.0,-200.0,-89.4083,-86.43319,-200.0,-77.48536,-200.0,-91.59568,-87.5276,-82.728264,-200.0
2022-06-25 19:43:47 +0000 ,-200.0,-200.0,-200.0,-200.0,-68.99224,-200.0,-200.0,-74.27267,-67.609406,-74.890114,-90.226685,-89.07518,-86.56734,-81.82183,-77.39959,-81.30244,-91.736755,-87.653625,-82.946236,-88.829056
2022-06-25 19:43:48 +0000 ,-65.956894,-200.0,-64.05789,-71.913025,-69.16409,-67.04614,-200.0,-74.72164,-67.51303,-74.89953,-90.16304,-88.747055,-86.49523,-81.96403,-77.3447,-81.23227,-91.71505,-200.0,-200.0,-88.75809
2022-06-25 19:43:49 +0000 ,-66.10822,-200.0,-64.01154,-72.23642,-69.32122,-67.04219,-71.305695,-200.0,-67.38355,-74.97304,-89.86872,-200.0,-86.17251,-81.987785,-77.5748,-81.25663,-91.783714,-87.314545,-82.94799,-88.5634
2022-06-25 19:43:50 +0000 ,-66.18454,-200.0,-64.075485,-72.19266,-200.0,-67.103485,-71.276665,-74.719086,-67.33005,-200.0,-89.53756,-88.75086,-200.0,-82.05373,-200.0,-81.38524,-200.0,-87.24911,-82.80196,-88.21422
2022-06-25 19:43:51 +0000 ,-66.05964,-200.0,-200.0,-72.0906,-68.81591,-67.4398,-70.907555,-74.50703,-200.0,-200.0,-200.0,-88.92266,-85.685555,-200.0,-77.21897,-200.0,-91.82293,-87.248474,-82.58286,-200.0
2022-06-25 19:43:52 +0000 ,-200.0,-200.0,-200.0,-200.0,-68.47151,-200.0,-200.0,-74.22754,-67.56137,-74.41183,-89.4295,-89.10043,-84.874435,-81.87513,-77.20593,-200.0,-91.90303,-87.357,-82.36184,-88.178055
2022-06-25 19:43:53 +0000 ,-66.33764,-200.0,-64.47922,-71.73771,-68.000435,-67.570465,-200.0,-74.016205,-67.72584,-73.82165,-89.39274,-88.873634,-83.834656,-81.82377,-77.16478,-81.523506,-91.93203,-200.0,-200.0,-88.05371
2022-06-25 19:43:54 +0000 ,-66.60683,-200.0,-64.562325,-71.397194,-67.16251,-67.34765,-70.617195,-200.0,-67.6402,-73.45319,-89.48892,-200.0,-83.016556,-82.098404,-76.93533,-81.585,-91.743095,-87.23804,-82.224625,-87.81309
2022-06-25 19:43:55 +0000 ,-66.74672,-200.0,-64.38438,-71.04162,-200.0,-67.06119,-70.32819,-200.0,-67.62963,-73.092766,-89.94272,-200.0,-200.0,-82.23759,-200.0,-81.49069,-200.0,-86.98164,-81.99005,-87.57237
2022-06-25 19:43:56 +0000 ,-66.918846,-200.0,-64.56972,-70.69579,-200.0,-66.929016,-70.36787,-73.84366,-200.0,-200.0,-200.0,-88.866615,-82.84969,-200.0,-76.55439,-200.0,-91.24864,-86.98605,-81.79909,-200.0
2022-06-25 19:43:57 +0000 ,-200.0,-200.0,-200.0,-200.0,-66.48757,-200.0,-70.247925,-73.75077,-68.18041,-73.32658,-90.136604,-89.093376,-83.05723,-82.17305,-76.42424,-81.428,-90.84363,-87.20258,-81.77492,-87.741585
2022-06-25 19:43:58 +0000 ,-66.90226,-200.0,-64.60369,-70.50934,-65.93245,-66.654854,-200.0,-73.68653,-68.39529,-73.661606,-90.0807,-89.34209,-83.114365,-82.072685,-76.38794,-81.26155,-90.51467,-200.0,-200.0,-88.08528
2022-06-25 19:43:59 +0000 ,-66.76018,-200.0,-64.61693,-70.380196,-65.424835,-66.342125,-69.8608,-200.0,-68.44703,-74.14195,-89.92334,-200.0,-82.90991,-82.045784,-76.35475,-81.00309,-90.40857,-87.247284,-81.664406,-88.355354
2022-06-25 19:44:00 +0000 ,-66.609566,-200.0,-64.58481,-70.32699,-200.0,-66.05616,-69.37988,-73.75756,-68.753876,-74.90278,-89.888535,-89.24508,-200.0,-82.10675,-200.0,-80.810974,-200.0,-87.03147,-81.521996,-88.64652
2022-06-25 19:44:01 +0000 ,-66.53673,-200.0,-64.40499,-70.169235,-64.96066,-65.85955,-68.919464,-73.86388,-200.0,-200.0,-200.0,-89.247635,-83.05023,-200.0,-75.99998,-200.0,-90.178925,-86.7072,-81.52154,-200.0
2022-06-25 19:44:02 +0000 ,-200.0,-200.0,-200.0,-200.0,-64.40645,-200.0,-200.0,-73.89621,-68.85764,-75.356766,-90.09273,-89.312004,-83.04308,-82.118286,-76.02635,-80.91557,-89.90689,-86.779305,-81.56248,-88.67392
2022-06-25 19:44:03 +0000 ,-66.29614,-200.0,-64.39387,-70.17828,-63.92318,-65.57067,-68.62826,-73.90509,-68.74007,-75.6685,-90.2766,-89.37087,-82.953835,-82.04328,-75.870804,-80.83437,-89.9177,-200.0,-200.0,-88.421616
2022-06-25 19:44:04 +0000 ,-66.079,-200.0,-64.315956,-70.18371,-63.63171,-65.26516,-68.46824,-200.0,-68.9156,-75.95356,-90.488945,-200.0,-82.9371,-81.88914,-75.560295,-80.67741,-90.010315,-86.90443,-81.729675,-88.12886
2022-06-25 19:44:05 +0000 ,-65.966,-200.0,-64.203354,-70.16799,-200.0,-65.050674,-68.2777,-73.91321,-69.30927,-200.0,-200.0,-89.684235,-200.0,-81.66262,-200.0,-80.72854,-200.0,-86.73863,-81.92392,-87.86115
2022-06-25 19:44:06 +0000 ,-65.883354,-200.0,-200.0,-70.2185,-63.471424,-64.87521,-68.0828,-73.92064,-200.0,-200.0,-200.0,-90.0535,-83.00737,-200.0,-75.45032,-200.0,-89.77056,-86.50431,-82.03667,-200.0
2022-06-25 19:44:07 +0000 ,-200.0,-200.0,-200.0,-200.0,-63.34553,-200.0,-69.20234,-73.92743,-69.19156,-76.14933,-90.57403,-90.45604,-83.02742,-81.43481,-75.34691,-200.0,-89.51282,-86.549576,-82.11909,-87.61635
2022-06-25 19:44:08 +0000 ,-65.74289,-200.0,-64.29505,-70.28536,-63.230404,-64.844536,-200.0,-73.86875,-69.11314,-76.632095,-90.61048,-90.65018,-83.02508,-81.291374,-75.491196,-80.707565,-89.3627,-200.0,-200.0,-87.3925
2022-06-25 19:44:09 +0000 ,-65.72353,-200.0,-64.44093,-70.28162,-63.12513,-64.79296,-69.27702,-200.0,-69.038574,-76.78764,-90.773575,-200.0,-83.282455,-81.245766,-76.03024,-80.64702,-89.31098,-86.54391,-82.25934,-87.058044
2022-06-25 19:44:10 +0000 ,-65.747185,-200.0,-64.63921,-70.25752,-200.0,-64.78999,-68.91106,-74.118835,-68.884834,-76.54627,-200.0,-90.89543,-200.0,-81.22474,-200.0,-80.65655,-200.0,-86.367615,-82.34338,-86.710846
2022-06-25 19:44:11 +0000 ,-65.76882,-200.0,-200.0,-69.84621,-200.0,-64.74309,-68.6413,-74.19138,-200.0,-200.0,-200.0,-90.83664,-83.14636,-200.0,-75.97776,-200.0,-200.0,-86.10017,-82.33469,-200.0
2022-06-25 19:44:12 +0000 ,-200.0,-200.0,-200.0,-200.0,-62.8991,-200.0,-200.0,-74.23989,-68.65869,-76.37263,-90.899185,-90.679504,-82.81228,-81.14063,-75.91763,-200.0,-89.47903,-85.83492,-82.306046,-86.32847
2022-06-25 19:44:13 +0000 ,-65.918365,-200.0,-64.58168,-70.12459,-62.65106,-64.74439,-200.0,-74.36981,-68.4961,-76.51472,-90.9285,-90.66557,-82.68075,-81.043045,-75.8598,-80.55617,-89.629845,-200.0,-200.0,-86.0879
2022-06-25 19:44:14 +0000 ,-65.836945,-200.0,-64.44635,-70.49752,-62.42424,-64.636505,-68.35041,-200.0,-68.497856,-77.24641,-90.99949,-200.0,-83.27132,-81.018684,-75.78624,-80.48791,-89.68219,-85.59238,-82.53939,-85.97415
2022-06-25 19:44:15 +0000 ,-65.74466,-200.0,-64.25771,-70.66743,-200.0,-64.49649,-68.128624,-75.612274,-68.54082,-200.0,-91.21485,-200.0,-200.0,-81.2766,-200.0,-80.51105,-200.0,-85.37058,-82.70571,-85.95568
2022-06-25 19:44:16 +0000 ,-65.74583,-200.0,-63.99966,-70.52191,-62.346592,-64.368454,-67.946495,-75.67256,-200.0,-200.0,-200.0,-90.69418,-83.30444,-200.0,-75.65409,-200.0,-89.77426,-85.167755,-82.816444,-200.0
2022-06-25 19:44:17 +0000 ,-200.0,-200.0,-200.0,-200.0,-62.1223,-200.0,-200.0,-75.27278,-69.29379,-77.49699,-91.25851,-90.72035,-83.366806,-81.53029,-75.707214,-200.0,-89.879135,-85.112045,-83.04747,-86.089226
2022-06-25 19:44:18 +0000 ,-65.89734,-200.0,-63.80789,-70.176384,-61.79028,-64.381134,-200.0,-74.90721,-69.8854,-77.47514,-91.36615,-91.06869,-83.83094,-81.7416,-75.817825,-80.55288,-89.975044,-200.0,-200.0,-86.12295
2022-06-25 19:44:19 +0000 ,-65.81772,-200.0,-63.71809,-69.94882,-61.59575,-64.36921,-67.779945,-200.0,-70.06348,-77.30473,-91.376175,-200.0,-200.0,-81.80506,-76.17849,-80.65602,-89.997856,-85.232216,-83.04056,-86.04755
2022-06-25 19:44:20 +0000 ,-65.59732,-200.0,-63.591766,-69.91184,-200.0,-64.27274,-67.627655,-200.0,-69.94896,-77.04266,-200.0,-200.0,-200.0,-81.69198,-200.0,-80.90077,-200.0,-85.31859,-83.0164,-85.828156
2022-06-25 19:44:21 +0000 ,-65.43998,-200.0,-200.0,-70.04915,-200.0,-64.09897,-67.55327,-74.572914,-200.0,-200.0,-200.0,-200.0,-84.16411,-200.0,-76.13685,-200.0,-90.19268,-85.37689,-83.14476,-200.0
2022-06-25 19:44:22 +0000 ,-200.0,-200.0,-200.0,-200.0,-61.45922,-200.0,-200.0,-74.26723,-69.71732,-77.2365,-91.27911,-91.49059,-84.40674,-81.54722,-76.018906,-81.23082,-90.43288,-85.365326,-200.0,-85.975464
2022-06-25 19:44:23 +0000 ,-65.51143,-200.0,-63.58534,-70.21606,-61.334373,-63.98427,-200.0,-73.92281,-69.67947,-77.36386,-91.29943,-91.68177,-84.04469,-81.5446,-75.99661,-81.358665,-90.65252,-200.0,-200.0,-86.16936
2022-06-25 19:44:24 +0000 ,-65.573906,-200.0,-63.55594,-70.23892,-61.220207,-63.83518,-67.37616,-200.0,-69.70689,-77.28853,-91.48913,-200.0,-200.0,-81.583565,-76.12666,-81.348656,-200.0,-85.39895,-83.23862,-86.19622
2022-06-25 19:44:25 +0000 ,-65.350845,-200.0,-63.508373,-70.088715,-200.0,-63.678165,-67.30262,-74.690155,-69.861725,-77.567566,-91.76884,-91.859436,-200.0,-81.74896,-200.0,-81.253944,-200.0,-85.58013,-83.238884,-86.114555
2022-06-25 19:44:26 +0000 ,-65.12903,-200.0,-200.0,-69.91,-61.24557,-63.66435,-67.341606,-74.70527,-200.0,-200.0,-200.0,-91.84794,-84.37097,-200.0,-76.22206,-200.0,-90.78849,-85.78716,-83.21845,-200.0
2022-06-25 19:44:27 +0000 ,-200.0,-200.0,-200.0,-200.0,-61.245235,-200.0,-200.0,-74.777534,-69.85003,-77.42775,-91.91553,-91.71051,-84.67862,-81.87668,-76.09398,-200.0,-90.89214,-85.97649,-83.19977,-85.88944
2022-06-25 19:44:28 +0000 ,-65.46591,-200.0,-63.399998,-70.070984,-61.28913,-63.95259,-200.0,-74.9028,-69.90706,-77.134476,-92.008316,-91.758804,-84.61771,-81.907906,-75.72018,-81.27643,-91.11669,-200.0,-200.0,-85.642235
2022-06-25 19:44:29 +0000 ,-65.35547,-200.0,-63.020695,-70.19182,-61.34995,-64.234,-67.268166,-200.0,-70.06545,-76.931175,-92.22292,-200.0,-200.0,-81.91579,-75.25146,-81.40322,-200.0,-86.01985,-82.98804,-85.48105
2022-06-25 19:44:30 +0000 ,-65.06838,-200.0,-62.65601,-70.26096,-200.0,-64.47066,-67.15966,-75.2562,-70.360725,-77.15523,-200.0,-91.73524,-200.0,-82.44203,-200.0,-81.60472,-200.0,-86.08303,-82.6675,-85.41922
2022-06-25 19:44:31 +0000 ,-65.19514,-200.0,-62.408092,-70.77836,-200.0,-65.07634,-67.12533,-75.46743,-200.0,-200.0,-200.0,-91.672325,-84.738815,-200.0,-75.12656,-200.0,-91.36338,-86.22637,-82.48348,-200.0
2022-06-25 19:44:32 +0000 ,-200.0,-200.0,-200.0,-200.0,-61.340687,-200.0,-67.76342,-75.403915,-70.542336,-77.094894,-92.395645,-91.42016,-84.73764,-82.76427,-75.11572,-81.74477,-91.58897,-86.44299,-82.61607,-85.577995
2022-06-25 19:44:33 +0000 ,-65.11071,-200.0,-62.26694,-70.74742,-61.31154,-65.3001,-200.0,-75.08916,-70.472404,-76.91566,-92.53291,-91.12754,-84.47989,-82.95554,-75.10582,-81.852165,-91.86013,-200.0,-200.0,-85.525696
2022-06-25 19:44:34 +0000 ,-64.93012,-200.0,-62.418068,-70.51235,-61.220005,-65.42486,-67.84,-200.0,-70.47619,-77.01128,-92.72331,-200.0,-84.37679,-83.130455,-75.03189,-81.95037,-200.0,-86.59689,-82.94979,-85.395164
2022-06-25 19:44:35 +0000 ,-64.894745,-200.0,-62.379448,-70.36228,-61.050743,-65.62451,-67.81233,-200.0,-70.45612,-76.72726,-200.0,-200.0,-200.0,-83.290405,-200.0,-82.16993,-200.0,-86.78182,-82.907036,-85.210915
2022-06-25 19:44:36 +0000 ,-64.77399,-200.0,-200.0,-70.50525,-61.199688,-200.0,-68.02303,-74.60953,-200.0,-200.0,-200.0,-90.98972,-84.47432,-200.0,-74.81384,-200.0,-91.86925,-87.03648,-82.67899,-200.0
2022-06-25 19:44:37 +0000 ,-200.0,-200.0,-200.0,-200.0,-61.374397,-200.0,-68.34262,-74.32423,-70.4171,-76.45257,-200.0,-90.90505,-84.73462,-83.242035,-74.5731,-82.606705,-91.794876,-87.16028,-82.579544,-85.34615
2022-06-25 19:44:38 +0000 ,-200.0,-200.0,-62.26143,-70.32941,-61.448597,-65.82776,-200.0,-74.320015,-70.38142,-76.17785,-92.9181,-90.82762,-85.07887,-83.200645,-74.482704,-82.873505,-91.92151,-200.0,-200.0,-85.24881
2022-06-25 19:44:39 +0000 ,-64.75197,-200.0,-62.153503,-70.10943,-61.495773,-65.94873,-68.39602,-200.0,-70.348785,-76.1006,-200.0,-200.0,-200.0,-83.37811,-74.44141,-82.99056,-92.09934,-87.03748,-82.59484,-85.0564
2022-06-25 19:44:40 +0000 ,-64.773186,-200.0,-62.119694,-69.92895,-200.0,-66.03867,-68.29725,-200.0,-70.31894,-76.15687,-200.0,-90.62705,-200.0,-83.66731,-200.0,-83.01205,-200.0,-86.92804,-82.6295,-84.945335
2022-06-25 19:44:41 +0000 ,-64.85747,-200.0,-62.239212,-69.699036,-61.668674,-66.38044,-68.121376,-74.248436,-200.0,-200.0,-200.0,-90.40228,-85.15484,-200.0,-74.46852,-200.0,-92.06732,-86.84864,-82.92072,-200.0
2022-06-25 19:44:42 +0000 ,-200.0,-200.0,-200.0,-200.0,-61.73838,-200.0,-200.0,-73.94698,-70.55118,-76.22901,-92.96646,-90.261635,-85.14159,-83.75781,-74.513985,-200.0,-92.10577,-200.0,-83.33462,-85.18886
2022-06-25 19:44:43 +0000 ,-65.084984,-200.0,-62.324978,-69.53299,-61.69588,-66.45128,-200.0,-73.54441,-70.91114,-76.2301,-92.96933,-90.218575,-85.19436,-83.71365,-74.62045,-83.20566,-92.182274,-200.0,-200.0,-85.45005
2022-06-25 19:44:44 +0000 ,-65.33439,-200.0,-62.317852,-69.66135,-61.63634,-66.47754,-68.06964,-200.0,-71.26098,-76.14554,-93.036835,-200.0,-200.0,-83.84724,-200.0,-83.12034,-92.381996,-87.03555,-83.53915,-85.73309
2022-06-25 19:44:45 +0000 ,-65.432686,-200.0,-62.22578,-69.731674,-200.0,-66.65199,-67.9988,-200.0,-72.03504,-200.0,-93.11924,-90.00524,-200.0,-84.22606,-200.0,-82.87405,-200.0,-87.159424,-83.66413,-86.207245
2022-06-25 19:44:46 +0000 ,-65.35146,-200.0,-200.0,-69.36536,-200.0,-66.98264,-67.913345,-73.22048,-200.0,-200.0,-200.0,-89.813,-85.457924,-200.0,-74.41408,-200.0,-92.346466,-87.16646,-83.71355,-200.0
2022-06-25 19:44:47 +0000 ,-200.0,-200.0,-200.0,-200.0,-61.517014,-200.0,-200.0,-72.94495,-72.56322,-76.177284,-93.12972,-89.593,-85.63122,-84.37498,-74.25173,-83.082306,-92.23127,-87.28198,-83.73805,-86.378456
2022-06-25 19:44:48 +0000 ,-65.23583,-200.0,-62.056026,-69.03607,-61.322342,-67.261475,-200.0,-72.692986,-72.942825,-76.05303,-93.118614,-89.37115,-85.61857,-84.36356,-74.20952,-83.222855,-92.38544,-200.0,-200.0,-86.43164
2022-06-25 19:44:49 +0000 ,-65.19498,-200.0,-62.13964,-69.035835,-61.18853,-67.56066,-68.54888,-72.98163,-72.706024,-75.94226,-92.97871,-200.0,-200.0,-84.46222,-74.19159,-83.354225,-200.0,-87.16945,-83.9551,-86.54514
2022-06-25 19:44:50 +0000 ,-65.1783,-200.0,-62.03929,-69.312965,-200.0,-67.79004,-68.838455,-200.0,-72.30339,-200.0,-200.0,-89.16828,-200.0,-85.11283,-200.0,-83.43015,-200.0,-86.983826,-84.08585,-86.66962
2022-06-25 19:44:51 +0000 ,-65.16305,-200.0,-61.994576,-69.56354,-61.151726,-68.23865,-68.872955,-73.08659,-200.0,-200.0,-200.0,-89.04765,-85.695404,-200.0,-74.1752,-200.0,-200.0,-86.81409,-84.22894,-200.0
2022-06-25 19:44:52 +0000 ,-200.0,-200.0,-200.0,-200.0,-61.203625,-200.0,-200.0,-73.014305,-72.064964,-75.86164,-92.93917,-88.95802,-85.80702,-85.094635,-74.09533,-200.0,-200.0,-86.918396,-84.25071,-86.329285
2022-06-25 19:44:53 +0000 ,-65.473495,-200.0,-62.124798,-200.0,-61.206882,-68.0179,-69.14334,-72.86264,-71.82341,-76.11232,-93.009254,-89.13558,-85.649574,-84.70011,-74.00161,-83.349144,-92.47938,-200.0,-200.0,-85.9382
2022-06-25 19:44:54 +0000 ,-65.73101,-200.0,-62.350117,-69.18808,-61.189182,-67.653465,-69.343544,-200.0,-71.7116,-76.63958,-92.704735,-200.0,-85.22824,-84.29799,-73.9808,-83.23372,-92.2644,-87.16137,-83.83997,-85.60126
2022-06-25 19:44:55 +0000 ,-66.0549,-200.0,-62.576836,-68.7884,-200.0,-67.21112,-69.48527,-72.703285,-71.78048,-200.0,-91.977806,-200.0,-200.0,-84.38442,-200.0,-83.19305,-200.0,-86.88519,-83.7296,-85.358025
2022-06-25 19:44:56 +0000 ,-66.522194,-200.0,-63.368076,-68.65891,-200.0,-66.57063,-69.4851,-72.49267,-200.0,-200.0,-200.0,-89.25089,-84.8458,-200.0,-74.63124,-200.0,-91.92022,-86.467224,-83.94737,-200.0
2022-06-25 19:44:57 +0000 ,-200.0,-200.0,-200.0,-200.0,-61.886677,-200.0,-200.0,-72.2794,-71.755066,-76.79448,-91.79362,-89.25011,-84.45188,-84.218925,-74.784004,-82.91701,-91.77946,-85.89037,-84.40319,-85.54556
2022-06-25 19:44:58 +0000 ,-66.536705,-200.0,-63.693798,-68.60254,-62.492428,-66.70147,-200.0,-71.95462,-71.62559,-76.87695,-91.81127,-89.098946,-84.13587,-84.13817,-74.78181,-82.38723,-91.90741,-200.0,-200.0,-85.77624
2022-06-25 19:44:59 +0000 ,-66.53498,-200.0,-63.870434,-68.61587,-62.963646,-66.744835,-69.184074,-200.0,-71.35674,-77.03792,-91.827415,-200.0,-83.93246,-83.99659,-74.99511,-82.03539,-91.89181,-85.88477,-83.71419,-85.77186
2022-06-25 19:45:00 +0000 ,-66.76941,-200.0,-63.987755,-68.648735,-200.0,-66.61623,-69.02073,-200.0,-71.06954,-77.59508,-200.0,-200.0,-84.221275,-83.89065,-200.0,-82.03521,-200.0,-85.93599,-82.906586,-85.511185
2022-06-25 19:45:01 +0000 ,-67.045815,-200.0,-64.139244,-68.678795,-200.0,-66.54283,-69.06316,-71.61627,-200.0,-200.0,-200.0,-89.30865,-84.37061,-200.0,-75.31708,-200.0,-91.620865,-86.006355,-82.48964,-200.0
2022-06-25 19:45:02 +0000 ,-200.0,-200.0,-200.0,-200.0,-63.394543,-200.0,-200.0,-71.43663,-70.8718,-77.77446,-200.0,-89.30008,-84.55422,-83.684685,-75.5673,-200.0,-91.440834,-86.09137,-82.25596,-85.60006
2022-06-25 19:45:03 +0000 ,-200.0,-200.0,-64.23357,-69.09556,-63.788574,-66.4964,-200.0,-71.313705,-70.711655,-77.793755,-91.90706,-89.25373,-84.76349,-83.32523,-75.77544,-82.05287,-91.38245,-200.0,-200.0,-85.67563
2022-06-25 19:45:04 +0000 ,-67.29858,-200.0,-64.23426,-69.53585,-64.148895,-66.32417,-68.754036,-200.0,-70.50033,-77.81141,-92.06545,-200.0,-85.01972,-83.02006,-76.03065,-81.98347,-91.21997,-86.36375,-82.25758,-85.57362
2022-06-25 19:45:05 +0000 ,-67.59458,-200.0,-64.21422,-69.59339,-200.0,-66.12533,-68.34728,-200.0,-70.28641,-200.0,-200.0,-200.0,-200.0,-82.76167,-200.0,-81.76957,-200.0,-86.41534,-82.126465,-85.37411
2022-06-25 19:45:06 +0000 ,-67.88594,-200.0,-200.0,-69.47774,-200.0,-65.94349,-67.975334,-71.071556,-200.0,-200.0,-200.0,-89.232025,-84.95031,-200.0,-76.34958,-200.0,-90.835396,-86.3798,-81.94453,-200.0
2022-06-25 19:45:07 +0000 ,-200.0,-200.0,-200.0,-200.0,-64.478386,-200.0,-200.0,-70.80876,-70.415184,-78.08707,-200.0,-89.341934,-84.84833,-82.52539,-76.59702,-82.37606,-90.7461,-86.347305,-81.71328,-85.30074
2022-06-25 19:45:08 +0000 ,-200.0,-200.0,-64.45541,-69.610825,-64.90945,-66.10161,-200.0,-70.63333,-70.571465,-78.2272,-200.0,-89.61356,-85.229904,-82.37421,-76.73773,-82.68042,-90.57319,-200.0,-200.0,-85.14525
2022-06-25 19:45:09 +0000 ,-68.152374,-200.0,-64.628914,-69.55571,-65.34499,-66.284706,-67.89473,-200.0,-70.69369,-78.29332,-200.0,-200.0,-200.0,-82.32152,-76.780846,-82.79332,-90.35303,-86.38247,-81.35138,-84.83194
2022-06-25 19:45:10 +0000 ,-68.39601,-200.0,-64.61646,-69.61725,-200.0,-66.301704,-67.96862,-71.40192,-70.93521,-78.483536,-200.0,-200.0,-200.0,-82.68329,-200.0,-82.83168,-200.0,-86.4353,-81.04397,-84.69872
2022-06-25 19:45:11 +0000 ,-68.553925,-200.0,-64.56371,-69.80044,-65.743256,-66.600296,-68.056854,-71.74541,-200.0,-200.0,-200.0,-89.64378,-85.72358,-200.0,-76.79959,-200.0,-90.605865,-86.48361,-81.04305,-200.0
2022-06-25 19:45:12 +0000 ,-200.0,-200.0,-200.0,-200.0,-66.10745,-200.0,-68.00779,-71.59322,-70.87303,-79.08812,-92.23097,-89.65359,-85.9155,-82.489365,-77.076256,-83.55977,-90.59253,-86.78732,-81.12492,-85.15798
2022-06-25 19:45:13 +0000 ,-69.131805,-200.0,-64.71012,-69.79399,-66.50536,-66.7172,-200.0,-71.24159,-70.77766,-79.765045,-92.317444,-89.7481,-85.748764,-82.10527,-77.347084,-83.479805,-90.58604,-200.0,-200.0,-85.41897
2022-06-25 19:45:14 +0000 ,-69.610344,-200.0,-64.90604,-69.72606,-66.954796,-66.741394,-67.72692,-200.0,-70.71112,-80.18941,-92.44072,-200.0,-200.0,-81.689156,-77.76871,-83.09652,-90.55657,-86.82335,-81.52419,-85.229836
2022-06-25 19:45:15 +0000 ,-69.92103,-200.0,-65.08519,-69.53418,-200.0,-66.76353,-67.34318,-200.0,-70.71516,-80.38567,-92.639015,-89.79032,-200.0,-81.547485,-200.0,-82.681145,-200.0,-86.75291,-81.73317,-84.88862
2022-06-25 19:45:16 +0000 ,-70.184456,-200.0,-65.24902,-69.31736,-67.1918,-67.043274,-67.03646,-71.26797,-200.0,-200.0,-200.0,-89.80826,-85.83799,-200.0,-78.021645,-200.0,-90.83335,-86.753365,-81.84155,-200.0
2022-06-25 19:45:17 +0000 ,-200.0,-200.0,-200.0,-200.0,-67.47627,-200.0,-200.0,-71.28639,-70.739525,-80.65356,-92.71126,-89.69491,-86.152725,-81.50064,-78.06115,-200.0,-90.99519,-86.77447,-81.87578,-84.55592
2022-06-25 19:45:18 +0000 ,-200.0,-200.0,-65.333954,-69.37861,-67.972404,-66.99252,-200.0,-71.13213,-70.69693,-80.81011,-92.67108,-89.5499,-86.61164,-81.39293,-78.05592,-82.34552,-91.01629,-200.0,-200.0,-84.51121
2022-06-25 19:45:19 +0000 ,-70.360466,-200.0,-65.39094,-69.45245,-68.553,-66.886925,-66.84155,-200.0,-70.6373,-80.84704,-92.61366,-200.0,-200.0,-81.27375,-78.18089,-82.12416,-91.0149,-86.79376,-82.08105,-84.42327
2022-06-25 19:45:20 +0000 ,-70.50075,-200.0,-65.37817,-69.499306,-200.0,-66.87592,-66.684,-70.94971,-70.58278,-80.86013,-200.0,-89.35241,-200.0,-80.97012,-200.0,-81.94243,-200.0,-86.81142,-82.071266,-84.171745
2022-06-25 19:45:21 +0000 ,-70.62901,-200.0,-65.864845,-69.607025,-69.23435,-66.95142,-66.6048,-70.65314,-200.0,-200.0,-200.0,-89.15114,-87.007774,-200.0,-78.14189,-200.0,-91.27315,-86.89244,-82.04449,-200.0
2022-06-25 19:45:22 +0000 ,-200.0,-200.0,-200.0,-200.0,-69.444595,-200.0,-200.0,-70.340576,-70.40316,-80.67746,-92.7558,-89.22661,-86.96006,-80.88996,-78.10907,-82.03576,-91.20273,-86.987206,-82.17043,-84.09502
2022-06-25 19:45:23 +0000 ,-71.13559,-200.0,-66.02115,-69.66132,-69.36236,-66.651855,-200.0,-70.05476,-70.26243,-80.44838,-92.88293,-89.31346,-86.6626,-81.094025,-78.03487,-82.20382,-91.01427,-200.0,-200.0,-84.15177
2022-06-25 19:45:24 +0000 ,-71.20385,-200.0,-66.01934,-69.56054,-69.375565,-66.4485,-66.553055,-200.0,-70.21929,-80.2389,-92.91363,-200.0,-200.0,-81.34265,-78.07609,-81.968216,-91.03657,-86.87921,-81.74305,-84.22434
2022-06-25 19:45:25 +0000 ,-71.10085,-200.0,-65.88793,-69.556786,-200.0,-66.25969,-66.44086,-69.98804,-70.13564,-80.30687,-92.9859,-89.30733,-200.0,-81.245605,-200.0,-81.69359,-200.0,-86.65356,-81.16614,-84.16094
2022-06-25 19:45:26 +0000 ,-71.33106,-200.0,-200.0,-69.78935,-69.49387,-200.0,-66.25269,-69.98906,-200.0,-200.0,-200.0,-89.28103,-86.479,-200.0,-78.2849,-200.0,-91.054115,-86.42652,-80.76834,-200.0
2022-06-25 19:45:27 +0000 ,-200.0,-200.0,-200.0,-200.0,-69.752495,-200.0,-200.0,-69.92512,-70.362885,-80.38684,-93.00778,-89.25699,-86.417336,-81.313,-78.45232,-81.20361,-90.984604,-86.21892,-80.64057,-84.061615
2022-06-25 19:45:28 +0000 ,-71.38545,-200.0,-65.92104,-70.19381,-69.96546,-66.06636,-200.0,-69.91084,-70.28478,-80.4393,-93.00711,-89.235,-86.38162,-81.45734,-78.58473,-80.802605,-90.7706,-200.0,-200.0,-84.03566
2022-06-25 19:45:29 +0000 ,-71.61199,-200.0,-66.07824,-70.60502,-70.07466,-65.88957,-66.31948,-200.0,-70.08931,-80.55215,-92.94162,-200.0,-200.0,-81.654205,-78.7707,-80.736786,-90.793076,-86.02907,-80.65064,-84.29213
2022-06-25 19:45:30 +0000 ,-71.83698,-200.0,-66.1129,-70.72152,-200.0,-65.792786,-66.26862,-69.983345,-69.97544,-200.0,-92.86105,-89.5393,-200.0,-81.72515,-200.0,-80.7593,-200.0,-85.85546,-80.615654,-84.60936
2022-06-25 19:45:31 +0000 ,-72.08693,-200.0,-66.10324,-70.745346,-200.0,-65.72495,-66.22496,-69.94057,-200.0,-200.0,-200.0,-89.7263,-86.41386,-200.0,-79.02631,-200.0,-90.63682,-85.7616,-80.49811,-200.0
2022-06-25 19:45:32 +0000 ,-200.0,-200.0,-200.0,-200.0,-69.89431,-200.0,-200.0,-70.05473,-69.8271,-80.28674,-92.657616,-89.64064,-86.399124,-81.68379,-79.15097,-80.58526,-90.34634,-85.696434,-80.43481,-200.0
2022-06-25 19:45:33 +0000 ,-72.206406,-200.0,-66.094406,-71.15641,-69.581795,-65.533165,-200.0,-69.702126,-69.735664,-80.04974,-92.56,-89.305626,-86.49473,-81.69016,-79.22361,-80.49382,-90.060036,-200.0,-200.0,-84.96433
2022-06-25 19:45:34 +0000 ,-72.2743,-200.0,-66.02145,-71.65637,-69.469986,-65.38131,-66.07595,-200.0,-69.7376,-80.00413,-92.576965,-200.0,-200.0,-81.716675,-79.29003,-80.51646,-89.863106,-85.76662,-80.332726,-85.179855
2022-06-25 19:45:35 +0000 ,-72.27151,-200.0,-66.06382,-72.113556,-200.0,-65.32801,-65.89833,-69.408905,-69.695175,-80.00378,-200.0,-89.3914,-200.0,-81.935555,-200.0,-80.42806,-200.0,-85.80726,-80.2187,-85.20582
2022-06-25 19:45:36 +0000 ,-72.248276,-200.0,-200.0,-72.531624,-69.49466,-65.29994,-65.86567,-69.267685,-200.0,-200.0,-200.0,-89.614586,-86.55864,-200.0,-79.091255,-200.0,-89.89834,-85.88863,-80.17931,-200.0
2022-06-25 19:45:37 +0000 ,-200.0,-200.0,-200.0,-200.0,-69.5379,-200.0,-200.0,-69.159225,-69.57081,-80.003456,-92.48339,-89.49427,-86.336876,-81.873344,-78.956535,-200.0,-89.99259,-85.65931,-80.293724,-84.92869
2022-06-25 19:45:38 +0000 ,-72.35679,-200.0,-66.07903,-72.78417,-69.44767,-65.339165,-200.0,-69.06004,-69.43641,-80.00316,-92.42136,-89.21598,-85.921616,-81.648186,-79.00446,-80.56541,-90.01391,-200.0,-200.0,-84.85207
2022-06-25 19:45:39 +0000 ,-72.17297,-200.0,-66.00739,-73.23327,-69.258934,-65.330826,-65.94204,-200.0,-69.378395,-79.93801,-92.38531,-200.0,-85.565414,-81.421616,-79.08964,-80.708824,-90.01272,-85.54087,-80.309944,-85.05937
2022-06-25 19:45:40 +0000 ,-72.161026,-200.0,-65.85632,-73.66178,-200.0,-65.30251,-66.03255,-68.90447,-69.281136,-79.85776,-200.0,-89.39499,-200.0,-81.279305,-200.0,-80.81929,-200.0,-85.49459,-80.47807,-84.856804
2022-06-25 19:45:41 +0000 ,-72.29768,-200.0,-66.216545,-74.09783,-69.26031,-65.341515,-66.11532,-68.871284,-200.0,-200.0,-200.0,-89.37902,-85.32524,-200.0,-79.16752,-200.0,-90.011635,-85.32252,-80.62896,-200.0
2022-06-25 19:45:42 +0000 ,-200.0,-200.0,-200.0,-200.0,-69.25871,-200.0,-200.0,-68.947174,-69.171524,-79.78437,-200.0,-89.32591,-85.061424,-81.234726,-79.23874,-80.98519,-90.1404,-85.25356,-80.6165,-84.85123
2022-06-25 19:45:43 +0000 ,-72.24869,-200.0,-66.2572,-74.45237,-69.30145,-65.33297,-200.0,-69.03725,-69.0713,-79.78214,-92.4821,-89.36291,-84.79949,-81.14976,-79.23899,-81.15757,-90.29951,-200.0,-200.0,-84.81974
2022-06-25 19:45:44 +0000 ,-72.14185,-200.0,-66.14964,-74.301735,-69.36122,-65.30448,-66.06126,-200.0,-68.979645,-79.86566,-92.61197,-200.0,-200.0,-81.051384,-79.218544,-81.25033,-90.38011,-85.296745,-80.30424,-84.68472
2022-06-25 19:45:45 +0000 ,-72.04416,-200.0,-66.116165,-73.88949,-200.0,-65.213554,-66.10022,-69.314255,-68.96071,-200.0,-92.73073,-89.41742,-200.0,-81.026306,-200.0,-81.24959,-200.0,-85.42179,-80.06574,-84.41082
2022-06-25 19:45:46 +0000 ,-72.14947,-200.0,-66.106224,-73.47115,-70.12955,-65.17461,-66.17721,-69.49984,-200.0,-200.0,-200.0,-89.46726,-84.94925,-200.0,-79.394485,-200.0,-90.10874,-85.427055,-79.95389,-200.0
2022-06-25 19:45:47 +0000 ,-200.0,-200.0,-200.0,-200.0,-70.47568,-200.0,-200.0,-69.56331,-69.223595,-80.027596,-92.839325,-89.51284,-85.080505,-81.15382,-79.74717,-80.83895,-89.88697,-85.32563,-79.87228,-84.378525
2022-06-25 19:45:48 +0000 ,-72.178024,-200.0,-66.22689,-73.47789,-70.47633,-65.15967,-200.0,-69.66555,-69.35205,-80.19636,-92.93864,-89.48964,-85.28894,-81.246895,-79.98127,-80.33938,-89.98505,-200.0,-200.0,-84.43169
2022-06-25 19:45:49 +0000 ,-72.35743,-200.0,-66.31371,-73.543236,-70.75998,-65.145996,-66.182724,-200.0,-69.407486,-80.35067,-92.96456,-200.0,-85.45601,-81.311325,-80.153984,-80.077194,-200.0,-85.27709,-79.797646,-84.41543
2022-06-25 19:45:50 +0000 ,-72.6484,-200.0,-66.30755,-73.45256,-200.0,-65.26327,-66.16709,-200.0,-69.458176,-200.0,-92.96759,-89.642395,-200.0,-81.37025,-200.0,-80.094124,-200.0,-85.38314,-79.79428,-84.18525
2022-06-25 19:45:51 +0000 ,-72.74051,-200.0,-200.0,-73.32828,-200.0,-65.41186,-66.21768,-70.10412,-200.0,-200.0,-200.0,-89.84411,-85.32859,-200.0,-80.24705,-200.0,-89.76816,-85.52147,-79.876755,-200.0
2022-06-25 19:45:52 +0000 ,-200.0,-200.0,-200.0,-200.0,-70.60371,-200.0,-66.479256,-70.60856,-69.43965,-80.621544,-200.0,-90.09344,-85.38888,-81.55389,-80.1817,-80.23651,-89.6404,-85.647964,-79.77822,-84.10737
2022-06-25 19:45:53 +0000 ,-72.7627,-200.0,-66.216354,-73.14975,-70.16562,-65.48286,-200.0,-70.8752,-69.40203,-80.84572,-200.0,-200.0,-85.78624,-81.82806,-80.015724,-80.38739,-89.390976,-200.0,-200.0,-84.09818
2022-06-25 19:45:54 +0000 ,-73.04253,-200.0,-66.17717,-73.03069,-69.72366,-65.52711,-66.52096,-200.0,-69.43252,-81.030045,-200.0,-200.0,-85.51864,-82.03456,-79.84326,-80.46048,-89.490135,-85.69877,-79.755844,-84.08978
2022-06-25 19:45:55 +0000 ,-73.251366,-200.0,-66.29177,-72.94251,-200.0,-65.632454,-66.47639,-200.0,-69.41619,-200.0,-200.0,-89.95283,-200.0,-82.13783,-200.0,-80.441765,-200.0,-85.72454,-79.77674,-84.08211
2022-06-25 19:45:56 +0000 ,-73.14146,-200.0,-66.82721,-73.18627,-200.0,-200.0,-66.43563,-70.53795,-200.0,-200.0,-200.0,-89.76507,-85.17623,-200.0,-79.36115,-200.0,-89.38047,-85.81299,-79.66608,-200.0
2022-06-25 19:45:57 +0000 ,-200.0,-200.0,-200.0,-200.0,-69.44929,-200.0,-200.0,-70.1939,-68.9913,-80.67954,-92.90549,-89.743805,-84.90448,-82.08184,-78.81691,-80.144455,-89.11192,-86.303825,-79.84792,-84.594124
2022-06-25 19:45:58 +0000 ,-73.21776,-200.0,-67.376015,-73.253044,-69.17485,-65.74946,-66.13883,-69.79088,-68.54359,-80.19361,-92.76313,-89.765724,-84.5911,-82.2488,-78.44899,-80.179146,-88.910545,-200.0,-200.0,-85.162865
2022-06-25 19:45:59 +0000 ,-73.11072,-200.0,-67.92207,-73.2314,-69.2925,-65.661804,-65.8496,-200.0,-68.28461,-79.87901,-92.8718,-200.0,-200.0,-82.613945,-78.28365,-80.33494,-88.747086,-86.35769,-79.858086,-85.402756
2022-06-25 19:46:00 +0000 ,-72.86526,-200.0,-68.506966,-73.14671,-200.0,-65.5845,-65.67067,-200.0,-68.15402,-200.0,-200.0,-89.591125,-200.0,-83.054085,-200.0,-80.4774,-200.0,-86.24152,-79.84955,-85.344765
2022-06-25 19:46:01 +0000 ,-72.49036,-200.0,-68.99761,-73.11349,-200.0,-66.11842,-65.52773,-69.3161,-200.0,-200.0,-200.0,-89.56407,-84.73802,-200.0,-78.17383,-200.0,-89.051765,-86.20019,-79.86242,-200.0
2022-06-25 19:46:02 +0000 ,-200.0,-200.0,-200.0,-200.0,-69.58903,-200.0,-200.0,-68.92615,-67.9904,-79.82733,-200.0,-89.796005,-84.88735,-83.73677,-78.138275,-80.80231,-89.47512,-86.11818,-79.939064,-85.489235
2022-06-25 19:46:03 +0000 ,-72.23593,-200.0,-69.230965,-73.10377,-70.0755,-65.88443,-200.0,-68.65512,-67.820114,-79.97186,-93.05389,-90.13501,-84.98255,-84.119354,-78.12644,-81.0317,-89.73249,-200.0,-200.0,-85.76893
2022-06-25 19:46:04 +0000 ,-71.97976,-200.0,-69.38232,-72.965126,-70.77702,-65.57561,-65.332146,-200.0,-67.59951,-80.080505,-93.15551,-200.0,-85.13448,-84.365814,-77.79123,-81.20011,-89.86161,-86.282036,-80.02983,-85.98049
2022-06-25 19:46:05 +0000 ,-71.72482,-200.0,-69.52071,-72.602356,-200.0,-65.48501,-65.1975,-68.492836,-67.3771,-200.0,-93.22777,-200.0,-200.0,-84.33167,-200.0,-81.3541,-200.0,-86.38482,-80.11284,-86.218155
2022-06-25 19:46:06 +0000 ,-71.55658,-200.0,-69.5824,-72.27347,-200.0,-65.50839,-65.09504,-68.17047,-200.0,-200.0,-200.0,-90.01153,-84.96969,-200.0,-77.44618,-200.0,-89.959,-86.437454,-80.253624,-200.0
2022-06-25 19:46:07 +0000 ,-200.0,-200.0,-200.0,-200.0,-70.89664,-200.0,-200.0,-67.74878,-67.49812,-79.96453,-93.4236,-89.818756,-84.91025,-84.6719,-77.086464,-81.17052,-90.04806,-86.55046,-79.883995,-86.32641
2022-06-25 19:46:08 +0000 ,-71.48829,-200.0,-69.74789,-71.92852,-71.14432,-65.61534,-200.0,-67.34249,-67.51753,-79.926216,-93.51427,-89.468506,-84.91792,-85.127754,-76.67195,-80.899254,-90.06462,-200.0,-200.0,-86.44891
2022-06-25 19:46:09 +0000 ,-71.187,-200.0,-69.940575,-71.65728,-71.60396,-65.34453,-65.00134,-200.0,-67.60301,-79.867645,-93.620705,-200.0,-85.18447,-85.47973,-76.27223,-81.04048,-90.12397,-86.54472,-79.70498,-86.3221
2022-06-25 19:46:10 +0000 ,-70.893654,-200.0,-70.0519,-71.62457,-200.0,-64.97282,-65.04543,-66.97096,-67.78742,-79.85829,-200.0,-200.0,-200.0,-85.65116,-200.0,-81.293686,-200.0,-86.303474,-79.64466,-86.05854
2022-06-25 19:46:11 +0000 ,-70.71095,-200.0,-70.78183,-71.526924,-72.00075,-64.50316,-65.127106,-66.63122,-200.0,-200.0,-200.0,-89.86476,-85.38115,-200.0,-76.10136,-200.0,-90.2638,-86.020836,-79.78415,-200.0
2022-06-25 19:46:12 +0000 ,-200.0,-200.0,-200.0,-200.0,-72.14827,-200.0,-200.0,-66.38542,-67.84697,-79.6109,-93.608955,-90.21572,-85.45477,-86.220726,-75.942245,-81.006195,-90.217705,-85.82726,-79.973724,-85.92663
2022-06-25 19:46:13 +0000 ,-70.69432,-200.0,-71.137024,-71.46117,-72.026505,-64.4216,-200.0,-66.18133,-67.86007,-79.30196,-93.556854,-200.0,-85.30678,-86.82142,-75.77607,-80.8374,-89.854004,-200.0,-200.0,-85.84735
2022-06-25 19:46:14 +0000 ,-70.59071,-200.0,-71.49106,-71.48659,-71.91801,-64.27644,-65.07203,-200.0,-67.93693,-79.084335,-93.44432,-200.0,-85.62845,-87.35004,-75.62411,-80.765755,-89.503586,-86.125084,-80.21197,-85.83974
2022-06-25 19:46:15 +0000 ,-70.38973,-200.0,-71.74707,-71.59539,-200.0,-64.21143,-64.980316,-200.0,-68.2874,-200.0,-93.38563,-200.0,-200.0,-200.0,-200.0,-80.83,-200.0,-86.21777,-80.4505,-86.11296
2022-06-25 19:46:16 +0000 ,-70.25015,-200.0,-200.0,-71.65069,-200.0,-200.0,-64.831566,-66.059586,-200.0,-200.0,-200.0,-90.45394,-85.633865,-200.0,-75.42028,-200.0,-89.59312,-86.06938,-80.603745,-200.0
2022-06-25 19:46:17 +0000 ,-200.0,-200.0,-200.0,-200.0,-72.68291,-200.0,-64.739746,-65.968925,-68.43107,-78.97088,-93.15799,-90.54201,-85.4292,-87.768555,-75.34297,-200.0,-89.66928,-200.0,-80.723206,-86.121124
2022-06-25 19:46:18 +0000 ,-70.078316,-200.0,-71.87495,-71.87521,-73.13213,-64.128456,-200.0,-66.015785,-68.479744,-78.82293,-92.8878,-90.581184,-85.48088,-88.000824,-75.24875,-80.47594,-89.50294,-200.0,-200.0,-86.28474
2022-06-25 19:46:19 +0000 ,-69.83562,-200.0,-71.90633,-72.0128,-73.24775,-63.96702,-64.61158,-200.0,-68.45937,-78.79672,-92.70561,-200.0,-200.0,-87.912346,-76.30975,-80.202065,-89.48344,-85.89233,-80.83245,-86.45216
2022-06-25 19:46:20 +0000 ,-69.78765,-200.0,-71.97922,-71.96751,-73.24723,-63.668964,-64.53858,-66.03512,-68.484955,-200.0,-200.0,-200.0,-200.0,-87.81361,-200.0,-80.273186,-200.0,-85.60066,-80.99722,-86.45483
2022-06-25 19:46:21 +0000 ,-69.805824,-200.0,-72.13143,-71.94961,-73.74512,-63.419937,-64.4925,-66.09699,-200.0,-200.0,-200.0,-200.0,-85.28645,-200.0,-76.41945,-200.0,-89.397865,-85.292595,-81.16858,-200.0
2022-06-25 19:46:22 +0000 ,-200.0,-200.0,-200.0,-200.0,-74.04143,-200.0,-200.0,-66.109375,-68.39926,-79.13852,-92.559685,-90.6819,-85.00528,-87.87376,-76.126884,-200.0,-89.27827,-85.33529,-81.45503,-86.351036
2022-06-25 19:46:23 +0000 ,-69.75756,-200.0,-72.096664,-71.953926,-74.14412,-63.083134,-64.45036,-66.10002,-68.27955,-79.48957,-92.42625,-90.72979,-84.74815,-87.97011,-75.85935,-80.16141,-89.10402,-200.0,-200.0,-86.23544
2022-06-25 19:46:24 +0000 ,-69.62786,-200.0,-72.002846,-71.82811,-74.217354,-62.73379,-64.28207,-200.0,-68.17008,-79.595276,-92.239334,-200.0,-84.707664,-88.12311,-75.549835,-80.10625,-89.118645,-85.47772,-81.36905,-86.32438
2022-06-25 19:46:25 +0000 ,-69.553474,-200.0,-71.917046,-71.60683,-200.0,-62.479218,-64.34634,-66.675385,-68.00509,-79.88942,-91.98286,-90.81779,-200.0,-88.08905,-200.0,-80.22691,-200.0,-85.60796,-81.361,-86.40286
2022-06-25 19:46:26 +0000 ,-69.50612,-200.0,-200.0,-71.3838,-74.15456,-200.0,-64.682465,-67.1281,-200.0,-200.0,-200.0,-90.98382,-84.53804,-200.0,-75.375885,-200.0,-88.93453,-85.467545,-81.480545,-200.0
2022-06-25 19:46:27 +0000 ,-200.0,-200.0,-200.0,-200.0,-74.05578,-200.0,-65.11674,-67.58913,-67.83354,-79.85184,-91.857414,-91.35095,-84.38577,-88.12563,-75.1284,-200.0,-88.683464,-85.19154,-81.67543,-86.58371
2022-06-25 19:46:28 +0000 ,-69.91698,-200.0,-72.227875,-71.43936,-73.965454,-62.526623,-200.0,-67.92231,-67.74155,-79.693405,-91.78406,-91.61896,-84.20233,-88.20044,-74.9905,-80.63814,-88.58363,-200.0,-200.0,-86.53092
2022-06-25 19:46:29 +0000 ,-70.177895,-200.0,-72.50642,-71.44313,-73.88285,-62.458042,-65.46966,-200.0,-67.74299,-79.418755,-91.71698,-200.0,-84.20855,-88.398605,-74.970634,-80.902245,-88.53369,-84.98337,-81.61479,-86.39994
2022-06-25 19:46:30 +0000 ,-70.139145,-200.0,-72.914406,-71.34034,-200.0,-62.203533,-65.706825,-67.79635,-67.82986,-79.32089,-200.0,-91.82267,-200.0,-88.68606,-200.0,-80.951965,-200.0,-84.943436,-81.47664,-86.28017
2022-06-25 19:46:31 +0000 ,-69.84704,-200.0,-200.0,-71.16078,-200.0,-61.929447,-65.96791,-67.5571,-200.0,-200.0,-200.0,-91.81432,-83.88698,-200.0,-74.908264,-200.0,-88.61779,-85.01316,-81.285416,-200.0
2022-06-25 19:46:32 +0000 ,-200.0,-200.0,-200.0,-200.0,-73.87219,-200.0,-66.29221,-67.46808,-67.86509,-79.22855,-200.0,-91.87441,-83.46886,-88.9696,-74.83056,-81.21559,-88.736046,-84.967834,-81.08988,-86.49504
2022-06-25 19:46:33 +0000 ,-69.5179,-200.0,-72.700714,-71.3003,-73.88312,-61.48417,-200.0,-67.557785,-67.87663,-78.99368,-200.0,-200.0,-83.1514,-89.163994,-74.62974,-81.409615,-88.844185,-200.0,-200.0,-86.794914
2022-06-25 19:46:34 +0000 ,-69.28179,-200.0,-72.68781,-71.27176,-73.89312,-61.079834,-66.22016,-200.0,-67.95207,-78.93219,-200.0,-200.0,-200.0,-89.256195,-74.72914,-81.54568,-88.8782,-84.949905,-81.04083,-87.06914
2022-06-25 19:46:35 +0000 ,-69.15144,-200.0,-72.99472,-71.03319,-200.0,-60.601013,-66.03021,-67.746056,-67.97685,-200.0,-200.0,-91.64632,-200.0,-89.19008,-200.0,-81.734985,-200.0,-84.95419,-80.8427,-87.31989
2022-06-25 19:46:36 +0000 ,-68.98805,-200.0,-200.0,-71.29272,-73.83739,-60.1218,-65.98628,-67.744255,-200.0,-200.0,-200.0,-91.26946,-82.81689,-200.0,-74.92344,-200.0,-89.08326,-84.89324,-80.66437,-200.0
2022-06-25 19:46:37 +0000 ,-200.0,-200.0,-200.0,-200.0,-73.76574,-200.0,-200.0,-67.61569,-68.04371,-78.74335,-200.0,-91.098816,-82.49032,-89.02338,-75.03622,-81.92878,-89.26794,-84.75194,-80.586845,-200.0
2022-06-25 19:46:38 +0000 ,-68.882835,-200.0,-73.013,-72.47403,-73.70023,-60.00799,-200.0,-67.477455,-68.12553,-78.50864,-200.0,-91.13456,-82.45121,-88.85026,-74.859146,-82.10599,-89.41612,-200.0,-200.0,-87.5492
2022-06-25 19:46:39 +0000 ,-69.001945,-200.0,-72.86145,-72.69943,-73.70521,-60.07219,-65.922585,-200.0,-68.07058,-78.42377,-91.78539,-200.0,-200.0,-88.69195,-74.41988,-82.203156,-89.55164,-84.731804,-80.47175,-87.75888
2022-06-25 19:46:40 +0000 ,-69.1729,-200.0,-72.767075,-72.68379,-200.0,-60.15157,-65.7139,-67.61057,-67.97898,-78.841675,-91.824425,-91.14372,-200.0,-200.0,-200.0,-82.14157,-200.0,-85.01427,-80.345825,-88.015495
2022-06-25 19:46:41 +0000 ,-69.329216,-200.0,-72.63657,-72.5162,-73.40602,-200.0,-65.8061,-67.815,-200.0,-200.0,-200.0,-91.06654,-82.43329,-200.0,-74.15081,-200.0,-89.41604,-85.420166,-80.295555,-200.0
2022-06-25 19:46:42 +0000 ,-200.0,-200.0,-200.0,-200.0,-73.02906,-200.0,-200.0,-67.807304,-67.960106,-78.97929,-91.77456,-91.10505,-82.39622,-88.35255,-73.96679,-200.0,-89.20933,-85.812004,-80.464905,-88.01133
2022-06-25 19:46:43 +0000 ,-69.47216,-200.0,-72.36679,-72.23603,-72.61947,-60.35392,-200.0,-67.673355,-67.963524,-78.916176,-91.51365,-91.18162,-82.55696,-87.980156,-73.928276,-81.849266,-89.0203,-200.0,-200.0,-87.924805
2022-06-25 19:46:44 +0000 ,-69.797516,-200.0,-72.078735,-72.02404,-72.15936,-60.774952,-65.6694,-200.0,-68.031525,-78.83779,-200.0,-200.0,-200.0,-87.7045,-73.9993,-81.6497,-88.78257,-85.78104,-80.48716,-88.10521
2022-06-25 19:46:45 +0000 ,-70.092186,-200.0,-71.75044,-71.85086,-200.0,-61.221996,-65.246376,-67.85458,-68.11439,-200.0,-200.0,-200.0,-200.0,-87.79751,-200.0,-81.50855,-200.0,-85.563774,-80.25083,-88.41776
2022-06-25 19:46:46 +0000 ,-70.146324,-200.0,-200.0,-71.692505,-72.496506,-61.436153,-64.797516,-67.79929,-200.0,-200.0,-200.0,-91.18675,-82.50646,-200.0,-73.76052,-200.0,-88.93378,-85.34442,-79.972694,-200.0
2022-06-25 19:46:47 +0000 ,-200.0,-200.0,-200.0,-200.0,-72.33924,-200.0,-200.0,-67.71023,-68.31992,-78.57147,-91.47255,-91.10589,-82.3127,-87.4669,-73.56854,-81.50925,-89.06636,-85.14383,-79.78323,-88.27009
2022-06-25 19:46:48 +0000 ,-70.458206,-200.0,-71.94861,-200.0,-72.09775,-61.829475,-200.0,-67.64947,-68.48435,-78.46055,-91.517685,-90.881516,-82.11482,-86.99916,-73.69386,-81.48636,-89.01648,-200.0,-200.0,-88.12006
2022-06-25 19:46:49 +0000 ,-70.781906,-200.0,-72.295235,-71.5477,-71.78851,-62.27185,-64.84121,-200.0,-68.54914,-78.680664,-91.62383,-200.0,-82.25829,-86.960724,-73.56678,-81.50962,-89.18903,-85.15505,-79.95507,-88.08912
2022-06-25 19:46:50 +0000 ,-70.92748,-200.0,-72.48244,-71.54504,-200.0,-62.416862,-64.96103,-67.65878,-68.84724,-200.0,-200.0,-90.95939,-200.0,-86.66036,-200.0,-81.616455,-200.0,-85.0327,-80.21558,-88.14638
2022-06-25 19:46:51 +0000 ,-71.149,-200.0,-200.0,-71.51909,-200.0,-200.0,-64.98503,-67.55822,-200.0,-200.0,-200.0,-91.13398,-82.81727,-200.0,-73.47693,-200.0,-89.494415,-84.92367,-80.25917,-200.0
2022-06-25 19:46:52 +0000 ,-200.0,-200.0,-200.0,-200.0,-71.52926,-200.0,-200.0,-67.424904,-69.0079,-78.70514,-200.0,-91.35851,-83.042534,-86.196754,-73.37125,-81.73483,-89.5997,-85.233925,-80.237,-88.21941
2022-06-25 19:46:53 +0000 ,-71.58756,-200.0,-72.806915,-71.34492,-71.247986,-62.791153,-200.0,-67.30299,-68.96301,-78.64481,-91.80646,-91.51964,-83.05956,-86.20628,-73.31881,-81.71332,-89.63395,-200.0,-200.0,-88.22131
2022-06-25 19:46:54 +0000 ,-71.920876,-200.0,-73.165665,-71.338936,-70.90521,-63.107048,-64.921425,-200.0,-68.815735,-78.58964,-200.0,-200.0,-83.50862,-86.165115,-73.421295,-81.71717,-89.66527,-85.44706,-80.15184,-88.202385
2022-06-25 19:46:55 +0000 ,-72.18432,-200.0,-73.94788,-71.13597,-200.0,-63.159924,-64.84259,-200.0,-68.91991,-78.668945,-200.0,-200.0,-200.0,-200.0,-200.0,-81.80625,-200.0,-85.579926,-80.05329,-88.24995
2022-06-25 19:46:56 +0000 ,-72.36035,-200.0,-200.0,-70.80278,-71.02526,-63.34088,-64.90025,-67.32128,-200.0,-200.0,-200.0,-91.516525,-83.609856,-200.0,-73.686134,-200.0,-89.69391,-85.37702,-79.8983,-200.0
2022-06-25 19:46:57 +0000 ,-200.0,-200.0,-200.0,-200.0,-71.27978,-200.0,-200.0,-67.50911,-68.773476,-78.45843,-92.123886,-91.6021,-83.4928,-86.32495,-73.90478,-81.778625,-89.65521,-85.02321,-79.735886,-88.314125
2022-06-25 19:46:58 +0000 ,-72.11135,-200.0,-74.28887,-71.12622,-71.57739,-63.50351,-200.0,-67.72223,-68.53618,-78.16254,-92.32575,-91.7217,-83.429955,-86.48894,-74.084045,-81.647125,-89.66403,-200.0,-200.0,-88.24305
2022-06-25 19:46:59 +0000 ,-71.75959,-200.0,-74.370384,-71.23949,-71.999985,-63.501785,-65.4485,-200.0,-68.31918,-77.82708,-92.40411,-200.0,-200.0,-86.61822,-74.37773,-81.37644,-89.82255,-84.67899,-79.39272,-88.006935
2022-06-25 19:47:00 +0000 ,-71.37305,-200.0,-74.489136,-71.218994,-200.0,-63.458855,-66.41899,-200.0,-68.12075,-77.56452,-92.39021,-91.7013,-200.0,-86.93108,-200.0,-81.08756,-200.0,-84.42911,-79.01689,-87.74967
2022-06-25 19:47:01 +0000 ,-71.12866,-200.0,-74.48865,-71.33002,-72.03849,-63.484478,-67.280075,-67.78735,-200.0,-200.0,-200.0,-91.64129,-83.26341,-200.0,-74.428116,-200.0,-89.68445,-84.28616,-78.7381,-200.0
2022-06-25 19:47:02 +0000 ,-200.0,-200.0,-200.0,-200.0,-71.81987,-200.0,-200.0,-67.80554,-67.93929,-77.15047,-92.29195,-91.52153,-83.06976,-86.88993,-74.45637,-81.21268,-89.58453,-84.17612,-78.76335,-87.77394
2022-06-25 19:47:03 +0000 ,-200.0,-200.0,-74.187325,-70.95386,-71.513725,-63.852985,-200.0,-67.82218,-67.96802,-76.64493,-92.05165,-91.32647,-82.633156,-86.72823,-74.1136,-81.32139,-89.53452,-200.0,-200.0,-87.554436
2022-06-25 19:47:04 +0000 ,-70.88166,-200.0,-74.023705,-70.3147,-71.083336,-64.29336,-67.182686,-200.0,-68.640236,-76.16196,-91.79055,-200.0,-82.08631,-86.32085,-73.805855,-81.314575,-89.68343,-84.14037,-78.739395,-87.3152
2022-06-25 19:47:05 +0000 ,-70.63511,-200.0,-73.61172,-69.883514,-200.0,-64.50141,-66.95458,-67.57787,-69.76544,-76.36911,-200.0,-91.45182,-200.0,-85.73585,-200.0,-81.4823,-200.0,-84.258125,-78.74102,-87.11711
2022-06-25 19:47:06 +0000 ,-70.40966,-200.0,-72.80719,-70.26493,-70.84306,-64.49986,-66.78735,-67.27176,-200.0,-200.0,-200.0,-91.4752,-81.760216,-200.0,-74.08484,-200.0,-89.88163,-84.34227,-78.82806,-200.0
2022-06-25 19:47:07 +0000 ,-200.0,-200.0,-200.0,-200.0,-70.62049,-200.0,-200.0,-66.99184,-70.248955,-76.44092,-91.94108,-91.49942,-81.65382,-85.41906,-74.3756,-81.95724,-89.86824,-84.46342,-78.92832,-86.80621
2022-06-25 19:47:08 +0000 ,-70.59277,-200.0,-72.29251,-70.32212,-70.266525,-64.58685,-200.0,-66.865616,-70.48433,-76.46808,-200.0,-91.47736,-81.72764,-85.2121,-74.665016,-82.08496,-89.72907,-200.0,-200.0,-86.54545
2022-06-25 19:47:09 +0000 ,-70.68965,-200.0,-71.665726,-70.20901,-69.83661,-64.70776,-66.7642,-200.0,-70.76444,-76.57847,-200.0,-200.0,-200.0,-85.087715,-74.950356,-82.14257,-89.7109,-84.53,-78.69561,-86.71694
2022-06-25 19:47:10 +0000 ,-70.58644,-200.0,-71.009865,-70.10556,-200.0,-64.81831,-66.91413,-67.37548,-70.976395,-76.635216,-200.0,-200.0,-200.0,-200.0,-200.0,-82.47545,-200.0,-84.635086,-78.444305,-87.192474
2022-06-25 19:47:11 +0000 ,-70.58047,-200.0,-200.0,-69.94609,-200.0,-64.98429,-67.28724,-67.833176,-200.0,-200.0,-200.0,-91.436516,-81.90138,-200.0,-74.95175,-200.0,-89.930275,-84.75186,-78.300064,-200.0
2022-06-25 19:47:12 +0000 ,-200.0,-200.0,-200.0,-200.0,-69.48767,-200.0,-200.0,-67.93016,-71.21442,-76.66643,-92.07303,-91.39917,-81.88629,-85.05954,-74.87033,-200.0,-89.673874,-84.92352,-78.123955,-87.10543
2022-06-25 19:47:13 +0000 ,-70.811005,-200.0,-70.53987,-69.909355,-69.18928,-65.026985,-200.0,-67.871254,-71.51762,-76.75986,-92.21722,-91.4299,-81.81046,-85.11932,-74.92563,-82.538155,-89.33887,-200.0,-200.0,-87.22902
2022-06-25 19:47:14 +0000 ,-71.01897,-200.0,-70.08656,-69.78735,-68.91641,-65.02468,-67.30117,-200.0,-71.94532,-77.06061,-92.30486,-200.0,-81.806,-85.12979,-74.95267,-82.55699,-88.85856,-84.90653,-78.13687,-87.14169
2022-06-25 19:47:15 +0000 ,-71.12358,-200.0,-69.58649,-69.7642,-200.0,-65.08745,-67.06008,-200.0,-72.377785,-77.00837,-200.0,-200.0,-200.0,-85.05381,-200.0,-82.85442,-200.0,-84.89386,-78.535126,-86.76382
2022-06-25 19:47:16 +0000 ,-71.328316,-200.0,-200.0,-69.78437,-68.47225,-65.48993,-66.863144,-68.12111,-200.0,-200.0,-200.0,-200.0,-82.017235,-200.0,-74.82696,-200.0,-88.29243,-85.03271,-78.87293,-200.0
2022-06-25 19:47:17 +0000 ,-200.0,-200.0,-200.0,-200.0,-68.06894,-200.0,-200.0,-68.64761,-72.90301,-77.03117,-92.36434,-91.478676,-82.27244,-85.093414,-74.73553,-200.0,-87.88383,-85.46055,-79.01071,-86.55087
2022-06-25 19:47:18 +0000 ,-71.49201,-200.0,-69.04365,-69.80282,-67.59104,-65.961365,-200.0,-69.06134,-73.35978,-76.98431,-92.35384,-91.523285,-82.5058,-85.1061,-74.73748,-82.88471,-87.74617,-200.0,-200.0,-86.41819
2022-06-25 19:47:19 +0000 ,-71.55615,-200.0,-68.46169,-69.68992,-67.112686,-66.32757,-66.89838,-200.0,-73.62703,-77.35425,-92.38845,-200.0,-82.65432,-85.03214,-75.01946,-82.74414,-87.61745,-85.48033,-78.90071,-86.55637
2022-06-25 19:47:20 +0000 ,-71.52924,-200.0,-67.90884,-69.480446,-200.0,-66.64177,-66.79799,-68.87929,-74.08958,-78.22656,-200.0,-200.0,-200.0,-85.0736,-200.0,-82.65979,-200.0,-85.288795,-78.80296,-86.76545
2022-06-25 19:47:21 +0000 ,-71.61373,-200.0,-200.0,-69.52774,-200.0,-200.0,-66.70904,-68.67715,-200.0,-200.0,-200.0,-91.36943,-82.574814,-200.0,-75.1654,-200.0,-87.54394,-84.96321,-78.9289,-200.0
2022-06-25 19:47:22 +0000 ,-200.0,-200.0,-68.18186,-200.0,-66.675255,-200.0,-200.0,-68.53366,-74.205986,-78.759026,-200.0,-91.16671,-82.50496,-84.95822,-75.30168,-200.0,-87.62717,-84.94853,-79.36562,-86.43759
2022-06-25 19:47:23 +0000 ,-71.79722,-200.0,-68.030846,-69.84834,-66.275246,-66.73445,-200.0,-68.33756,-74.18836,-79.057,-200.0,-90.98133,-82.39687,-84.72581,-75.44698,-82.66822,-87.61486,-200.0,-200.0,-86.10212
2022-06-25 19:47:24 +0000 ,-71.72616,-200.0,-67.815735,-69.74939,-65.97434,-66.75718,-66.64837,-200.0,-74.10737,-79.37368,-200.0,-200.0,-82.73152,-84.49259,-75.57986,-82.63173,-87.4325,-84.58433,-80.107216,-85.96648
2022-06-25 19:47:25 +0000 ,-71.51359,-200.0,-67.530624,-69.3844,-200.0,-66.777954,-66.657776,-200.0,-74.012634,-79.42442,-200.0,-200.0,-200.0,-84.344215,-200.0,-82.512794,-200.0,-84.106544,-80.478775,-86.20818
2022-06-25 19:47:26 +0000 ,-71.49317,-200.0,-67.03391,-69.13904,-200.0,-66.86184,-66.62218,-68.072685,-200.0,-200.0,-200.0,-90.81182,-82.59835,-200.0,-75.70136,-200.0,-87.09462,-83.99404,-80.43497,-200.0
2022-06-25 19:47:27 +0000 ,-200.0,-200.0,-200.0,-200.0,-65.65498,-200.0,-200.0,-67.80979,-73.861115,-79.58275,-200.0,-90.656815,-82.29049,-84.29409,-75.87735,-82.64289,-87.003815,-200.0,-80.117546,-86.46772
2022-06-25 19:47:28 +0000 ,-71.73117,-200.0,-66.77719,-68.82626,-65.34227,-66.89433,-66.82847,-67.5694,-73.76676,-79.6598,-200.0,-90.45018,-82.073845,-84.26893,-75.99408,-82.649925,-86.93861,-200.0,-200.0,-86.42486
2022-06-25 19:47:29 +0000 ,-71.62156,-200.0,-66.56026,-68.434006,-65.05631,-66.903366,-66.905174,-200.0,-73.76604,-79.883545,-200.0,-200.0,-81.96129,-84.245926,-76.08014,-82.659195,-86.92319,-83.79991,-80.34918,-86.56247
2022-06-25 19:47:30 +0000 ,-71.39726,-200.0,-66.34121,-68.37904,-200.0,-66.91164,-66.97817,-67.673965,-73.721176,-200.0,-200.0,-90.62983,-200.0,-84.289764,-200.0,-82.623474,-200.0,-83.69012,-80.552444,-86.77102
2022-06-25 19:47:31 +0000 ,-71.12727,-200.0,-200.0,-68.367294,-65.184105,-66.98408,-67.0656,-67.80809,-200.0,-200.0,-200.0,-90.85329,-82.07368,-200.0,-75.89932,-200.0,-87.189285,-83.69595,-80.41677,-200.0
2022-06-25 19:47:32 +0000 ,-200.0,-200.0,-200.0,-200.0,-65.03574,-200.0,-200.0,-67.780304,-73.39995,-80.02042,-200.0,-90.97208,-82.30337,-84.285645,-75.71615,-82.76478,-87.5802,-83.85172,-79.8856,-87.156364
2022-06-25 19:47:33 +0000 ,-71.248985,-200.0,-66.14091,-68.59539,-64.97066,-66.87636,-200.0,-67.58378,-73.21815,-79.97447,-92.246124,-91.06002,-82.53409,-84.32609,-75.69908,-82.76137,-87.95836,-200.0,-200.0,-87.37614
2022-06-25 19:47:34 +0000 ,-71.41947,-200.0,-65.95773,-68.75692,-65.102936,-66.71583,-67.2753,-200.0,-73.11393,-79.8911,-91.92419,-200.0,-200.0,-84.513504,-75.7897,-82.69623,-88.239265,-84.23016,-79.62088,-87.32043
2022-06-25 19:47:35 +0000 ,-71.489815,-200.0,-65.91999,-68.99304,-200.0,-66.56903,-67.5733,-67.752,-73.01863,-79.87973,-91.78309,-91.27021,-82.55043,-84.85601,-200.0,-82.701546,-200.0,-84.57338,-79.4822,-87.07769
2022-06-25 19:47:36 +0000 ,-71.53347,-200.0,-200.0,-69.38007,-64.94084,-66.49967,-67.931366,-67.90014,-200.0,-200.0,-200.0,-91.43888,-82.56822,-200.0,-76.21766,-200.0,-88.41058,-84.866554,-79.290504,-200.0
2022-06-25 19:47:37 +0000 ,-200.0,-200.0,-200.0,-200.0,-64.819,-200.0,-68.40923,-67.99424,-72.99636,-80.08466,-200.0,-91.37781,-82.670044,-84.951035,-76.58262,-82.85684,-88.54658,-85.13464,-79.15942,-86.684616
2022-06-25 19:47:38 +0000 ,-71.50851,-200.0,-66.056595,-69.38606,-64.878685,-66.32716,-200.0,-68.08029,-72.99667,-80.26921,-91.78097,-91.259926,-82.78383,-84.89035,-76.875,-83.0402,-88.67092,-200.0,-200.0,-86.28381
2022-06-25 19:47:39 +0000 ,-71.59476,-200.0,-66.22287,-69.851395,-64.909744,-66.19293,-68.887566,-200.0,-72.932076,-80.22265,-91.734825,-200.0,-200.0,-84.94394,-77.142365,-83.20788,-88.78464,-85.18516,-78.86558,-85.9173
2022-06-25 19:47:40 +0000 ,-71.77987,-200.0,-66.374916,-70.39813,-200.0,-66.15575,-69.260086,-69.52146,-73.176735,-80.118034,-91.60707,-91.02237,-200.0,-85.55333,-200.0,-83.166565,-200.0,-85.2342,-78.534836,-85.647026
2022-06-25 19:47:41 +0000 ,-71.96982,-200.0,-200.0,-70.87742,-64.85259,-200.0,-69.70982,-70.170586,-200.0,-200.0,-200.0,-90.89355,-82.628365,-200.0,-77.062454,-200.0,-88.9535,-85.29971,-78.23241,-200.0
2022-06-25 19:47:42 +0000 ,-200.0,-200.0,-200.0,-200.0,-64.77965,-200.0,-200.0,-70.54242,-73.11456,-80.087265,-91.599335,-90.94685,-82.59813,-85.95161,-77.01575,-83.78044,-89.258354,-85.48939,-77.95585,-85.29079
2022-06-25 19:47:43 +0000 ,-71.948875,-200.0,-66.38419,-70.861534,-64.648056,-66.012665,-200.0,-70.9238,-72.99853,-80.079796,-91.63361,-91.16671,-82.89204,-86.14754,-77.01439,-83.98532,-89.318954,-200.0,-200.0,-84.98855
2022-06-25 19:47:44 +0000 ,-71.86769,-200.0,-66.4162,-70.63739,-64.50704,-65.84047,-69.77316,-200.0,-73.107735,-80.072975,-91.600075,-200.0,-83.37327,-86.4358,-76.94827,-83.79194,-89.356544,-85.639305,-77.96248,-84.66798
2022-06-25 19:47:45 +0000 ,-71.66369,-200.0,-66.53103,-70.411736,-200.0,-65.61812,-69.707016,-71.01303,-73.20475,-200.0,-200.0,-200.0,-200.0,-86.87051,-200.0,-83.48819,-200.0,-85.88549,-77.661964,-84.48392
2022-06-25 19:47:46 +0000 ,-71.3709,-200.0,-200.0,-70.07563,-200.0,-65.32924,-69.7114,-71.01192,-200.0,-200.0,-200.0,-91.40913,-83.53028,-200.0,-76.86714,-200.0,-89.022316,-86.02221,-77.39286,-200.0
2022-06-25 19:47:47 +0000 ,-200.0,-200.0,-200.0,-200.0,-64.63763,-200.0,-69.67122,-70.75137,-73.27279,-80.06673,-91.61362,-91.6308,-83.440704,-86.72545,-76.66319,-83.18974,-88.59262,-86.105865,-77.77206,-84.292076
2022-06-25 19:47:48 +0000 ,-71.08249,-200.0,-66.39719,-70.700134,-64.90463,-65.43368,-200.0,-70.36553,-73.33501,-80.06102,-91.711555,-91.70374,-83.38232,-86.40671,-76.50021,-82.98172,-88.329445,-200.0,-200.0,-84.09597
2022-06-25 19:47:49 +0000 ,-70.81876,-200.0,-66.321846,-71.77602,-65.0397,-65.58836,-69.67867,-200.0,-73.32702,-80.0558,-91.82179,-200.0,-200.0,-85.98547,-76.37186,-82.812164,-88.2599,-86.24724,-77.6561,-83.98152
2022-06-25 19:47:50 +0000 ,-70.70736,-200.0,-66.22943,-72.36771,-200.0,-65.70914,-69.70617,-69.92715,-73.29904,-80.051025,-200.0,-200.0,-200.0,-85.55893,-200.0,-82.78689,-200.0,-86.13768,-77.40817,-84.15706
2022-06-25 19:47:51 +0000 ,-70.7766,-200.0,-200.0,-72.69916,-200.0,-65.75469,-69.796196,-69.70023,-200.0,-200.0,-200.0,-91.66421,-83.21985,-200.0,-76.70865,-200.0,-88.62695,-85.8899,-77.20213,-200.0
2022-06-25 19:47:52 +0000 ,-200.0,-200.0,-200.0,-200.0,-64.6677,-200.0,-200.0,-69.48988,-73.468094,-79.9169,-91.5982,-91.60738,-83.02993,-85.16888,-77.03161,-83.064644,-89.02178,-85.448006,-77.078606,-84.7247
2022-06-25 19:47:53 +0000 ,-200.0,-200.0,-66.448654,-73.111336,-64.182785,-65.77568,-69.44503,-69.082214,-73.554955,-80.01241,-91.290344,-200.0,-82.856255,-84.812195,-76.961174,-83.2067,-88.84311,-200.0,-200.0,-85.28227
2022-06-25 19:47:54 +0000 ,-70.94616,-200.0,-66.687614,-73.46472,-63.86912,-65.535355,-68.91428,-200.0,-73.46327,-80.31223,-91.20347,-200.0,-82.69743,-84.48603,-76.85826,-83.01505,-88.514305,-85.04677,-77.635124,-85.7066
2022-06-25 19:47:55 +0000 ,-70.99212,-200.0,-66.82058,-73.70231,-200.0,-65.29776,-68.47315,-68.906906,-73.40296,-80.88727,-200.0,-200.0,-200.0,-200.0,-200.0,-82.757095,-200.0,-84.63565,-77.961525,-86.13881
2022-06-25 19:47:56 +0000 ,-70.79816,-200.0,-66.92149,-74.22329,-64.07781,-65.166046,-68.86901,-68.764435,-200.0,-200.0,-200.0,-91.6203,-82.74684,-200.0,-76.39555,-200.0,-88.27851,-84.23904,-78.071045,-200.0
2022-06-25 19:47:57 +0000 ,-200.0,-200.0,-200.0,-200.0,-64.08898,-200.0,-69.60889,-68.61347,-73.303604,-80.847015,-90.991425,-91.65278,-82.78918,-84.1229,-76.17277,-82.45632,-88.213326,-83.87635,-78.2154,-86.2952
2022-06-25 19:47:58 +0000 ,-70.94803,-200.0,-66.94888,-74.47869,-63.995815,-65.13115,-200.0,-68.34567,-73.12719,-80.47367,-90.93013,-91.61761,-82.67745,-83.77016,-76.07243,-82.09573,-88.065315,-200.0,-200.0,-86.3555
2022-06-25 19:47:59 +0000 ,-71.403786,-200.0,-66.95326,-74.67374,-64.040375,-65.184814,-69.61313,-200.0,-73.01007,-80.02604,-90.80634,-200.0,-82.533936,-83.512474,-76.175316,-81.68043,-200.0,-83.73934,-78.10857,-86.28088
2022-06-25 19:48:00 +0000 ,-71.62306,-200.0,-67.08702,-74.807884,-200.0,-65.1248,-69.32467,-68.44871,-73.05341,-200.0,-90.651794,-91.69453,-200.0,-83.36239,-200.0,-81.40974,-200.0,-83.611206,-77.92816,-86.106415
2022-06-25 19:48:01 +0000 ,-71.80575,-200.0,-200.0,-74.90988,-64.252235,-64.963684,-69.364624,-68.47234,-200.0,-200.0,-200.0,-91.352066,-82.532455,-200.0,-75.617744,-200.0,-88.27789,-83.60311,-77.82807,-200.0
2022-06-25 19:48:02 +0000 ,-200.0,-200.0,-67.18581,-200.0,-64.098045,-200.0,-200.0,-68.43193,-73.00463,-79.660904,-90.51047,-91.08879,-82.57246,-83.50535,-74.945305,-81.13869,-88.53147,-83.57219,-77.886986,-86.055954
2022-06-25 19:48:03 +0000 ,-71.73397,-200.0,-67.12571,-75.197784,-64.02762,-64.92544,-200.0,-68.459854,-72.91868,-79.34769,-90.38123,-90.91008,-82.47928,-83.78367,-74.41596,-80.80527,-88.67779,-200.0,-200.0,-86.05116
2022-06-25 19:48:04 +0000 ,-71.52073,-200.0,-67.09428,-75.328445,-64.155014,-64.866936,-69.245026,-200.0,-72.7752,-79.191025,-90.26306,-200.0,-82.352715,-83.73444,-74.147224,-80.4797,-200.0,-83.58812,-78.24174,-86.04678
2022-06-25 19:48:05 +0000 ,-71.17529,-200.0,-67.21597,-75.51566,-200.0,-64.59812,-69.1827,-68.18166,-72.55843,-79.02425,-90.15499,-200.0,-200.0,-83.32652,-200.0,-80.37663,-200.0,-83.68825,-78.4542,-86.04277
