,location,001,002,003,004,005,006,007,008,009,010,011,012,013,014,015,016,017,018,019,020,021,022
0,E01,-200.0,-61.16294,-200.0,-66.0,-200.0,-200.0,-200.0,-200.0,-200.0,-200.0,-200.0,-200.0,-200.0,-64.0,-200.0,-200.0,-200,-200,-200.0,-60.592655500000006,-200,-200
1,E01,-200.0,-61.16294,-200.0,-66.0,-200.0,-200.0,-200.0,-200.0,-200.0,-200.0,-200.0,-200.0,-200.0,-64.500496,-200.0,-200.0,-200,-200,-200.0,-60.592655500000006,-200,-200
2,E01,-200.0,-61.0,-200.0,-200.0,-200.0,-200.0,-200.0,-200.0,-200.0,-200.0,-200.0,-200.0,-69.0,-65.33643,-200.0,-200.0,-200,-200,-200.0,-58.0,-200,-200
3,E01,-200.0,-60.4995,-200.0,-66.33444,-200.0,-200.0,-200.0,-200.0,-200.0,-200.0,-200.0,-200.0,-69.0,-200.0,-200.0,-200.0,-200,-200,-200.0,-58.0,-200,-200
4,E01,-200.0,-59.66356,-200.0,-66.75374,-200.0,-200.0,-200.0,-200.0,-200.0,-200.0,-200.0,-200.0,-69.0,-200.0,-200.0,-200.0,-200,-200,-200.0,-57.331116,-200,-200
5,E01,-200.0,-59.748257,-200.0,-200.0,-200.0,-200.0,-200.0,-200.0,-200.0,-200.0,-200.0,-200.0,-66.55326450000001,-65.25174,-200.0,-200.0,-200,-200,-200.0,-60.592655500000006,-200,-200
6,E01,-200.0,-61.16294,-200.0,-66.836914,-200.0,-200.0,-200.0,-200.0,-200.0,-200.0,-200.0,-200.0,-200.0,-65.403175,-200.0,-200.0,-200,-200,-200.0,-60.592655500000006,-200,-200
7,E01,-200.0,-61.418327,-200.0,-200.0,-200.0,-200.0,-200.0,-200.0,-200.0,-68.38409,-200.0,-200.0,-200.0,-65.674164,-200.0,-200.0,-200,-200,-200.0,-58.002995,-200,-200
8,E01,-200.0,-60.498814,-200.0,-66.71427,-200.0,-200.0,-200.0,-200.0,-200.0,-67.97949,-200.0,-200.0,-200.0,-200.0,-200.0,-200.0,-200,-200,-200.0,-59.419117,-200,-200
9,E01,-200.0,-60.279175,-200.0,-66.75123,-200.0,-200.0,-200.0,-200.0,-200.0,-67.9825,-200.0,-200.0,-200.0,-200.0,-200.0,-200.0,-200,-200,-200.0,-60.366215,-200,-200
10,E01,-200.0,-60.3724,-200.0,-66.78011,-200.0,-200.0,-200.0,-200.0,-200.0,-200.0,-200.0,-200.0,-66.55326450000001,-200.0,-200.0,-200.0,-200,-200,-200.0,-60.592655500000006,-200,-200
11,E01,-200.0,-61.16294,-200.0,-66.90895,-200.0,-200.0,-200.0,-200.0,-200.0,-200.0,-200.0,-200.0,-68.07883,-200.0,-200.0,-200.0,-200,-200,-200.0,-60.592655500000006,-200,-200
12,E01,-200.0,-60.9096,-200.0,-200.0,-200.0,-200.0,-200.0,-200.0,-200.0,-67.865135,-200.0,-200.0,-67.96489,-200.0,-200.0,-200.0,-200,-200,-200.0,-60.45909,-200,-200
13,E01,-200.0,-60.919147,-200.0,-67.01495,-200.0,-200.0,-200.0,-200.0,-200.0,-200.0,-200.0,-200.0,-67.9683,-200.0,-200.0,-200.0,-200,-200,-200.0,-60.270386,-200,-200
14,E01,-200.0,-61.21848,-200.0,-67.0136,-200.0,-200.0,-200.0,-200.0,-200.0,-200.0,-200.0,-200.0,-67.610306,-200.0,-200.0,-200.0,-200,-200,-200.0,-60.819427,-200,-200
15,E01,-200.0,-61.379196,-200.0,-66.928024,-200.0,-200.0,-200.0,-200.0,-200.0,-200.0,-200.0,-200.0,-66.55326450000001,-200.0,-200.0,-200.0,-200,-200,-200.0,-60.592655500000006,-200,-200
16,E01,-200.0,-61.16294,-200.0,-66.77464,-200.0,-200.0,-200.0,-200.0,-200.0,-200.0,-200.0,-200.0,-67.38992,-200.0,-200.0,-200.0,-200,-200,-200.0,-60.592655500000006,-200,-200
17,E01,-200.0,-61.600464,-200.0,-200.0,-200.0,-200.0,-200.0,-200.0,-200.0,-68.98754,-200.0,-200.0,-67.518005,-200.0,-200.0,-200.0,-200,-200,-200.0,-61.260956,-200,-200
18,E01,-200.0,-61.791355,-200.0,-67.01785,-200.0,-200.0,-200.0,-200.0,-200.0,-200.0,-200.0,-200.0,-67.55435,-200.0,-200.0,-200.0,-200,-200,-200.0,-61.624237,-200,-200
19,E01,-200.0,-61.807087,-200.0,-66.87289,-200.0,-200.0,-200.0,-200.0,-200.0,-200.0,-200.0,-200.0,-67.586365,-200.0,-200.0,-200.0,-200,-200,-200.0,-61.838566,-200,-200
20,E01,-200.0,-61.89279,-200.0,-66.5378,-200.0,-200.0,-200.0,-200.0,-200.0,-200.0,-200.0,-200.0,-66.55326450000001,-200.0,-200.0,-200.0,-200,-200,-200.0,-61.76777,-200,-200
21,E01,-200.0,-61.16294,-200.0,-66.171814,-200.0,-200.0,-200.0,-200.0,-200.0,-200.0,-200.0,-200.0,-67.88987,-200.0,-200.0,-200.0,-200,-200,-200.0,-60.592655500000006,-200,-200
22,E01,-200.0,-62.037697,-200.0,-69.05505,-200.0,-200.0,-200.0,-200.0,-200.0,-200.0,-200.0,-200.0,-67.831055,-200.0,-200.0,-200.0,-200,-200,-200.0,-62.024902,-200,-200
23,E01,-200.0,-62.23347,-200.0,-66.28835,-200.0,-200.0,-200.0,-200.0,-200.0,-200.0,-200.0,-200.0,-67.65058,-200.0,-200.0,-200.0,-200,-200,-200.0,-62.098427,-200,-200
24,E01,-200.0,-62.47358,-200.0,-66.579025,-200.0,-200.0,-200.0,-200.0,-200.0,-200.0,-200.0,-200.0,-67.42536,-200.0,-200.0,-200.0,-200,-200,-200.0,-62.091354,-200,-200
25,E01,-200.0,-62.87621,-200.0,-66.84375,-200.0,-200.0,-200.0,-200.0,-200.0,-200.0,-200.0,-200.0,-66.55326450000001,-200.0,-200.0,-200.0,-200,-200,-200.0,-62.08507,-200,-200
26,E01,-200.0,-61.16294,-200.0,-66.9694,-200.0,-200.0,-200.0,-200.0,-200.0,-200.0,-200.0,-200.0,-67.280136,-200.0,-200.0,-200.0,-200,-200,-200.0,-60.592655500000006,-200,-200
27,E01,-200.0,-63.36265,-200.0,-69.05505,-200.0,-200.0,-200.0,-200.0,-200.0,-200.0,-200.0,-200.0,-67.205536,-200.0,-200.0,-200.0,-200,-200,-200.0,-62.14554,-200,-200
28,E01,-200.0,-63.749435,-200.0,-67.027985,-200.0,-200.0,-200.0,-200.0,-200.0,-200.0,-200.0,-200.0,-67.19385,-200.0,-200.0,-200.0,-200,-200,-200.0,-62.13626,-200,-200
29,E01,-200.0,-63.991066,-200.0,-66.97085,-200.0,-200.0,-200.0,-200.0,-200.0,-200.0,-200.0,-200.0,-67.127495,-200.0,-200.0,-200.0,-200,-200,-200.0,-62.127857,-200,-200
30,E01,-200.0,-64.102715,-200.0,-66.91799,-200.0,-200.0,-200.0,-200.0,-200.0,-200.0,-200.0,-200.0,-66.55326450000001,-200.0,-200.0,-200.0,-200,-200,-200.0,-60.592655500000006,-200,-200
31,E01,-200.0,-61.16294,-200.0,-67.45665,-200.0,-200.0,-200.0,-200.0,-200.0,-200.0,-200.0,-200.0,-67.28388,-200.0,-200.0,-200.0,-200,-200,-200.0,-60.592655500000006,-200,-200
32,E01,-200.0,-64.09712,-200.0,-69.05505,-200.0,-200.0,-200.0,-200.0,-200.0,-200.0,-200.0,-200.0,-67.322136,-200.0,-200.0,-200.0,-200,-200,-200.0,-61.641167,-200,-200
33,E01,-200.0,-64.19879,-200.0,-67.43267,-200.0,-200.0,-200.0,-200.0,-200.0,-200.0,-200.0,-200.0,-67.357735,-200.0,-200.0,-200.0,-200,-200,-200.0,-61.312435,-200,-200
34,E01,-200.0,-64.08331,-200.0,-67.462,-200.0,-200.0,-200.0,-200.0,-200.0,-200.0,-200.0,-200.0,-67.287544,-200.0,-200.0,-200.0,-200,-200,-200.0,-60.95359,-200,-200
35,E01,-200.0,-64.13071,-200.0,-67.59134,-200.0,-200.0,-200.0,-200.0,-200.0,-200.0,-200.0,-200.0,-66.55326450000001,-200.0,-200.0,-200.0,-200,-200,-200.0,-60.56713,-200,-200
36,E01,-200.0,-61.16294,-200.0,-67.96398,-200.0,-200.0,-200.0,-200.0,-200.0,-200.0,-200.0,-200.0,-67.37481,-200.0,-200.0,-200.0,-200,-200,-200.0,-60.592655500000006,-200,-200
37,E01,-200.0,-64.32789,-200.0,-69.05505,-200.0,-200.0,-200.0,-200.0,-200.0,-200.0,-200.0,-200.0,-67.40626,-200.0,-200.0,-200.0,-200,-200,-200.0,-60.264046,-200,-200
38,E01,-200.0,-64.2108,-200.0,-68.114876,-200.0,-200.0,-200.0,-200.0,-200.0,-200.0,-200.0,-200.0,-67.43577,-200.0,-200.0,-200.0,-200,-200,-200.0,-60.14308,-200,-200
39,E01,-200.0,-64.001526,-200.0,-68.20754,-200.0,-200.0,-200.0,-200.0,-200.0,-200.0,-200.0,-200.0,-67.7093,-200.0,-200.0,-200.0,-200,-200,-200.0,-59.97802,-200,-200
40,E01,-200.0,-63.804817,-200.0,-68.100105,-200.0,-200.0,-200.0,-200.0,-200.0,-200.0,-200.0,-200.0,-66.55326450000001,-200.0,-200.0,-200.0,-200,-200,-200.0,-59.824062,-200,-200
41,E01,-200.0,-61.16294,-200.0,-67.902374,-200.0,-200.0,-200.0,-200.0,-200.0,-200.0,-200.0,-200.0,-67.77211,-200.0,-200.0,-200.0,-200,-200,-200.0,-60.592655500000006,-200,-200
42,E01,-200.0,-63.570972,-200.0,-69.05505,-200.0,-200.0,-200.0,-200.0,-200.0,-200.0,-200.0,-200.0,-67.783104,-200.0,-200.0,-200.0,-200,-200,-200.0,-59.782066,-200,-200
43,E01,-200.0,-63.254086,-200.0,-68.002686,-200.0,-200.0,-200.0,-200.0,-200.0,-200.0,-200.0,-200.0,-67.79348,-200.0,-200.0,-200.0,-200,-200,-200.0,-59.692432,-200,-200
44,E01,-200.0,-62.954994,-200.0,-67.9551,-200.0,-200.0,-200.0,-200.0,-200.0,-200.0,-200.0,-200.0,-67.99312,-200.0,-200.0,-200.0,-200,-200,-200.0,-59.55862,-200,-200
45,E01,-200.0,-62.672375,-200.0,-67.86296,-200.0,-200.0,-200.0,-200.0,-200.0,-200.0,-200.0,-200.0,-66.55326450000001,-200.0,-200.0,-200.0,-200,-200,-200.0,-60.592655500000006,-200,-200
46,E01,-200.0,-61.16294,-200.0,-67.822556,-200.0,-200.0,-200.0,-200.0,-200.0,-200.0,-200.0,-200.0,-67.899185,-200.0,-200.0,-200.0,-200,-200,-200.0,-60.592655500000006,-200,-200
47,E01,-200.0,-62.4993,-200.0,-69.05505,-200.0,-200.0,-200.0,-200.0,-200.0,-200.0,-200.0,-200.0,-68.04439,-200.0,-200.0,-200.0,-200,-200,-200.0,-59.432842,-200,-200
48,E01,-200.0,-62.335434,-200.0,-67.598045,-200.0,-200.0,-200.0,-200.0,-200.0,-200.0,-200.0,-200.0,-68.08888,-200.0,-200.0,-200.0,-200,-200,-200.0,-59.314438,-200,-200
49,E01,-200.0,-62.180153,-200.0,-67.57035,-200.0,-200.0,-200.0,-200.0,-200.0,-200.0,-200.0,-200.0,-68.501526,-200.0,-200.0,-200.0,-200,-200,-200.0,-59.202824,-200,-200
50,E01,-200.0,-61.98658,-200.0,-67.497986,-200.0,-200.0,-200.0,-200.0,-200.0,-200.0,-200.0,-200.0,-66.55326450000001,-200.0,-200.0,-200.0,-200,-200,-200.0,-59.193123,-200,-200
51,E01,-200.0,-61.16294,-200.0,-67.42926,-200.0,-200.0,-200.0,-200.0,-200.0,-200.0,-200.0,-200.0,-68.34017,-200.0,-200.0,-200.0,-200,-200,-200.0,-60.592655500000006,-200,-200
52,E01,-200.0,-61.66463,-200.0,-69.05505,-200.0,-200.0,-200.0,-200.0,-200.0,-200.0,-200.0,-200.0,-68.23282,-200.0,-200.0,-200.0,-200,-200,-200.0,-59.373795,-200,-200
53,E01,-200.0,-61.404762,-200.0,-67.72947,-200.0,-200.0,-200.0,-200.0,-200.0,-200.0,-200.0,-200.0,-68.22218,-200.0,-200.0,-200.0,-200,-200,-200.0,-59.59182,-200,-200
54,E01,-200.0,-61.157825,-200.0,-67.83282,-200.0,-200.0,-200.0,-200.0,-200.0,-200.0,-200.0,-200.0,-68.212074,-200.0,-200.0,-200.0,-200,-200,-200.0,-59.891903,-200,-200
55,E01,-200.0,-61.014088,-200.0,-67.885765,-200.0,-200.0,-200.0,-200.0,-200.0,-200.0,-200.0,-200.0,-66.55326450000001,-200.0,-200.0,-200.0,-200,-200,-200.0,-60.592655500000006,-200,-200
56,E01,-200.0,-61.16294,-200.0,-67.98138,-200.0,-200.0,-200.0,-200.0,-200.0,-200.0,-200.0,-200.0,-68.021,-200.0,-200.0,-200.0,-200,-200,-200.0,-60.592655500000006,-200,-200
57,E01,-200.0,-60.87736,-200.0,-69.05505,-200.0,-200.0,-200.0,-200.0,-200.0,-200.0,-200.0,-200.0,-67.884384,-200.0,-200.0,-200.0,-200,-200,-200.0,-59.896935,-200,-200
58,E01,-200.0,-60.702023,-200.0,-67.89203,-200.0,-200.0,-200.0,-200.0,-200.0,-200.0,-200.0,-200.0,-67.79941,-200.0,-200.0,-200.0,-200,-200,-200.0,-59.8554,-200,-200
59,E01,-200.0,-60.580185,-200.0,-67.80694,-200.0,-200.0,-200.0,-200.0,-200.0,-200.0,-200.0,-200.0,-67.71848,-200.0,-200.0,-200.0,-200,-200,-200.0,-59.815983,-200,-200
60,E01,-200.0,-60.509117,-200.0,-67.860466,-200.0,-200.0,-200.0,-200.0,-200.0,-200.0,-200.0,-200.0,-66.55326450000001,-200.0,-200.0,-200.0,-200,-200,-200.0,-59.732674,-200,-200
61,E01,-200.0,-61.16294,-200.0,-68.04579,-200.0,-200.0,-200.0,-200.0,-200.0,-200.0,-200.0,-200.0,-67.775986,-200.0,-200.0,-200.0,-200,-200,-200.0,-60.592655500000006,-200,-200
62,E01,-200.0,-60.396538,-200.0,-69.05505,-200.0,-200.0,-200.0,-200.0,-200.0,-200.0,-200.0,-200.0,-67.83078,-200.0,-200.0,-200.0,-200,-200,-200.0,-59.836266,-200,-200
63,E01,-200.0,-60.28925,-200.0,-67.909706,-200.0,-200.0,-200.0,-200.0,-200.0,-200.0,-200.0,-200.0,-67.88302,-200.0,-200.0,-200.0,-200,-200,-200.0,-60.071312,-200,-200
64,E01,-200.0,-60.231647,-200.0,-67.77994,-200.0,-200.0,-200.0,-200.0,-200.0,-200.0,-200.0,-200.0,-67.97743,-200.0,-200.0,-200.0,-200,-200,-200.0,-60.113438,-200,-200
65,E01,-200.0,-60.17672,-200.0,-67.656166,-200.0,-200.0,-200.0,-200.0,-200.0,-200.0,-200.0,-200.0,-66.55326450000001,-200.0,-200.0,-200.0,-200,-200,-200.0,-60.108307,-200,-200
66,E01,-200.0,-61.16294,-200.0,-67.538086,-200.0,-200.0,-200.0,-200.0,-200.0,-200.0,-200.0,-200.0,-68.20106,-200.0,-200.0,-200.0,-200,-200,-200.0,-60.592655500000006,-200,-200
67,E01,-200.0,-61.16294,-200.0,-69.05505,-200.0,-200.0,-200.0,-200.0,-200.0,-200.0,-200.0,-200.0,-68.36994,-200.0,-200.0,-200.0,-200,-200,-200.0,-60.2387,-200,-200
68,E01,-200.0,-60.12433,-200.0,-67.60299,-200.0,-200.0,-200.0,-200.0,-200.0,-200.0,-200.0,-200.0,-68.39792,-200.0,-200.0,-200.0,-200,-200,-200.0,-60.317917,-200,-200
69,E01,-200.0,-60.163258,-200.0,-67.62059,-200.0,-200.0,-200.0,-200.0,-200.0,-200.0,-200.0,-200.0,-68.46895,-200.0,-200.0,-200.0,-200,-200,-200.0,-60.393387,-200,-200
70,E01,-200.0,-60.2448,-200.0,-67.50454,-200.0,-200.0,-200.0,-200.0,-200.0,-200.0,-200.0,-200.0,-66.55326450000001,-200.0,-200.0,-200.0,-200,-200,-200.0,-60.420544,-200,-200
71,E01,-200.0,-61.16294,-200.0,-67.30527,-200.0,-200.0,-200.0,-200.0,-200.0,-200.0,-200.0,-200.0,-68.35961,-200.0,-200.0,-200.0,-200,-200,-200.0,-60.592655500000006,-200,-200
72,E01,-200.0,-60.411293,-200.0,-69.05505,-200.0,-200.0,-200.0,-200.0,-200.0,-200.0,-200.0,-200.0,-68.255226,-200.0,-200.0,-200.0,-200,-200,-200.0,-60.49111,-200,-200
73,E01,-200.0,-60.658787,-200.0,-67.46856,-200.0,-200.0,-200.0,-200.0,-200.0,-200.0,-200.0,-200.0,-68.19975,-200.0,-200.0,-200.0,-200,-200,-200.0,-60.513805,-200,-200
74,E01,-200.0,-60.93931,-200.0,-67.66865,-200.0,-200.0,-200.0,-200.0,-200.0,-200.0,-200.0,-200.0,-68.19093,-200.0,-200.0,-200.0,-200,-200,-200.0,-60.535454,-200,-200
75,E01,-200.0,-61.295547,-200.0,-67.7715,-200.0,-200.0,-200.0,-200.0,-200.0,-200.0,-200.0,-200.0,-66.55326450000001,-200.0,-200.0,-200.0,-200,-200,-200.0,-60.91175,-200,-200
76,E01,-200.0,-61.16294,-200.0,-67.82566,-200.0,-200.0,-200.0,-200.0,-200.0,-200.0,-200.0,-200.0,-68.050156,-200.0,-200.0,-200.0,-200,-200,-200.0,-60.592655500000006,-200,-200
77,E01,-200.0,-61.90067,-200.0,-69.05505,-200.0,-200.0,-200.0,-200.0,-200.0,-200.0,-200.0,-200.0,-67.91568,-200.0,-200.0,-200.0,-200,-200,-200.0,-60.91567,-200,-200
78,E01,-200.0,-62.081528,-200.0,-67.921455,-200.0,-200.0,-200.0,-200.0,-200.0,-200.0,-200.0,-200.0,-67.919395,-200.0,-200.0,-200.0,-200,-200,-200.0,-60.963745,-200,-200
79,E01,-200.0,-62.298367,-200.0,-67.96895,-200.0,-200.0,-200.0,-200.0,-200.0,-200.0,-200.0,-200.0,-67.878914,-200.0,-200.0,-200.0,-200,-200,-200.0,-61.05392,-200,-200
80,E01,-200.0,-62.549557,-200.0,-68.19033,-200.0,-200.0,-200.0,-200.0,-200.0,-200.0,-200.0,-200.0,-66.55326450000001,-200.0,-200.0,-200.0,-200,-200,-200.0,-61.670864,-200,-200
81,E01,-200.0,-61.16294,-200.0,-68.48982,-200.0,-200.0,-200.0,-200.0,-200.0,-200.0,-200.0,-200.0,-67.796234,-200.0,-200.0,-200.0,-200,-200,-200.0,-60.592655500000006,-200,-200
82,E01,-200.0,-62.61342,-200.0,-69.05505,-200.0,-200.0,-200.0,-200.0,-200.0,-200.0,-200.0,-200.0,-67.8052,-200.0,-200.0,-200.0,-200,-200,-200.0,-61.597023,-200,-200
83,E01,-200.0,-62.586426,-200.0,-68.46829,-200.0,-200.0,-200.0,-200.0,-200.0,-200.0,-200.0,-200.0,-67.81377,-200.0,-200.0,-200.0,-200,-200,-200.0,-61.482353,-200,-200
84,E01,-200.0,-62.604614,-200.0,-68.27196,-200.0,-200.0,-200.0,-200.0,-200.0,-200.0,-200.0,-200.0,-67.64619,-200.0,-200.0,-200.0,-200,-200,-200.0,-61.328716,-200,-200
85,E01,-200.0,-62.621994,-200.0,-68.21609,-200.0,-200.0,-200.0,-200.0,-200.0,-200.0,-200.0,-200.0,-66.55326450000001,-200.0,-200.0,-200.0,-200,-200,-200.0,-61.314224,-200,-200
86,E01,-200.0,-61.16294,-200.0,-68.16269,-200.0,-200.0,-200.0,-200.0,-200.0,-200.0,-200.0,-200.0,-67.617805,-200.0,-200.0,-200.0,-200,-200,-200.0,-60.592655500000006,-200,-200
87,E01,-200.0,-62.68254,-200.0,-69.05505,-200.0,-200.0,-200.0,-200.0,-200.0,-200.0,-200.0,-200.0,-67.63458,-200.0,-200.0,-200.0,-200,-200,-200.0,-61.124157,-200,-200
88,E01,-200.0,-62.696484,-200.0,-68.287224,-200.0,-200.0,-200.0,-200.0,-200.0,-200.0,-200.0,-200.0,-67.65062,-200.0,-200.0,-200.0,-200,-200,-200.0,-60.942577,-200,-200
89,E01,-200.0,-62.6659,-200.0,-68.318504,-200.0,-200.0,-200.0,-200.0,-200.0,-200.0,-200.0,-200.0,-67.66595,-200.0,-200.0,-200.0,-200,-200,-200.0,-60.769093,-200,-200
90,E01,-200.0,-62.636673,-200.0,-68.216805,-200.0,-200.0,-200.0,-200.0,-200.0,-200.0,-200.0,-200.0,-66.55326450000001,-200.0,-200.0,-200.0,-200,-200,-200.0,-60.691288,-200,-200
91,E01,-200.0,-61.16294,-200.0,-69.05505,-200.0,-200.0,-200.0,-200.0,-200.0,-200.0,-200.0,-200.0,-67.636734,-200.0,-200.0,-200.0,-200,-200,-200.0,-60.592655500000006,-200,-200
92,E01,-200.0,-62.477104,-200.0,-69.05505,-200.0,-200.0,-200.0,-200.0,-200.0,-200.0,-200.0,-200.0,-67.652664,-200.0,-200.0,-200.0,-200,-200,-200.0,-60.70486,-200,-200
93,E01,-200.0,-62.456177,-200.0,-68.031876,-200.0,-200.0,-200.0,-200.0,-200.0,-200.0,-200.0,-200.0,-67.66789,-200.0,-200.0,-200.0,-200,-200,-200.0,-60.67389,-200,-200
94,E01,-200.0,-62.480026,-200.0,-67.94279,-200.0,-200.0,-200.0,-200.0,-200.0,-200.0,-200.0,-200.0,-67.72629,-200.0,-200.0,-200.0,-200,-200,-200.0,-60.732136,-200,-200
95,E01,-200.0,-62.590515,-200.0,-67.85763,-200.0,-200.0,-200.0,-200.0,-200.0,-200.0,-200.0,-200.0,-66.55326450000001,-200.0,-200.0,-200.0,-200,-200,-200.0,-60.83171,-200,-200
96,E01,-200.0,-61.16294,-200.0,-67.82004,-200.0,-200.0,-200.0,-200.0,-200.0,-200.0,-200.0,-200.0,-68.00124,-200.0,-200.0,-200.0,-200,-200,-200.0,-60.592655500000006,-200,-200
97,E01,-200.0,-63.26599,-200.0,-69.05505,-200.0,-200.0,-200.0,-200.0,-200.0,-200.0,-200.0,-200.0,-68.35174,-200.0,-200.0,-200.0,-200,-200,-200.0,-60.795204,-200,-200
98,E01,-200.0,-63.385815,-200.0,-67.74029,-200.0,-200.0,-200.0,-200.0,-200.0,-200.0,-200.0,-200.0,-68.5992,-200.0,-200.0,-200.0,-200,-200,-200.0,-60.76031,-200,-200
99,E01,-200.0,-63.368908,-200.0,-67.66404,-200.0,-200.0,-200.0,-200.0,-200.0,-200.0,-200.0,-200.0,-68.83578,-200.0,-200.0,-200.0,-200,-200,-200.0,-60.72696,-200,-200
100,E01,-200.0,-63.396557,-200.0,-67.63495,-200.0,-200.0,-200.0,-200.0,-200.0,-200.0,-200.0,-200.0,-66.55326450000001,-200.0,-200.0,-200.0,-200,-200,-200.0,-60.738934,-200,-200
101,E01,-200.0,-61.16294,-200.0,-67.78234,-200.0,-200.0,-200.0,-200.0,-200.0,-200.0,-200.0,-200.0,-68.97437,-200.0,-200.0,-200.0,-200,-200,-200.0,-60.592655500000006,-200,-200
102,E01,-200.0,-63.5106,-200.0,-69.05505,-200.0,-200.0,-200.0,-200.0,-200.0,-200.0,-200.0,-200.0,-69.019295,-200.0,-200.0,-200.0,-200,-200,-200.0,-60.750378,-200,-200
103,E01,-200.0,-63.48824,-200.0,-67.83567,-200.0,-200.0,-200.0,-200.0,-200.0,-200.0,-200.0,-200.0,-69.06224,-200.0,-200.0,-200.0,-200,-200,-200.0,-60.629814,-200,-200
104,E01,-200.0,-63.335476,-200.0,-67.88666,-200.0,-200.0,-200.0,-200.0,-200.0,-200.0,-200.0,-200.0,-69.14709,-200.0,-200.0,-200.0,-200,-200,-200.0,-60.426907,-200,-200
105,E01,-200.0,-63.452152,-200.0,-67.84783,-200.0,-200.0,-200.0,-200.0,-200.0,-200.0,-200.0,-200.0,-66.55326450000001,-200.0,-200.0,-200.0,-200,-200,-200.0,-60.89021,-200,-200
106,E01,-200.0,-61.16294,-200.0,-67.85449,-200.0,-200.0,-200.0,-200.0,-200.0,-200.0,-200.0,-200.0,-69.05309,-200.0,-200.0,-200.0,-200,-200,-200.0,-60.592655500000006,-200,-200
107,E01,-200.0,-63.60749,-200.0,-69.05505,-200.0,-200.0,-200.0,-200.0,-200.0,-200.0,-200.0,-200.0,-69.006996,-200.0,-200.0,-200.0,-200,-200,-200.0,-60.851208,-200,-200
108,E01,-200.0,-63.493336,-200.0,-67.90464,-200.0,-200.0,-200.0,-200.0,-200.0,-200.0,-200.0,-200.0,-69.13801,-200.0,-200.0,-200.0,-200,-200,-200.0,-60.682503,-200,-200
109,E01,-200.0,-63.25286,-200.0,-67.95258,-200.0,-200.0,-200.0,-200.0,-200.0,-200.0,-200.0,-200.0,-200.0,-69.215918,-200.0,-200.0,-200,-200,-200.0,-60.521214,-200,-200
110,E01,-200.0,-62.979156,-200.0,-68.08596,-200.0,-200.0,-200.0,-200.0,-200.0,-200.0,-200.0,-200.0,-66.55326450000001,-200.0,-200.0,-200.0,-200,-200,-200.0,-60.27942,-200,-200
111,E01,-200.0,-61.16294,-200.0,-68.344795,-200.0,-200.0,-200.0,-200.0,-200.0,-200.0,-200.0,-200.0,-69.20799,-200.0,-200.0,-200.0,-200,-200,-200.0,-60.592655500000006,-200,-200
112,E01,-200.0,-62.673683,-200.0,-69.05505,-200.0,-200.0,-200.0,-200.0,-200.0,-200.0,-200.0,-200.0,-68.98007,-200.0,-200.0,-200.0,-200,-200,-200.0,-60.13582,-200,-200
113,E01,-200.0,-62.469135,-200.0,-68.9424,-200.0,-200.0,-200.0,-200.0,-200.0,-200.0,-200.0,-200.0,-68.76213,-200.0,-200.0,-200.0,-200,-200,-200.0,-59.99852,-200,-200
114,E01,-200.0,-62.31731,-200.0,-69.0762,-200.0,-200.0,-200.0,-200.0,-200.0,-200.0,-200.0,-200.0,-68.55374,-200.0,-200.0,-200.0,-200,-200,-200.0,-59.823467,-200,-200
115,E01,-200.0,-62.2159,-200.0,-69.160385,-200.0,-200.0,-200.0,-200.0,-200.0,-200.0,-200.0,-200.0,-66.55326450000001,-200.0,-200.0,-200.0,-200,-200,-200.0,-60.09385,-200,-200
116,E01,-200.0,-61.16294,-200.0,-69.240875,-200.0,-200.0,-200.0,-200.0,-200.0,-200.0,-200.0,-200.0,-68.442,-200.0,-200.0,-200.0,-200,-200,-200.0,-60.592655500000006,-200,-200
117,E01,-200.0,-62.162693,-200.0,-69.05505,-200.0,-200.0,-200.0,-200.0,-200.0,-200.0,-200.0,-200.0,-68.33515,-200.0,-200.0,-200.0,-200,-200,-200.0,-60.04597,-200,-200
118,E01,-200.0,-62.024303,-200.0,-200.0,-200.0,-200.0,-200.0,-200.0,-200.0,-200.0,-200.0,-200.0,-68.18923,-69.215918,-200.0,-200.0,-200,-200,-200.0,-60.00019,-200,-200
119,E01,-200.0,-61.891975,-200.0,-200.0,-200.0,-200.0,-200.0,-200.0,-200.0,-200.0,-200.0,-200.0,-68.00595,-69.863464,-200.0,-200.0,-200,-200,-200.0,-60.087715,-200,-200
120,E01,-200.0,-61.76544,-200.0,-200.0,-200.0,-200.0,-200.0,-200.0,-200.0,-200.0,-200.0,-200.0,-66.55326450000001,-69.78189,-200.0,-200.0,-200,-200,-200.0,-60.12764,-200,-200
121,E01,-200.0,-61.16294,-200.0,-200.0,-200.0,-200.0,-200.0,-200.0,-200.0,-200.0,-200.0,-200.0,-67.96194,-69.878975,-200.0,-200.0,-200,-200,-200.0,-60.592655500000006,-200,-200
122,E01,-200.0,-61.600697,-200.0,-69.05505,-200.0,-200.0,-200.0,-200.0,-200.0,-200.0,-200.0,-200.0,-68.007355,-200.0,-200.0,-200.0,-200,-200,-200.0,-60.38462,-200,-200
123,E01,-200.0,-61.443165,-200.0,-200.0,-200.0,-200.0,-200.0,-200.0,-200.0,-200.0,-200.0,-200.0,-68.09453,-69.215918,-200.0,-200.0,-200,-200,-200.0,-60.674103,-200,-200
124,E01,-200.0,-61.29253,-200.0,-200.0,-200.0,-200.0,-200.0,-200.0,-200.0,-200.0,-200.0,-200.0,-68.17789,-69.215918,-200.0,-200.0,-200,-200,-200.0,-60.994663,-200,-200
125,E01,-200.0,-61.192234,-200.0,-200.0,-200.0,-200.0,-200.0,-200.0,-200.0,-200.0,-200.0,-200.0,-66.55326450000001,-69.88741,-200.0,-200.0,-200,-200,-200.0,-60.592655500000006,-200,-200
126,E01,-200.0,-61.16294,-200.0,-200.0,-200.0,-200.0,-200.0,-200.0,-200.0,-200.0,-200.0,-200.0,-68.21385,-69.89234,-200.0,-200.0,-200,-200,-200.0,-60.592655500000006,-200,-200
127,E01,-200.0,-61.16294,-200.0,-69.05505,-200.0,-200.0,-200.0,-200.0,-200.0,-200.0,-200.0,-200.0,-68.248245,-200.0,-200.0,-200.0,-200,-200,-200.0,-61.38869,-200,-200
128,E01,-200.0,-61.00884,-200.0,-200.0,-200.0,-200.0,-200.0,-200.0,-200.0,-200.0,-200.0,-200.0,-68.36862,-69.215918,-200.0,-200.0,-200,-200,-200.0,-61.634205,-200,-200
129,E01,-200.0,-60.83347,-200.0,-200.0,-200.0,-200.0,-200.0,-200.0,-200.0,-200.0,-200.0,-200.0,-68.39624,-69.215918,-200.0,-200.0,-200,-200,-200.0,-61.86897,-200,-200
130,E01,-200.0,-60.665775,-200.0,-200.0,-200.0,-200.0,-200.0,-200.0,-200.0,-200.0,-200.0,-200.0,-66.55326450000001,-69.815956,-200.0,-200.0,-200,-200,-200.0,-61.962204,-200,-200
131,E01,-200.0,-61.16294,-200.0,-200.0,-200.0,-200.0,-200.0,-200.0,-200.0,-200.0,-200.0,-200.0,-68.37891,-69.69275,-200.0,-200.0,-200,-200,-200.0,-60.592655500000006,-200,-200
132,E01,-200.0,-60.50542,-200.0,-69.05505,-200.0,-200.0,-200.0,-200.0,-200.0,-200.0,-200.0,-200.0,-68.31859,-200.0,-200.0,-200.0,-200,-200,-200.0,-62.051357,-200,-200
133,E01,-200.0,-60.395824,-200.0,-200.0,-200.0,-200.0,-200.0,-200.0,-200.0,-200.0,-200.0,-200.0,-68.26091,-69.215918,-200.0,-200.0,-200,-200,-200.0,-62.180355,-200,-200
134,E01,-200.0,-60.291023,-200.0,-200.0,-200.0,-200.0,-200.0,-200.0,-200.0,-200.0,-200.0,-200.0,-68.2495,-69.215918,-200.0,-200.0,-200,-200,-200.0,-62.303707,-200,-200
135,E01,-200.0,-60.23455,-200.0,-200.0,-200.0,-200.0,-200.0,-200.0,-200.0,-200.0,-200.0,-200.0,-66.55326450000001,-69.462265,-200.0,-200.0,-200,-200,-200.0,-60.592655500000006,-200,-200
136,E01,-200.0,-61.16294,-200.0,-200.0,-200.0,-200.0,-200.0,-200.0,-200.0,-200.0,-200.0,-200.0,-68.28232,-69.35454,-200.0,-200.0,-200,-200,-200.0,-60.592655500000006,-200,-200
137,E01,-200.0,-60.442997,-200.0,-69.05505,-200.0,-200.0,-200.0,-200.0,-200.0,-200.0,-200.0,-200.0,-68.35745,-200.0,-200.0,-200.0,-200,-200,-200.0,-62.37791,-200,-200
138,E01,-200.0,-60.46736,-200.0,-200.0,-200.0,-200.0,-200.0,-200.0,-200.0,-200.0,-200.0,-200.0,-68.4293,-69.23862,-200.0,-200.0,-200,-200,-200.0,-62.44887,-200,-200
139,E01,-200.0,-60.57814,-200.0,-200.0,-200.0,-200.0,-200.0,-200.0,-200.0,-200.0,-200.0,-200.0,-68.45426,-69.215918,-200.0,-200.0,-200,-200,-200.0,-62.56047,-200,-200
140,E01,-200.0,-60.64033,-200.0,-200.0,-200.0,-200.0,-200.0,-200.0,-200.0,-200.0,-200.0,-200.0,-66.55326450000001,-69.35941,-200.0,-200.0,-200,-200,-200.0,-62.62344,-200,-200
141,E01,-200.0,-61.16294,-200.0,-200.0,-200.0,-200.0,-200.0,-200.0,-200.0,-200.0,-200.0,-200.0,-68.17196,-69.212456,-200.0,-200.0,-200,-200,-200.0,-60.592655500000006,-200,-200
142,E01,-200.0,-60.831024,-200.0,-69.05505,-200.0,-200.0,-200.0,-200.0,-200.0,-200.0,-200.0,-200.0,-68.076965,-200.0,-200.0,-200.0,-200,-200,-200.0,-62.683655,-200,-200
143,E01,-200.0,-61.01337,-200.0,-200.0,-200.0,-200.0,-200.0,-200.0,-200.0,-200.0,-200.0,-200.0,-68.029854,-69.215918,-200.0,-200.0,-200,-200,-200.0,-62.69749,-200,-200
144,E01,-200.0,-61.31896,-200.0,-200.0,-200.0,-200.0,-200.0,-200.0,-200.0,-200.0,-200.0,-200.0,-67.72238,-69.215918,-200.0,-200.0,-200,-200,-200.0,-62.66698,-200,-200
145,E01,-200.0,-61.5237,-200.0,-200.0,-200.0,-200.0,-200.0,-200.0,-200.0,-200.0,-200.0,-200.0,-66.55326450000001,-69.11252,-200.0,-200.0,-200,-200,-200.0,-60.592655500000006,-200,-200
146,E01,-200.0,-61.16294,-200.0,-200.0,-200.0,-200.0,-200.0,-200.0,-200.0,-200.0,-200.0,-200.0,-67.69079,-69.151344,-200.0,-200.0,-200,-200,-200.0,-60.592655500000006,-200,-200
147,E01,-200.0,-61.63201,-200.0,-69.05505,-200.0,-200.0,-200.0,-200.0,-200.0,-200.0,-200.0,-200.0,-67.5731,-200.0,-200.0,-200.0,-200,-200,-200.0,-62.637806,-200,-200
148,E01,-200.0,-61.691845,-200.0,-200.0,-200.0,-200.0,-200.0,-200.0,-200.0,-200.0,-200.0,-200.0,-67.504295,-69.26579,-200.0,-200.0,-200,-200,-200.0,-62.522427,-200,-200
149,E01,-200.0,-61.74906,-200.0,-200.0,-200.0,-200.0,-200.0,-200.0,-200.0,-200.0,-200.0,-200.0,-67.48224,-69.215918,-200.0,-200.0,-200,-200,-200.0,-62.543316,-200,-200
150,E01,-200.0,-61.84751,-200.0,-200.0,-200.0,-200.0,-200.0,-200.0,-200.0,-200.0,-200.0,-200.0,-66.55326450000001,-69.25417,-200.0,-200.0,-200,-200,-200.0,-63.000687,-200,-200
151,E01,-200.0,-61.16294,-200.0,-200.0,-200.0,-200.0,-200.0,-200.0,-200.0,-200.0,-200.0,-200.0,-67.32993,-69.2868,-200.0,-200.0,-200,-200,-200.0,-60.592655500000006,-200,-200
152,E01,-200.0,-61.89792,-200.0,-69.05505,-200.0,-200.0,-200.0,-200.0,-200.0,-200.0,-200.0,-200.0,-67.315506,-200.0,-200.0,-200.0,-200,-200,-200.0,-62.73822,-200,-200
153,E01,-200.0,-61.989857,-200.0,-200.0,-200.0,-200.0,-200.0,-200.0,-200.0,-200.0,-200.0,-200.0,-67.389175,-69.520874,-200.0,-200.0,-200,-200,-200.0,-62.530975,-200,-200
154,E01,-200.0,-61.902824,-200.0,-200.0,-200.0,-200.0,-200.0,-200.0,-200.0,-200.0,-200.0,-200.0,-67.503365,-69.215918,-200.0,-200.0,-200,-200,-200.0,-62.376537,-200,-200
155,E01,-200.0,-61.775864,-200.0,-200.0,-200.0,-200.0,-200.0,-200.0,-200.0,-200.0,-200.0,-200.0,-66.55326450000001,-69.36687,-200.0,-200.0,-200,-200,-200.0,-62.185116,-200,-200
156,E01,-200.0,-61.16294,-200.0,-200.0,-200.0,-200.0,-200.0,-200.0,-200.0,-200.0,-200.0,-200.0,-67.393875,-69.219604,-200.0,-200.0,-200,-200,-200.0,-60.592655500000006,-200,-200
157,E01,-200.0,-61.698193,-200.0,-69.05505,-200.0,-200.0,-200.0,-200.0,-200.0,-200.0,-200.0,-200.0,-67.33291,-200.0,-200.0,-200.0,-200,-200,-200.0,-62.045803,-200,-200
158,E01,-200.0,-61.667656,-200.0,-200.0,-200.0,-200.0,-200.0,-200.0,-200.0,-200.0,-200.0,-200.0,-67.27461,-69.215918,-200.0,-200.0,-200,-200,-200.0,-61.956326,-200,-200
159,E01,-200.0,-61.55098,-200.0,-200.0,-200.0,-200.0,-200.0,-200.0,-200.0,-200.0,-200.0,-200.0,-67.2626,-69.029686,-200.0,-200.0,-200,-200,-200.0,-61.958237,-200,-200
160,E01,-200.0,-61.43941,-200.0,-200.0,-200.0,-200.0,-200.0,-200.0,-200.0,-200.0,-200.0,-200.0,-66.55326450000001,-68.94091,-200.0,-200.0,-200,-200,-200.0,-62.091278,-200,-200
161,E01,-200.0,-61.16294,-200.0,-200.0,-200.0,-200.0,-200.0,-200.0,-200.0,-200.0,-200.0,-200.0,-67.29485,-69.03097,-200.0,-200.0,-200,-200,-200.0,-60.592655500000006,-200,-200
162,E01,-200.0,-61.332718,-200.0,-69.05505,-200.0,-200.0,-200.0,-200.0,-200.0,-200.0,-200.0,-200.0,-67.50063,-200.0,-200.0,-200.0,-200,-200,-200.0,-61.956074,-200,-200
163,E01,-200.0,-61.40564,-200.0,-200.0,-200.0,-200.0,-200.0,-200.0,-200.0,-200.0,-200.0,-200.0,-67.566216,-69.76994,-200.0,-200.0,-200,-200,-200.0,-61.826782,-200,-200
164,E01,-200.0,-61.69405,-200.0,-200.0,-200.0,-200.0,-200.0,-200.0,-200.0,-200.0,-200.0,-200.0,-67.76013,-69.215918,-200.0,-200.0,-200,-200,-200.0,-61.79062,-200,-200
165,E01,-200.0,-61.926113,-200.0,-200.0,-200.0,-200.0,-200.0,-200.0,-200.0,-200.0,-200.0,-200.0,-66.55326450000001,-69.78001,-200.0,-200.0,-200,-200,-200.0,-62.01846,-200,-200
166,E01,-200.0,-61.16294,-200.0,-200.0,-200.0,-200.0,-200.0,-200.0,-200.0,-200.0,-200.0,-200.0,-67.945564,-69.74589,-200.0,-200.0,-200,-200,-200.0,-60.592655500000006,-200,-200
167,E01,-200.0,-62.10429,-200.0,-69.05505,-200.0,-200.0,-200.0,-200.0,-200.0,-200.0,-200.0,-200.0,-67.904205,-200.0,-200.0,-200.0,-200,-200,-200.0,-62.01765,-200,-200
168,E01,-200.0,-62.274673,-200.0,-200.0,-200.0,-200.0,-200.0,-200.0,-200.0,-200.0,-200.0,-200.0,-67.864655,-69.215918,-200.0,-200.0,-200,-200,-200.0,-62.06061,-200,-200
169,E01,-200.0,-62.350132,-200.0,-200.0,-200.0,-200.0,-200.0,-200.0,-200.0,-200.0,-200.0,-200.0,-67.826836,-69.90076,-200.0,-200.0,-200,-200,-200.0,-62.14543,-200,-200
170,E01,-200.0,-62.378555,-200.0,-200.0,-200.0,-200.0,-200.0,-200.0,-200.0,-200.0,-200.0,-200.0,-66.55326450000001,-69.9051,-200.0,-200.0,-200,-200,-200.0,-60.592655500000006,-200,-200
171,E01,-200.0,-61.16294,-200.0,-200.0,-200.0,-200.0,-200.0,-200.0,-200.0,-200.0,-200.0,-200.0,-67.74693,-69.86552,-200.0,-200.0,-200,-200,-200.0,-60.592655500000006,-200,-200
172,E01,-200.0,-62.44947,-200.0,-69.05505,-200.0,-200.0,-200.0,-200.0,-200.0,-200.0,-200.0,-200.0,-67.67053,-200.0,-200.0,-200.0,-200,-200,-200.0,-62.182808,-200,-200
173,E01,-200.0,-62.429813,-200.0,-200.0,-200.0,-200.0,-200.0,-200.0,-200.0,-200.0,-200.0,-200.0,-67.42253,-69.215918,-200.0,-200.0,-200,-200,-200.0,-62.218548,-200,-200
174,E01,-200.0,-62.236073,-200.0,-200.0,-200.0,-200.0,-200.0,-200.0,-200.0,-200.0,-200.0,-200.0,-67.18537,-69.215918,-200.0,-200.0,-200,-200,-200.0,-62.29646,-200,-200
175,E01,-200.0,-62.22575,-200.0,-200.0,-200.0,-200.0,-200.0,-200.0,-200.0,-200.0,-200.0,-200.0,-66.55326450000001,-69.87702,-200.0,-200.0,-200,-200,-200.0,-60.592655500000006,-200,-200
176,E01,-200.0,-61.16294,-200.0,-200.0,-200.0,-200.0,-200.0,-200.0,-200.0,-200.0,-200.0,-200.0,-67.221,-70.0136,-200.0,-200.0,-200,-200,-200.0,-60.592655500000006,-200,-200
177,E01,-200.0,-62.040936,-200.0,-69.05505,-200.0,-200.0,-200.0,-200.0,-200.0,-200.0,-200.0,-200.0,-67.25507,-200.0,-200.0,-200.0,-200,-200,-200.0,-62.458435,-200,-200
178,E01,-200.0,-61.8642,-200.0,-200.0,-200.0,-200.0,-200.0,-200.0,-200.0,-200.0,-200.0,-200.0,-67.37513,-69.215918,-200.0,-200.0,-200,-200,-200.0,-62.569595,-200,-200
179,E01,-200.0,-61.87014,-200.0,-200.0,-200.0,-200.0,-200.0,-200.0,-200.0,-200.0,-200.0,-200.0,-68.1897,-69.215918,-200.0,-200.0,-200,-200,-200.0,-62.763363,-200,-200
180,E01,-200.0,-61.832085,-200.0,-200.0,-200.0,-200.0,-200.0,-200.0,-200.0,-200.0,-200.0,-200.0,-66.55326450000001,-69.964874,-200.0,-200.0,-200,-200,-200.0,-60.592655500000006,-200,-200
181,E01,-200.0,-61.16294,-200.0,-200.0,-200.0,-200.0,-200.0,-200.0,-200.0,-200.0,-200.0,-200.0,-67.83152,-69.835205,-200.0,-200.0,-200,-200,-200.0,-60.592655500000006,-200,-200
182,E01,-200.0,-61.9269,-200.0,-69.05505,-200.0,-200.0,-200.0,-200.0,-200.0,-200.0,-200.0,-200.0,-67.70768,-200.0,-200.0,-200.0,-200,-200,-200.0,-62.642506,-200,-200
183,E01,-200.0,-62.061302,-200.0,-200.0,-200.0,-200.0,-200.0,-200.0,-200.0,-200.0,-200.0,-200.0,-67.67673,-69.215918,-200.0,-200.0,-200,-200,-200.0,-62.57067,-200,-200
184,E01,-200.0,-62.233562,-200.0,-200.0,-200.0,-200.0,-200.0,-200.0,-200.0,-200.0,-200.0,-200.0,-67.55966,-69.215918,-200.0,-200.0,-200,-200,-200.0,-62.45824,-200,-200
185,E01,-200.0,-61.16294,-200.0,-200.0,-200.0,-200.0,-200.0,-200.0,-200.0,-200.0,-200.0,-200.0,-66.55326450000001,-70.024254,-200.0,-200.0,-200,-200,-200.0,-62.35073,-200,-200
186,E01,-200.0,-61.16294,-200.0,-200.0,-200.0,-200.0,-200.0,-200.0,-200.0,-200.0,-200.0,-200.0,-67.27277,-70.198135,-200.0,-200.0,-200,-200,-200.0,-60.592655500000006,-200,-200
187,E01,-200.0,-62.135876,-200.0,-69.05505,-200.0,-200.0,-200.0,-200.0,-200.0,-200.0,-200.0,-200.0,-66.9547,-200.0,-200.0,-200.0,-200,-200,-200.0,-62.335392,-200,-200
188,E01,-200.0,-62.173668,-200.0,-200.0,-200.0,-200.0,-200.0,-200.0,-200.0,-200.0,-200.0,-200.0,-66.65053,-69.215918,-200.0,-200.0,-200,-200,-200.0,-62.320724,-200,-200
189,E01,-200.0,-62.29728,-200.0,-200.0,-200.0,-200.0,-200.0,-200.0,-200.0,-200.0,-200.0,-200.0,-66.359665,-69.215918,-200.0,-200.0,-200,-200,-200.0,-62.306698,-200,-200
190,E01,-200.0,-62.32801,-200.0,-200.0,-200.0,-200.0,-200.0,-200.0,-200.0,-200.0,-200.0,-200.0,-66.55326450000001,-70.17736,-200.0,-200.0,-200,-200,-200.0,-62.468227,-200,-200
191,E01,-200.0,-61.16294,-200.0,-200.0,-200.0,-200.0,-200.0,-200.0,-200.0,-200.0,-200.0,-200.0,-66.34394,-70.08213,-200.0,-200.0,-200,-200,-200.0,-60.592655500000006,-200,-200
192,E01,-200.0,-62.3574,-200.0,-69.05505,-200.0,-200.0,-200.0,-200.0,-200.0,-200.0,-200.0,-200.0,-66.328896,-200.0,-200.0,-200.0,-200,-200,-200.0,-62.316544,-200,-200
193,E01,-200.0,-62.16683,-200.0,-200.0,-200.0,-200.0,-200.0,-200.0,-200.0,-200.0,-200.0,-200.0,-66.314514,-69.99337,-200.0,-200.0,-200,-200,-200.0,-62.258965,-200,-200
194,E01,-200.0,-62.028324,-200.0,-200.0,-200.0,-200.0,-200.0,-200.0,-200.0,-200.0,-200.0,-200.0,-66.25702,-69.99366,-200.0,-200.0,-200,-200,-200.0,-62.203903,-200,-200
195,E01,-200.0,-61.895878,-200.0,-200.0,-200.0,-200.0,-200.0,-200.0,-200.0,-200.0,-200.0,-200.0,-66.55326450000001,-69.90647,-200.0,-200.0,-200,-200,-200.0,-60.592655500000006,-200,-200
196,E01,-200.0,-61.16294,-200.0,-200.0,-200.0,-200.0,-200.0,-200.0,-200.0,-200.0,-200.0,-200.0,-66.15831,-69.73562,-200.0,-200.0,-200,-200,-200.0,-60.592655500000006,-200,-200
197,E01,-200.0,-61.900433,-200.0,-69.05505,-200.0,-200.0,-200.0,-200.0,-200.0,-200.0,-200.0,-200.0,-66.06392,-200.0,-200.0,-200.0,-200,-200,-200.0,-62.282455,-200,-200
198,E01,-200.0,-61.861053,-200.0,-200.0,-200.0,-200.0,-200.0,-200.0,-200.0,-200.0,-200.0,-200.0,-65.92992,-69.215918,-200.0,-200.0,-200,-200,-200.0,-62.357574,-200,-200
199,E01,-200.0,-61.823395,-200.0,-200.0,-200.0,-200.0,-200.0,-200.0,-200.0,-200.0,-200.0,-200.0,-65.75804,-69.215918,-200.0,-200.0,-200,-200,-200.0,-62.429405,-200,-200
200,E01,-200.0,-61.787384,-200.0,-200.0,-200.0,-200.0,-200.0,-200.0,-200.0,-200.0,-200.0,-200.0,-66.55326450000001,-69.461655,-200.0,-200.0,-200,-200,-200.0,-60.592655500000006,-200,-200
201,E01,-200.0,-61.16294,-200.0,-200.0,-200.0,-200.0,-200.0,-200.0,-200.0,-200.0,-200.0,-200.0,-65.856094,-69.4852,-200.0,-200.0,-200,-200,-200.0,-60.592655500000006,-200,-200
202,E01,-200.0,-61.49054,-200.0,-69.05505,-200.0,-200.0,-200.0,-200.0,-200.0,-200.0,-200.0,-200.0,-65.94986,-200.0,-200.0,-200.0,-200,-200,-200.0,-62.191948,-200,-200
203,E01,-200.0,-61.16294,-200.0,-200.0,-200.0,-200.0,-200.0,-200.0,-200.0,-200.0,-200.0,-200.0,-66.03952,-69.616714,-200.0,-200.0,-200,-200,-200.0,-61.921143,-200,-200
204,E01,-200.0,-60.84967,-200.0,-200.0,-200.0,-200.0,-200.0,-200.0,-200.0,-200.0,-200.0,-200.0,-66.12526,-69.215918,-200.0,-200.0,-200,-200,-200.0,-61.66218,-200,-200
205,E01,-200.0,-60.506363,-200.0,-200.0,-200.0,-200.0,-200.0,-200.0,-200.0,-200.0,-200.0,-200.0,-66.55326450000001,-69.589745,-200.0,-200.0,-200,-200,-200.0,-61.327076,-200,-200
206,E01,-200.0,-61.16294,-200.0,-200.0,-200.0,-200.0,-200.0,-200.0,-200.0,-200.0,-200.0,-200.0,-66.25099,-69.52021,-200.0,-200.0,-200,-200,-200.0,-60.592655500000006,-200,-200
207,E01,-200.0,-61.16294,-200.0,-69.05505,-200.0,-200.0,-200.0,-200.0,-200.0,-200.0,-200.0,-200.0,-66.371216,-200.0,-200.0,-200.0,-200,-200,-200.0,-61.094093,-200,-200
208,E01,-200.0,-60.353012,-200.0,-200.0,-200.0,-200.0,-200.0,-200.0,-200.0,-200.0,-200.0,-200.0,-66.44245,-69.215918,-200.0,-200.0,-200,-200,-200.0,-60.783833,-200,-200
209,E01,-200.0,-60.206367,-200.0,-200.0,-200.0,-200.0,-200.0,-200.0,-200.0,-200.0,-200.0,-200.0,-66.51057,-69.215918,-200.0,-200.0,-200,-200,-200.0,-60.530876,-200,-200
210,E01,-200.0,-60.022404,-200.0,-200.0,-200.0,-200.0,-200.0,-200.0,-200.0,-200.0,-200.0,-200.0,-66.55326450000001,-69.51944,-200.0,-200.0,-200,-200,-200.0,-60.376453,-200,-200
211,E01,-200.0,-61.16294,-200.0,-200.0,-200.0,-200.0,-200.0,-200.0,-200.0,-200.0,-200.0,-200.0,-66.40077,-69.49673,-200.0,-200.0,-200,-200,-200.0,-60.592655500000006,-200,-200
212,E01,-200.0,-61.16294,-200.0,-69.05505,-200.0,-200.0,-200.0,-200.0,-200.0,-200.0,-200.0,-200.0,-66.42698,-200.0,-200.0,-200.0,-200,-200,-200.0,-60.578667,-200,-200
213,E01,-200.0,-59.802746,-200.0,-200.0,-200.0,-200.0,-200.0,-200.0,-200.0,-200.0,-200.0,-200.0,-66.36457,-69.931496,-200.0,-200.0,-200,-200,-200.0,-60.7283,-200,-200
214,E01,-200.0,-59.505226,-200.0,-200.0,-200.0,-200.0,-200.0,-200.0,-200.0,-200.0,-200.0,-200.0,-66.30489,-69.215918,-200.0,-200.0,-200,-200,-200.0,-60.65271,-200,-200
215,E01,-200.0,-59.22072,-200.0,-200.0,-200.0,-200.0,-200.0,-200.0,-200.0,-200.0,-200.0,-200.0,-66.55326450000001,-69.978226,-200.0,-200.0,-200,-200,-200.0,-60.592655500000006,-200,-200
216,E01,-200.0,-61.16294,-200.0,-70.09025,-200.0,-200.0,-200.0,-200.0,-200.0,-200.0,-200.0,-200.0,-66.20409,-200.0,-200.0,-200.0,-200,-200,-200.0,-60.592655500000006,-200,-200
217,E01,-200.0,-61.16294,-200.0,-69.05505,-200.0,-200.0,-200.0,-200.0,-200.0,-200.0,-200.0,-200.0,-66.19517,-200.0,-200.0,-200.0,-200,-200,-200.0,-60.799107,-200,-200
218,E01,-200.0,-59.03612,-200.0,-200.0,-200.0,-200.0,-200.0,-200.0,-200.0,-200.0,-200.0,-200.0,-66.23037,-69.215918,-200.0,-200.0,-200,-200,-200.0,-60.9391,-200,-200
219,E01,-200.0,-58.94707,-200.0,-69.95515,-200.0,-200.0,-200.0,-200.0,-200.0,-200.0,-200.0,-200.0,-66.3515,-200.0,-200.0,-200.0,-200,-200,-200.0,-61.029232,-200,-200
220,E01,-200.0,-58.861916,-200.0,-69.782166,-200.0,-200.0,-200.0,-200.0,-200.0,-200.0,-200.0,-200.0,-66.55326450000001,-200.0,-200.0,-200.0,-200,-200,-200.0,-61.07169,-200,-200
221,E01,-200.0,-61.16294,-200.0,-69.48554,-200.0,-200.0,-200.0,-200.0,-200.0,-200.0,-200.0,-200.0,-66.2924,-200.0,-200.0,-200.0,-200,-200,-200.0,-60.592655500000006,-200,-200
222,E01,-200.0,-58.82422,-200.0,-69.05505,-200.0,-200.0,-200.0,-200.0,-200.0,-200.0,-200.0,-200.0,-66.19214,-200.0,-200.0,-200.0,-200,-200,-200.0,-60.93735,-200,-200
223,E01,-200.0,-58.74444,-200.0,-200.0,-200.0,-200.0,-200.0,-200.0,-200.0,-200.0,-200.0,-200.0,-66.05253,-69.215918,-200.0,-200.0,-200,-200,-200.0,-60.85262,-200,-200
224,E01,-200.0,-58.668144,-200.0,-200.0,-200.0,-200.0,-200.0,-200.0,-200.0,-200.0,-200.0,-200.0,-66.05023,-69.215918,-200.0,-200.0,-200,-200,-200.0,-60.771595,-200,-200
225,E01,-200.0,-58.59519,-200.0,-200.0,-200.0,-200.0,-200.0,-200.0,-200.0,-200.0,-200.0,-200.0,-66.55326450000001,-69.903305,-200.0,-200.0,-200,-200,-200.0,-60.606644,-200,-200
226,E01,-200.0,-61.16294,-200.0,-200.0,-200.0,-200.0,-200.0,-200.0,-200.0,-200.0,-200.0,-200.0,-66.004295,-69.77632,-200.0,-200.0,-200,-200,-200.0,-60.49264,-200,-200
227,E01,-200.0,-58.52542,-200.0,-69.05505,-200.0,-200.0,-200.0,-200.0,-200.0,-200.0,-200.0,-200.0,-66.00411,-200.0,-200.0,-200.0,-200,-200,-200.0,-60.42736,-200,-200
228,E01,-200.0,-58.37124,-200.0,-200.0,-200.0,-200.0,-200.0,-200.0,-200.0,-200.0,-200.0,-200.0,-66.00393,-69.215918,-200.0,-200.0,-200,-200,-200.0,-60.452404,-200,-200
229,E01,-200.0,-58.223797,-200.0,-200.0,-200.0,-200.0,-200.0,-200.0,-200.0,-200.0,-200.0,-200.0,-66.04749,-69.215918,-200.0,-200.0,-200,-200,-200.0,-60.43262,-200,-200
230,E01,-200.0,-58.12654,-200.0,-200.0,-200.0,-200.0,-200.0,-200.0,-200.0,-200.0,-200.0,-200.0,-66.55326450000001,-69.84684,-200.0,-200.0,-200,-200,-200.0,-60.592655500000006,-200,-200
231,E01,-200.0,-61.16294,-200.0,-200.0,-200.0,-200.0,-200.0,-200.0,-200.0,-200.0,-200.0,-200.0,-66.13289,-69.85354,-200.0,-200.0,-200,-200,-200.0,-60.592655500000006,-200,-200
232,E01,-200.0,-58.208477,-200.0,-69.05505,-200.0,-200.0,-200.0,-200.0,-200.0,-200.0,-200.0,-200.0,-66.127075,-200.0,-200.0,-200.0,-200,-200,-200.0,-60.457436,-200,-200
233,E01,-200.0,-58.330563,-200.0,-200.0,-200.0,-200.0,-200.0,-200.0,-200.0,-200.0,-200.0,-200.0,-66.16525,-69.215918,-200.0,-200.0,-200,-200,-200.0,-60.437428,-200,-200
234,E01,-200.0,-58.491047,-200.0,-69.81844,-200.0,-200.0,-200.0,-200.0,-200.0,-200.0,-200.0,-200.0,-66.28923,-200.0,-200.0,-200.0,-200,-200,-200.0,-60.418297,-200,-200
235,E01,-200.0,-58.644512,-200.0,-69.738914,-200.0,-200.0,-200.0,-200.0,-200.0,-200.0,-200.0,-200.0,-66.55326450000001,-200.0,-200.0,-200.0,-200,-200,-200.0,-60.592655500000006,-200,-200
236,E01,-200.0,-61.16294,-200.0,-69.7066,-200.0,-200.0,-200.0,-200.0,-200.0,-200.0,-200.0,-200.0,-66.27658,-200.0,-200.0,-200.0,-200,-200,-200.0,-60.592655500000006,-200,-200
237,E01,-200.0,-58.92247,-200.0,-69.05505,-200.0,-200.0,-200.0,-200.0,-200.0,-200.0,-200.0,-200.0,-66.22075,-200.0,-200.0,-200.0,-200,-200,-200.0,-60.61868,-200,-200
238,E01,-200.0,-59.013332,-200.0,-200.0,-200.0,-200.0,-200.0,-200.0,-200.0,-200.0,-200.0,-200.0,-66.42977,-69.215918,-200.0,-200.0,-200,-200,-200.0,-60.722824,-200,-200
239,E01,-200.0,-59.10022,-200.0,-200.0,-200.0,-200.0,-200.0,-200.0,-200.0,-200.0,-200.0,-200.0,-66.673386,-69.215918,-200.0,-200.0,-200,-200,-200.0,-60.734947,-200,-200
240,E01,-200.0,-59.270775,-200.0,-200.0,-200.0,-200.0,-200.0,-200.0,-200.0,-200.0,-200.0,-200.0,-66.55326450000001,-69.95971,-200.0,-200.0,-200,-200,-200.0,-60.592655500000006,-200,-200
241,E01,-200.0,-61.16294,-200.0,-69.05505,-200.0,-200.0,-200.0,-200.0,-200.0,-200.0,-200.0,-200.0,-66.556465,-200.0,-200.0,-200.0,-200,-200,-200.0,-60.592655500000006,-200,-200
242,E01,-200.0,-59.521343,-200.0,-69.05505,-200.0,-200.0,-200.0,-200.0,-200.0,-200.0,-200.0,-200.0,-66.488396,-200.0,-200.0,-200.0,-200,-200,-200.0,-60.877747,-200,-200
243,E01,-200.0,-60.110836,-200.0,-200.0,-200.0,-200.0,-200.0,-200.0,-200.0,-200.0,-200.0,-200.0,-66.29209,-69.215918,-200.0,-200.0,-200,-200,-200.0,-60.83936,-200,-200
244,E01,-200.0,-60.45587,-200.0,-200.0,-200.0,-200.0,-200.0,-200.0,-200.0,-200.0,-200.0,-200.0,-66.06064,-69.924866,-200.0,-200.0,-200,-200,-200.0,-60.846386,-200,-200
245,E01,-200.0,-60.610874,-200.0,-200.0,-200.0,-200.0,-200.0,-200.0,-200.0,-200.0,-200.0,-200.0,-66.55326450000001,-69.62201,-200.0,-200.0,-200,-200,-200.0,-61.684074,-200,-200
246,E01,-200.0,-61.16294,-200.0,-200.0,-200.0,-200.0,-200.0,-200.0,-200.0,-200.0,-200.0,-200.0,-65.92678,-69.41986,-200.0,-200.0,-200,-200,-200.0,-60.592655500000006,-200,-200
247,E01,-200.0,-61.6338,-200.0,-69.05505,-200.0,-200.0,-200.0,-200.0,-200.0,-200.0,-200.0,-200.0,-65.798775,-200.0,-200.0,-200.0,-200,-200,-200.0,-61.87283,-200,-200
248,E01,-200.0,-61.64982,-200.0,-200.0,-200.0,-200.0,-200.0,-200.0,-200.0,-200.0,-200.0,-200.0,-65.67637,-69.215918,-200.0,-200.0,-200,-200,-200.0,-62.05333,-200,-200
249,E01,-200.0,-61.708866,-200.0,-200.0,-200.0,-200.0,-200.0,-200.0,-200.0,-200.0,-200.0,-200.0,-65.51558,-69.47714,-200.0,-200.0,-200,-200,-200.0,-62.182205,-200,-200
250,E01,-200.0,-61.852802,-200.0,-200.0,-200.0,-200.0,-200.0,-200.0,-200.0,-200.0,-200.0,-200.0,-66.55326450000001,-69.368805,-200.0,-200.0,-200,-200,-200.0,-60.592655500000006,-200,-200
251,E01,-200.0,-61.16294,-200.0,-200.0,-200.0,-200.0,-200.0,-200.0,-200.0,-200.0,-200.0,-200.0,-65.405556,-69.35268,-200.0,-200.0,-200,-200,-200.0,-60.592655500000006,-200,-200
252,E01,-200.0,-61.859238,-200.0,-69.05505,-200.0,-200.0,-200.0,-200.0,-200.0,-200.0,-200.0,-200.0,-65.30035,-200.0,-200.0,-200.0,-200,-200,-200.0,-62.261707,-200,-200
253,E01,-200.0,-61.865395,-200.0,-200.0,-200.0,-200.0,-200.0,-200.0,-200.0,-200.0,-200.0,-200.0,-65.11227,-69.23885,-200.0,-200.0,-200,-200,-200.0,-62.294,-200,-200
254,E01,-200.0,-61.87128,-200.0,-200.0,-200.0,-200.0,-200.0,-200.0,-200.0,-200.0,-200.0,-200.0,-64.93242,-69.215918,-200.0,-200.0,-200,-200,-200.0,-62.237404,-200,-200
255,E01,-200.0,-61.920647,-200.0,-200.0,-200.0,-200.0,-200.0,-200.0,-200.0,-200.0,-200.0,-200.0,-66.55326450000001,-69.14094,-200.0,-200.0,-200,-200,-200.0,-60.592655500000006,-200,-200
256,E01,-200.0,-61.16294,-200.0,-200.0,-200.0,-200.0,-200.0,-200.0,-200.0,-200.0,-200.0,-200.0,-65.02284,-68.95983,-200.0,-200.0,-200,-200,-200.0,-60.592655500000006,-200,-200
257,E01,-200.0,-62.186527,-200.0,-200.0,-200.0,-200.0,-200.0,-200.0,-200.0,-200.0,-200.0,-200.0,-65.065575,-68.74291,-200.0,-200.0,-200,-200,-200.0,-62.270756,-200,-200
258,E01,-200.0,-62.309574,-200.0,-200.0,-200.0,-200.0,-200.0,-200.0,-200.0,-200.0,-200.0,-200.0,-65.10644,-69.215918,-200.0,-200.0,-200,-200,-200.0,-62.21518,-200,-200
259,E01,-200.0,-62.60218,-200.0,-200.0,-200.0,-200.0,-200.0,-200.0,-200.0,-200.0,-200.0,-200.0,-65.276726,-69.01657,-200.0,-200.0,-200,-200,-200.0,-62.162033,-200,-200
260,E01,-200.0,-63.013195,-200.0,-200.0,-200.0,-200.0,-200.0,-200.0,-200.0,-200.0,-200.0,-200.0,-66.55326450000001,-68.928375,-200.0,-200.0,-200,-200,-200.0,-62.19868,-200,-200
261,E01,-200.0,-61.16294,-200.0,-200.0,-200.0,-200.0,-200.0,-200.0,-200.0,-200.0,-200.0,-200.0,-65.4833,-68.97524,-200.0,-200.0,-200,-200,-200.0,-60.592655500000006,-200,-200
262,E01,-200.0,-62.79394,-200.0,-69.05505,-200.0,-200.0,-200.0,-200.0,-200.0,-200.0,-200.0,-200.0,-65.6371,-200.0,-200.0,-200.0,-200,-200,-200.0,-62.233727,-200,-200
263,E01,-200.0,-62.67175,-200.0,-200.0,-200.0,-200.0,-200.0,-200.0,-200.0,-200.0,-200.0,-200.0,-65.74044,-69.215918,-200.0,-200.0,-200,-200,-200.0,-62.17977,-200,-200
264,E01,-200.0,-62.773575,-200.0,-200.0,-200.0,-200.0,-200.0,-200.0,-200.0,-200.0,-200.0,-200.0,-65.882996,-69.215918,-200.0,-200.0,-200,-200,-200.0,-62.040703,-200,-200
265,E01,-200.0,-62.827213,-200.0,-200.0,-200.0,-200.0,-200.0,-200.0,-200.0,-200.0,-200.0,-200.0,-66.55326450000001,-69.188385,-200.0,-200.0,-200,-200,-200.0,-60.592655500000006,-200,-200
266,E01,-200.0,-61.16294,-200.0,-200.0,-200.0,-200.0,-200.0,-200.0,-200.0,-200.0,-200.0,-200.0,-66.32546,-69.22388,-200.0,-200.0,-200,-200,-200.0,-60.592655500000006,-200,-200
267,E01,-200.0,-61.16294,-200.0,-69.05505,-200.0,-200.0,-200.0,-200.0,-200.0,-200.0,-200.0,-200.0,-66.3987,-200.0,-200.0,-200.0,-200,-200,-200.0,-62.170128,-200,-200
268,E01,-200.0,-62.441154,-200.0,-200.0,-200.0,-200.0,-200.0,-200.0,-200.0,-200.0,-200.0,-200.0,-66.381256,-69.246544,-200.0,-200.0,-200,-200,-200.0,-62.11895,-200,-200
269,E01,-200.0,-62.290653,-200.0,-200.0,-200.0,-200.0,-200.0,-200.0,-200.0,-200.0,-200.0,-200.0,-66.32085,-69.215918,-200.0,-200.0,-200,-200,-200.0,-61.938805,-200,-200
270,E01,-200.0,-61.884323,-200.0,-200.0,-200.0,-200.0,-200.0,-200.0,-200.0,-200.0,-200.0,-200.0,-66.55326450000001,-69.14829,-200.0,-200.0,-200,-200,-200.0,-61.76654,-200,-200
271,E01,-200.0,-61.16294,-200.0,-200.0,-200.0,-200.0,-200.0,-200.0,-200.0,-200.0,-200.0,-200.0,-66.43802,-69.05434,-200.0,-200.0,-200,-200,-200.0,-60.592655500000006,-200,-200
272,E01,-200.0,-61.889385,-200.0,-200.0,-200.0,-200.0,-200.0,-200.0,-200.0,-200.0,-200.0,-200.0,-66.550064,-69.05196,-200.0,-200.0,-200,-200,-200.0,-61.95169,-200,-200
273,E01,-200.0,-61.894222,-200.0,-200.0,-200.0,-200.0,-200.0,-200.0,-200.0,-200.0,-200.0,-200.0,-66.52601,-69.215918,-200.0,-200.0,-200,-200,-200.0,-61.953804,-200,-200
274,E01,-200.0,-61.89885,-200.0,-200.0,-200.0,-200.0,-200.0,-200.0,-200.0,-200.0,-200.0,-200.0,-66.503,-69.215918,-200.0,-200.0,-200,-200,-200.0,-61.912086,-200,-200
275,E01,-200.0,-61.90327,-200.0,-200.0,-200.0,-200.0,-200.0,-200.0,-200.0,-200.0,-200.0,-200.0,-66.55326450000001,-69.13716,-200.0,-200.0,-200,-200,-200.0,-62.222076,-200,-200
276,E01,-200.0,-61.16294,-200.0,-69.05505,-200.0,-200.0,-200.0,-200.0,-200.0,-200.0,-200.0,-200.0,-66.55326450000001,-200.0,-200.0,-200.0,-200,-200,-200.0,-62.124893,-200,-200
277,E01,-200.0,-62.038704,-200.0,-69.05505,-200.0,-200.0,-200.0,-200.0,-200.0,-200.0,-200.0,-200.0,-66.69968,-200.0,-200.0,-200.0,-200,-200,-200.0,-62.03196,-200,-200
278,E01,-200.0,-62.080746,-200.0,-200.0,-200.0,-200.0,-200.0,-200.0,-200.0,-200.0,-200.0,-200.0,-66.93149,-69.215918,-200.0,-200.0,-200,-200,-200.0,-61.986824,-200,-200
279,E01,-200.0,-62.033478,-200.0,-200.0,-200.0,-200.0,-200.0,-200.0,-200.0,-200.0,-200.0,-200.0,-66.55326450000001,-69.215918,-200.0,-200.0,-200,-200,-200.0,-61.89993,-200,-200
280,E01,-200.0,-61.900806,-200.0,-200.0,-200.0,-200.0,-200.0,-200.0,-200.0,-200.0,-200.0,-200.0,-66.55326450000001,-69.25114,-200.0,-200.0,-200,-200,-200.0,-60.592655500000006,-200,-200
281,E01,-200.0,-61.16294,-200.0,-69.11062,-200.0,-200.0,-200.0,-200.0,-200.0,-200.0,-200.0,-200.0,-66.93449,-200.0,-200.0,-200.0,-200,-200,-200.0,-60.592655500000006,-200,-200
282,E01,-200.0,-61.992615,-200.0,-69.05505,-200.0,-200.0,-200.0,-200.0,-200.0,-200.0,-200.0,-200.0,-66.806145,-200.0,-200.0,-200.0,-200,-200,-200.0,-61.860573,-200,-200
283,E01,-200.0,-61.77426,-200.0,-69.01831,-200.0,-200.0,-200.0,-200.0,-200.0,-200.0,-200.0,-200.0,-66.68342,-200.0,-200.0,-200.0,-200,-200,-200.0,-61.822937,-200,-200
284,E01,-200.0,-61.652927,-200.0,-68.97378,-200.0,-200.0,-200.0,-200.0,-200.0,-200.0,-200.0,-200.0,-66.741,-200.0,-200.0,-200.0,-200,-200,-200.0,-61.918148,-200,-200
285,E01,-200.0,-61.62437,-200.0,-68.79999,-200.0,-200.0,-200.0,-200.0,-200.0,-200.0,-200.0,-200.0,-66.55326450000001,-200.0,-200.0,-200.0,-200,-200,-200.0,-62.402813,-200,-200
286,E01,-200.0,-61.16294,-200.0,-68.6338,-200.0,-200.0,-200.0,-200.0,-200.0,-200.0,-200.0,-200.0,-66.79606,-200.0,-200.0,-200.0,-200,-200,-200.0,-60.592655500000006,-200,-200
287,E01,-200.0,-61.553326,-200.0,-69.05505,-200.0,-200.0,-200.0,-200.0,-200.0,-200.0,-200.0,-200.0,-66.80498,-200.0,-200.0,-200.0,-200,-200,-200.0,-62.735077,-200,-200
288,E01,-200.0,-61.57286,-200.0,-68.43114,-200.0,-200.0,-200.0,-200.0,-200.0,-200.0,-200.0,-200.0,-66.769775,-200.0,-200.0,-200.0,-200,-200,-200.0,-62.834133,-200,-200
289,E01,-200.0,-61.59154,-200.0,-68.28108,-200.0,-200.0,-200.0,-200.0,-200.0,-200.0,-200.0,-200.0,-66.77985,-200.0,-200.0,-200.0,-200,-200,-200.0,-62.841385,-200,-200
290,E01,-200.0,-61.65314,-200.0,-68.09385,-200.0,-200.0,-200.0,-200.0,-200.0,-200.0,-200.0,-200.0,-66.55326450000001,-200.0,-200.0,-200.0,-200,-200,-200.0,-63.15447,-200,-200
291,E01,-200.0,-61.16294,-200.0,-67.9148,-200.0,-200.0,-200.0,-200.0,-200.0,-200.0,-200.0,-200.0,-67.00815,-200.0,-200.0,-200.0,-200,-200,-200.0,-60.592655500000006,-200,-200
292,E01,-200.0,-61.799515,-200.0,-200.0,-200.0,-200.0,-200.0,-200.0,-200.0,-200.0,-200.0,-200.0,-66.96406,-68.44418,-200.0,-200.0,-200,-200,-200.0,-62.92904,-200,-200
293,E01,-200.0,-61.720814,-200.0,-68.006,-200.0,-200.0,-200.0,-200.0,-200.0,-200.0,-200.0,-200.0,-66.87816,-200.0,-200.0,-200.0,-200,-200,-200.0,-62.757202,-200,-200
294,E01,-200.0,-61.68929,-200.0,-67.962,-200.0,-200.0,-200.0,-200.0,-200.0,-200.0,-200.0,-200.0,-66.75228,-200.0,-200.0,-200.0,-200,-200,-200.0,-62.636616,-200,-200
295,E01,-200.0,-61.659145,-200.0,-67.83245,-200.0,-200.0,-200.0,-200.0,-200.0,-200.0,-200.0,-200.0,-66.55326450000001,-200.0,-200.0,-200.0,-200,-200,-200.0,-60.592655500000006,-200,-200
296,E01,-200.0,-61.16294,-200.0,-67.752304,-200.0,-200.0,-200.0,-200.0,-200.0,-200.0,-200.0,-200.0,-66.93806,-200.0,-200.0,-200.0,-200,-200,-200.0,-60.592655500000006,-200,-200
297,E01,-200.0,-61.936462,-200.0,-200.0,-200.0,-200.0,-200.0,-200.0,-200.0,-200.0,-200.0,-200.0,-66.853294,-68.37874,-200.0,-200.0,-200,-200,-200.0,-62.521305,-200,-200
298,E01,-200.0,-62.02671,-200.0,-67.80687,-200.0,-200.0,-200.0,-200.0,-200.0,-200.0,-200.0,-200.0,-66.7285,-200.0,-200.0,-200.0,-200,-200,-200.0,-62.367302,-200,-200
299,E01,-200.0,-61.894337,-200.0,-67.727844,-200.0,-200.0,-200.0,-200.0,-200.0,-200.0,-200.0,-200.0,-66.56544,-200.0,-200.0,-200.0,-200,-200,-200.0,-62.263767,-200,-200
300,E01,-200.0,-61.98643,-200.0,-67.56481,-200.0,-200.0,-200.0,-200.0,-200.0,-200.0,-200.0,-200.0,-66.55326450000001,-200.0,-200.0,-200.0,-200,-200,-200.0,-62.295967,-200,-200
301,E01,-200.0,-61.16294,-200.0,-67.84626,-200.0,-200.0,-200.0,-200.0,-200.0,-200.0,-200.0,-200.0,-66.58444,-200.0,-200.0,-200.0,-200,-200,-200.0,-60.592655500000006,-200,-200
302,E01,-200.0,-62.11823,-200.0,-200.0,-200.0,-200.0,-200.0,-200.0,-200.0,-200.0,-200.0,-200.0,-66.42767,-68.393036,-200.0,-200.0,-200,-200,-200.0,-62.10808,-200,-200
303,E01,-200.0,-62.11306,-200.0,-68.159134,-200.0,-200.0,-200.0,-200.0,-200.0,-200.0,-200.0,-200.0,-66.3215,-200.0,-200.0,-200.0,-200,-200,-200.0,-61.840942,-200,-200
304,E01,-200.0,-62.108116,-200.0,-68.19591,-200.0,-200.0,-200.0,-200.0,-200.0,-200.0,-200.0,-200.0,-66.26371,-200.0,-200.0,-200.0,-200,-200,-200.0,-61.71669,-200,-200
305,E01,-200.0,-62.234592,-200.0,-68.14361,-200.0,-200.0,-200.0,-200.0,-200.0,-200.0,-200.0,-200.0,-66.55326450000001,-200.0,-200.0,-200.0,-200,-200,-200.0,-60.592655500000006,-200,-200
306,E01,-200.0,-61.16294,-200.0,-68.00612,-200.0,-200.0,-200.0,-200.0,-200.0,-200.0,-200.0,-200.0,-66.1647,-200.0,-200.0,-200.0,-200,-200,-200.0,-60.592655500000006,-200,-200
307,E01,-200.0,-62.13686,-200.0,-200.0,-200.0,-200.0,-200.0,-200.0,-200.0,-200.0,-200.0,-200.0,-65.98256,-67.84149,-200.0,-200.0,-200,-200,-200.0,-61.46667,-200,-200
308,E01,-200.0,-62.08714,-200.0,-68.44321,-200.0,-200.0,-200.0,-200.0,-200.0,-200.0,-200.0,-200.0,-65.80838,-200.0,-200.0,-200.0,-200,-200,-200.0,-61.315056,-200,-200
309,E01,-200.0,-62.43321,-200.0,-200.0,-200.0,-200.0,-200.0,-200.0,-200.0,-200.0,-200.0,-200.0,-65.641815,-67.67348,-200.0,-200.0,-200,-200,-200.0,-61.25754,-200,-200
310,E01,-200.0,-62.370525,-200.0,-200.0,-200.0,-200.0,-200.0,-200.0,-200.0,-200.0,-200.0,-200.0,-66.55326450000001,-67.51282,-200.0,-200.0,-200,-200,-200.0,-61.290016,-200,-200
311,E01,-200.0,-61.16294,-200.0,-200.0,-200.0,-200.0,-200.0,-200.0,-200.0,-200.0,-200.0,-200.0,-65.48254,-67.31545,-200.0,-200.0,-200,-200,-200.0,-60.592655500000006,-200,-200
312,E01,-200.0,-62.398056,-200.0,-200.0,-200.0,-200.0,-200.0,-200.0,-200.0,-200.0,-200.0,-200.0,-65.33023,-67.17045,-200.0,-200.0,-200,-200,-200.0,-61.014923,-200,-200
313,E01,-200.0,-62.42438,-200.0,-200.0,-200.0,-200.0,-200.0,-200.0,-200.0,-200.0,-200.0,-200.0,-65.40325,-69.215918,-200.0,-200.0,-200,-200,-200.0,-60.83933,-200,-200
314,E01,-200.0,-62.53703,-200.0,-200.0,-200.0,-200.0,-200.0,-200.0,-200.0,-200.0,-200.0,-200.0,-65.69176,-69.215918,-200.0,-200.0,-200,-200,-200.0,-60.715153,-200,-200
315,E01,-200.0,-62.68848,-200.0,-200.0,-200.0,-200.0,-200.0,-200.0,-200.0,-200.0,-200.0,-200.0,-66.55326450000001,-67.206726,-200.0,-200.0,-200,-200,-200.0,-60.64014,-200,-200
316,E01,-200.0,-61.16294,-200.0,-200.0,-200.0,-200.0,-200.0,-200.0,-200.0,-200.0,-200.0,-200.0,-65.96765,-67.24142,-200.0,-200.0,-200,-200,-200.0,-60.592655500000006,-200,-200
317,E01,-200.0,-62.74584,-200.0,-200.0,-200.0,-200.0,-200.0,-200.0,-200.0,-200.0,-200.0,-200.0,-65.88159,-67.2746,-200.0,-200.0,-200,-200,-200.0,-60.39347,-200,-200
318,E01,-200.0,-62.80069,-200.0,-200.0,-200.0,-200.0,-200.0,-200.0,-200.0,-200.0,-200.0,-200.0,-65.75556,-69.215918,-200.0,-200.0,-200,-200,-200.0,-60.20132,-200,-200
319,E01,-200.0,-62.896877,-200.0,-200.0,-200.0,-200.0,-200.0,-200.0,-200.0,-200.0,-200.0,-200.0,-65.460106,-69.215918,-200.0,-200.0,-200,-200,-200.0,-60.105045,-200,-200
320,E01,-200.0,-62.988857,-200.0,-200.0,-200.0,-200.0,-200.0,-200.0,-200.0,-200.0,-200.0,-200.0,-66.55326450000001,-67.21886,-200.0,-200.0,-200,-200,-200.0,-60.01298,-200,-200
321,E01,-200.0,-61.16294,-200.0,-200.0,-200.0,-200.0,-200.0,-200.0,-200.0,-200.0,-200.0,-200.0,-65.52745,-67.471695,-200.0,-200.0,-200,-200,-200.0,-60.592655500000006,-200,-200
322,E01,-200.0,-62.55199,-200.0,-200.0,-200.0,-200.0,-200.0,-200.0,-200.0,-200.0,-200.0,-200.0,-65.59185,-67.80095,-200.0,-200.0,-200,-200,-200.0,-59.968678,-200,-200
323,E01,-200.0,-62.221703,-200.0,-200.0,-200.0,-200.0,-200.0,-200.0,-200.0,-200.0,-200.0,-200.0,-65.653435,-69.215918,-200.0,-200.0,-200,-200,-200.0,-59.92631,-200,-200
324,E01,-200.0,-61.90586,-200.0,-200.0,-200.0,-200.0,-200.0,-200.0,-200.0,-200.0,-200.0,-200.0,-65.84354,-67.940865,-200.0,-200.0,-200,-200,-200.0,-59.79833,-200,-200
325,E01,-200.0,-61.560097,-200.0,-200.0,-200.0,-200.0,-200.0,-200.0,-200.0,-200.0,-200.0,-200.0,-66.55326450000001,-67.81225,-200.0,-200.0,-200,-200,-200.0,-59.58847,-200,-200
326,E01,-200.0,-61.16294,-200.0,-200.0,-200.0,-200.0,-200.0,-200.0,-200.0,-200.0,-200.0,-200.0,-65.89412,-67.776726,-200.0,-200.0,-200,-200,-200.0,-59.344055,-200,-200
327,E01,-200.0,-61.448128,-200.0,-200.0,-200.0,-200.0,-200.0,-200.0,-200.0,-200.0,-200.0,-200.0,-65.85502,-67.87396,-200.0,-200.0,-200,-200,-200.0,-59.154064,-200,-200
328,E01,-200.0,-61.341057,-200.0,-200.0,-200.0,-200.0,-200.0,-200.0,-200.0,-200.0,-200.0,-200.0,-65.86136,-69.215918,-200.0,-200.0,-200,-200,-200.0,-59.01612,-200,-200
329,E01,-200.0,-61.107464,-200.0,-200.0,-200.0,-200.0,-200.0,-200.0,-200.0,-200.0,-200.0,-200.0,-65.867424,-69.215918,-200.0,-200.0,-200,-200,-200.0,-58.97168,-200,-200
330,E01,-200.0,-60.840355,-200.0,-200.0,-200.0,-200.0,-200.0,-200.0,-200.0,-200.0,-200.0,-200.0,-66.55326450000001,-68.01068,-200.0,-200.0,-200,-200,-200.0,-60.592655500000006,-200,-200
331,E01,-200.0,-61.16294,-200.0,-200.0,-200.0,-200.0,-200.0,-200.0,-200.0,-200.0,-200.0,-200.0,-65.91696,-68.010216,-200.0,-200.0,-200,-200,-200.0,-60.592655500000006,-200,-200
332,E01,-200.0,-60.584927,-200.0,-200.0,-200.0,-200.0,-200.0,-200.0,-200.0,-200.0,-200.0,-200.0,-65.876854,-68.009766,-200.0,-200.0,-200,-200,-200.0,-59.191593,-200,-200
333,E01,-200.0,-60.384403,-200.0,-200.0,-200.0,-200.0,-200.0,-200.0,-200.0,-200.0,-200.0,-200.0,-65.7073,-69.215918,-200.0,-200.0,-200,-200,-200.0,-59.48936,-200,-200
334,E01,-200.0,-60.28012,-200.0,-200.0,-200.0,-200.0,-200.0,-200.0,-200.0,-200.0,-200.0,-200.0,-65.50143,-68.22801,-200.0,-200.0,-200,-200,-200.0,-59.90531,-200,-200
335,E01,-200.0,-60.049194,-200.0,-200.0,-200.0,-200.0,-200.0,-200.0,-200.0,-200.0,-200.0,-200.0,-66.55326450000001,-68.30551,-200.0,-200.0,-200,-200,-200.0,-60.39054,-200,-200
336,E01,-200.0,-61.16294,-200.0,-200.0,-200.0,-200.0,-200.0,-200.0,-200.0,-200.0,-200.0,-200.0,-65.30456,-68.37962,-200.0,-200.0,-200,-200,-200.0,-60.592655500000006,-200,-200
337,E01,-200.0,-61.16294,-200.0,-200.0,-200.0,-200.0,-200.0,-200.0,-200.0,-200.0,-200.0,-200.0,-65.116295,-68.450485,-200.0,-200.0,-200,-200,-200.0,-60.46093,-200,-200
338,E01,-200.0,-59.915836,-200.0,-69.089806,-200.0,-200.0,-200.0,-200.0,-200.0,-200.0,-200.0,-200.0,-64.93627,-200.0,-200.0,-200.0,-200,-200,-200.0,-60.52824,-200,-200
339,E01,-200.0,-59.78831,-200.0,-68.91094,-200.0,-200.0,-200.0,-200.0,-200.0,-200.0,-200.0,-200.0,-65.07027,-200.0,-200.0,-200.0,-200,-200,-200.0,-60.680077,-200,-200
340,E01,-200.0,-59.7101,-200.0,-200.0,-200.0,-200.0,-200.0,-200.0,-200.0,-200.0,-200.0,-200.0,-66.55326450000001,-68.60572,-200.0,-200.0,-200,-200,-200.0,-60.912743,-200,-200
341,E01,-200.0,-61.16294,-200.0,-68.57633,-200.0,-200.0,-200.0,-200.0,-200.0,-200.0,-200.0,-200.0,-65.06719,-200.0,-200.0,-200.0,-200,-200,-200.0,-60.74162,-200,-200
342,E01,-200.0,-60.51001,-200.0,-200.0,-200.0,-200.0,-200.0,-200.0,-200.0,-200.0,-200.0,-200.0,-65.19546,-68.59571,-200.0,-200.0,-200,-200,-200.0,-60.62171,-200,-200
343,E01,-200.0,-60.531437,-200.0,-69.05505,-200.0,-200.0,-200.0,-200.0,-200.0,-200.0,-200.0,-200.0,-65.230644,-200.0,-200.0,-200.0,-200,-200,-200.0,-60.463318,-200,-200
344,E01,-200.0,-60.6394,-200.0,-68.41992,-200.0,-200.0,-200.0,-200.0,-200.0,-200.0,-200.0,-200.0,-65.13309,-200.0,-200.0,-200.0,-200,-200,-200.0,-60.31185,-200,-200
345,E01,-200.0,-60.830112,-200.0,-68.27035,-200.0,-200.0,-200.0,-200.0,-200.0,-200.0,-200.0,-200.0,-66.55326450000001,-200.0,-200.0,-200.0,-200,-200,-200.0,-60.29821,-200,-200
346,E01,-200.0,-61.16294,-200.0,-68.17105,-200.0,-200.0,-200.0,-200.0,-200.0,-200.0,-200.0,-200.0,-65.039795,-200.0,-200.0,-200.0,-200,-200,-200.0,-60.592655500000006,-200,-200
347,E01,-200.0,-60.57513,-200.0,-200.0,-200.0,-200.0,-200.0,-200.0,-200.0,-200.0,-200.0,-200.0,-65.038055,-67.91644,-200.0,-200.0,-200,-200,-200.0,-59.935287,-200,-200
348,E01,-200.0,-60.3313,-200.0,-68.16357,-200.0,-200.0,-200.0,-200.0,-200.0,-200.0,-200.0,-200.0,-65.03639,-200.0,-200.0,-200.0,-200,-200,-200.0,-59.63197,-200,-200
349,E01,-200.0,-60.098133,-200.0,-200.0,-200.0,-200.0,-200.0,-200.0,-200.0,-200.0,-200.0,-200.0,-65.07854,-67.745155,-200.0,-200.0,-200,-200,-200.0,-59.77927,-200,-200
350,E01,-200.0,-59.83143,-200.0,-200.0,-200.0,-200.0,-200.0,-200.0,-200.0,-200.0,-200.0,-200.0,-66.55326450000001,-67.58137,-200.0,-200.0,-200,-200,-200.0,-60.444954,-200,-200
351,E01,-200.0,-61.16294,-200.0,-200.0,-200.0,-200.0,-200.0,-200.0,-200.0,-200.0,-200.0,-200.0,-65.075096,-67.424736,-200.0,-200.0,-200,-200,-200.0,-60.592655500000006,-200,-200
352,E01,-200.0,-59.66386,-200.0,-200.0,-200.0,-200.0,-200.0,-200.0,-200.0,-200.0,-200.0,-200.0,-65.33422,-67.23122,-200.0,-200.0,-200,-200,-200.0,-60.250553,-200,-200
353,E01,-200.0,-59.50362,-200.0,-67.67516,-200.0,-200.0,-200.0,-200.0,-200.0,-200.0,-200.0,-200.0,-65.71322,-200.0,-200.0,-200.0,-200,-200,-200.0,-60.06465,-200,-200
354,E01,-200.0,-59.306656,-200.0,-67.339485,-200.0,-200.0,-200.0,-200.0,-200.0,-200.0,-200.0,-200.0,-66.55326450000001,-200.0,-200.0,-200.0,-200,-200,-200.0,-59.93062,-200,-200
355,E01,-200.0,-59.1183,-200.0,-200.0,-200.0,-200.0,-200.0,-200.0,-200.0,-200.0,-200.0,-200.0,-66.55326450000001,-67.26484,-200.0,-200.0,-200,-200,-200.0,-60.592655500000006,-200,-200
356,E01,-200.0,-61.16294,-200.0,-200.0,-200.0,-200.0,-200.0,-200.0,-200.0,-200.0,-200.0,-200.0,-65.59455,-67.20952,-200.0,-200.0,-200,-200,-200.0,-60.592655500000006,-200,-200
357,E01,-200.0,-58.80698,-200.0,-200.0,-200.0,-200.0,-200.0,-200.0,-200.0,-200.0,-200.0,-200.0,-65.43734,-67.15662,-200.0,-200.0,-200,-200,-200.0,-59.714973,-200,-200
358,E01,-200.0,-58.509274,-200.0,-67.54988,-200.0,-200.0,-200.0,-200.0,-200.0,-200.0,-200.0,-200.0,-65.33074,-200.0,-200.0,-200.0,-200,-200,-200.0,-59.465027,-200,-200
359,E01,-200.0,-58.268322,-200.0,-200.0,-200.0,-200.0,-200.0,-200.0,-200.0,-200.0,-200.0,-200.0,-66.55326450000001,-67.32471,-200.0,-200.0,-200,-200,-200.0,-59.226013,-200,-200
360,E01,-200.0,-58.03791,-200.0,-200.0,-200.0,-200.0,-200.0,-200.0,-200.0,-200.0,-200.0,-200.0,-66.55326450000001,-67.091835,-200.0,-200.0,-200,-200,-200.0,-59.084923,-200,-200
361,E01,-200.0,-61.16294,-200.0,-200.0,-200.0,-200.0,-200.0,-200.0,-200.0,-200.0,-200.0,-200.0,-65.44748,-67.00034,-200.0,-200.0,-200,-200,-200.0,-60.592655500000006,-200,-200
362,E01,-200.0,-57.77384,-200.0,-200.0,-200.0,-200.0,-200.0,-200.0,-200.0,-200.0,-200.0,-200.0,-65.51538,-66.9566,-200.0,-200.0,-200,-200,-200.0,-59.124943,-200,-200
363,E01,-200.0,-57.521324,-200.0,-68.26108,-200.0,-200.0,-200.0,-200.0,-200.0,-200.0,-200.0,-200.0,-65.62405,-200.0,-200.0,-200.0,-200,-200,-200.0,-59.11948,-200,-200
364,E01,-200.0,-57.454792,-200.0,-200.0,-200.0,-200.0,-200.0,-200.0,-200.0,-200.0,-200.0,-200.0,-65.77169,-66.827286,-200.0,-200.0,-200,-200,-200.0,-59.114254,-200,-200
365,E01,-200.0,-57.434902,-200.0,-200.0,-200.0,-200.0,-200.0,-200.0,-200.0,-200.0,-200.0,-200.0,-66.55326450000001,-66.616165,-200.0,-200.0,-200,-200,-200.0,-60.592655500000006,-200,-200
366,E01,-200.0,-61.16294,-200.0,-200.0,-200.0,-200.0,-200.0,-200.0,-200.0,-200.0,-200.0,-200.0,-65.650475,-66.414276,-200.0,-200.0,-200,-200,-200.0,-59.109257,-200,-200
367,E01,-200.0,-57.459618,-200.0,-200.0,-200.0,-200.0,-200.0,-200.0,-200.0,-200.0,-200.0,-200.0,-65.665764,-66.17748,-200.0,-200.0,-200,-200,-200.0,-59.36689,-200,-200
368,E01,-200.0,-57.57072,-200.0,-200.0,-200.0,-200.0,-200.0,-200.0,-200.0,-68.26329,-200.0,-200.0,-65.81159,-200.0,-200.0,-200.0,-200,-200,-200.0,-59.56952,-200,-200
369,E01,-200.0,-57.589493,-200.0,-200.0,-200.0,-200.0,-200.0,-200.0,-200.0,-200.0,-200.0,-200.0,-65.994774,-66.03851,-200.0,-200.0,-200,-200,-200.0,-59.807022,-200,-200
370,E01,-200.0,-58.39468,-200.0,-200.0,-200.0,-200.0,-200.0,-200.0,-200.0,-200.0,-200.0,-200.0,-66.55326450000001,-65.861885,-200.0,-200.0,-200,-200,-200.0,-60.592655500000006,-200,-200
371,E01,-200.0,-61.16294,-200.0,-200.0,-200.0,-200.0,-200.0,-200.0,-200.0,-200.0,-200.0,-200.0,-66.169945,-65.9554,-200.0,-200.0,-200,-200,-200.0,-60.592655500000006,-200,-200
372,E01,-200.0,-61.16294,-200.0,-200.0,-200.0,-200.0,-200.0,-200.0,-200.0,-200.0,-200.0,-200.0,-65.98757,-66.3947,-200.0,-200.0,-200,-200,-200.0,-59.771725,-200,-200
373,E01,-200.0,-58.202477,-200.0,-200.0,-200.0,-200.0,-200.0,-200.0,-200.0,-67.99242,-200.0,-200.0,-65.85691,-200.0,-200.0,-200.0,-200,-200,-200.0,-59.650505,-200,-200
374,E01,-200.0,-58.01868,-200.0,-200.0,-200.0,-200.0,-200.0,-200.0,-200.0,-67.77408,-200.0,-200.0,-65.775696,-200.0,-200.0,-200.0,-200,-200,-200.0,-59.490852,-200,-200
375,E01,-200.0,-57.842926,-200.0,-200.0,-200.0,-200.0,-200.0,-200.0,-200.0,-200.0,-200.0,-200.0,-66.55326450000001,-66.42117,-200.0,-200.0,-200,-200,-200.0,-59.294445,-200,-200
376,E01,-200.0,-61.16294,-200.0,-200.0,-200.0,-200.0,-200.0,-200.0,-200.0,-200.0,-200.0,-200.0,-65.523094,-66.44649,-200.0,-200.0,-200,-200,-200.0,-60.592655500000006,-200,-200
377,E01,-200.0,-57.937267,-200.0,-200.0,-200.0,-200.0,-200.0,-200.0,-200.0,-200.0,-200.0,-200.0,-65.45648,-66.42696,-200.0,-200.0,-200,-200,-200.0,-59.281567,-200,-200
378,E01,-200.0,-58.02748,-200.0,-200.0,-200.0,-200.0,-200.0,-200.0,-200.0,-67.17095,-200.0,-200.0,-65.392784,-200.0,-200.0,-200.0,-200,-200,-200.0,-59.269253,-200,-200
379,E01,-200.0,-58.157482,-200.0,-200.0,-200.0,-200.0,-200.0,-200.0,-200.0,-200.0,-200.0,-200.0,-65.33187,-66.58324,-200.0,-200.0,-200,-200,-200.0,-59.257477,-200,-200
380,E01,-200.0,-58.238064,-200.0,-200.0,-200.0,-200.0,-200.0,-200.0,-200.0,-200.0,-200.0,-200.0,-66.55326450000001,-66.60146,-200.0,-200.0,-200,-200,-200.0,-60.592655500000006,-200,-200
381,E01,-200.0,-61.16294,-200.0,-200.0,-200.0,-200.0,-200.0,-200.0,-200.0,-200.0,-200.0,-200.0,-65.40483,-66.6189,-200.0,-200.0,-200,-200,-200.0,-60.592655500000006,-200,-200
382,E01,-200.0,-58.31512,-200.0,-200.0,-200.0,-200.0,-200.0,-200.0,-200.0,-200.0,-200.0,-200.0,-65.29965,-66.59183,-200.0,-200.0,-200,-200,-200.0,-59.377422,-200,-200
383,E01,-200.0,-58.47628,-200.0,-200.0,-200.0,-200.0,-200.0,-200.0,-200.0,-66.98091,-200.0,-200.0,-65.24281,-200.0,-200.0,-200.0,-200,-200,-200.0,-59.492123,-200,-200
384,E01,-200.0,-58.805332,-200.0,-200.0,-200.0,-200.0,-200.0,-200.0,-200.0,-200.0,-200.0,-200.0,-65.319664,-66.34727,-200.0,-200.0,-200,-200,-200.0,-59.38313,-200,-200
385,E01,-200.0,-59.163727,-200.0,-200.0,-200.0,-200.0,-200.0,-200.0,-200.0,-200.0,-200.0,-200.0,-66.55326450000001,-66.288345,-200.0,-200.0,-200,-200,-200.0,-60.592655500000006,-200,-200
386,E01,-200.0,-61.16294,-200.0,-200.0,-200.0,-200.0,-200.0,-200.0,-200.0,-200.0,-200.0,-200.0,-65.218216,-66.275734,-200.0,-200.0,-200,-200,-200.0,-60.592655500000006,-200,-200
387,E01,-200.0,-59.76886,-200.0,-200.0,-200.0,-200.0,-200.0,-200.0,-200.0,-200.0,-200.0,-200.0,-65.1212,-66.482346,-200.0,-200.0,-200,-200,-200.0,-59.497578,-200,-200
388,E01,-200.0,-59.77897,-200.0,-200.0,-200.0,-200.0,-200.0,-200.0,-200.0,-67.45698,-200.0,-200.0,-64.94096,-200.0,-200.0,-200.0,-200,-200,-200.0,-59.51955,-200,-200
389,E01,-200.0,-59.83237,-200.0,-200.0,-200.0,-200.0,-200.0,-200.0,-200.0,-67.56819,-200.0,-200.0,-64.72487,-200.0,-200.0,-200.0,-200,-200,-200.0,-59.54056,-200,-200
390,E01,-200.0,-59.88344,-200.0,-200.0,-200.0,-200.0,-200.0,-200.0,-200.0,-200.0,-200.0,-200.0,-66.55326450000001,-66.46125,-200.0,-200.0,-200,-200,-200.0,-59.99801,-200,-200
391,E01,-200.0,-61.16294,-200.0,-200.0,-200.0,-200.0,-200.0,-200.0,-200.0,-200.0,-200.0,-200.0,-64.78064,-66.266136,-200.0,-200.0,-200,-200,-200.0,-60.592655500000006,-200,-200
392,E01,-200.0,-59.713593,-200.0,-200.0,-200.0,-200.0,-200.0,-200.0,-200.0,-200.0,-200.0,-200.0,-64.7465,-65.99209,-200.0,-200.0,-200,-200,-200.0,-59.735683,-200,-200
393,E01,-200.0,-59.507442,-200.0,-200.0,-200.0,-200.0,-200.0,-200.0,-200.0,-67.360245,-200.0,-200.0,-64.75758,-200.0,-200.0,-200.0,-200,-200,-200.0,-59.39736,-200,-200
394,E01,-200.0,-59.354042,-200.0,-200.0,-200.0,-200.0,-200.0,-200.0,-200.0,-67.34449,-200.0,-200.0,-66.55326450000001,-200.0,-200.0,-200.0,-200,-200,-200.0,-59.073837,-200,-200
395,E01,-200.0,-59.20735,-200.0,-200.0,-200.0,-200.0,-200.0,-200.0,-200.0,-200.0,-200.0,-200.0,-66.55326450000001,-65.86123,-200.0,-200.0,-200,-200,-200.0,-60.592655500000006,-200,-200
396,E01,-200.0,-61.16294,-200.0,-200.0,-200.0,-200.0,-200.0,-200.0,-200.0,-200.0,-200.0,-200.0,-64.85565,-65.82356,-200.0,-200.0,-200,-200,-200.0,-60.592655500000006,-200,-200
397,E01,-200.0,-59.373222,-200.0,-200.0,-200.0,-200.0,-200.0,-200.0,-200.0,-200.0,-200.0,-200.0,-64.86196,-65.74381,-200.0,-200.0,-200,-200,-200.0,-58.76446,-200,-200
398,E01,-200.0,-59.44437,-200.0,-200.0,-200.0,-200.0,-200.0,-200.0,-200.0,-67.474174,-200.0,-200.0,-64.91173,-200.0,-200.0,-200.0,-200,-200,-200.0,-58.512352,-200,-200
399,E01,-200.0,-59.512405,-200.0,-200.0,-200.0,-200.0,-200.0,-200.0,-200.0,-200.0,-200.0,-200.0,-65.09053,-65.49261,-200.0,-200.0,-200,-200,-200.0,-58.315002,-200,-200
400,E01,-200.0,-59.53373,-200.0,-200.0,-200.0,-200.0,-200.0,-200.0,-200.0,-200.0,-200.0,-200.0,-66.55326450000001,-65.42733,-200.0,-200.0,-200,-200,-200.0,-60.592655500000006,-200,-200
401,E01,-200.0,-61.16294,-200.0,-200.0,-200.0,-200.0,-200.0,-200.0,-200.0,-200.0,-200.0,-200.0,-65.08657,-65.49611,-200.0,-200.0,-200,-200,-200.0,-60.592655500000006,-200,-200
402,E01,-200.0,-59.20424,-200.0,-200.0,-200.0,-200.0,-200.0,-200.0,-200.0,-200.0,-200.0,-200.0,-64.95158,-65.60561,-200.0,-200.0,-200,-200,-200.0,-58.257492,-200,-200
403,E01,-200.0,-58.88916,-200.0,-67.189445,-200.0,-200.0,-200.0,-200.0,-200.0,-200.0,-200.0,-200.0,-64.77875,-200.0,-200.0,-200.0,-200,-200,-200.0,-58.246227,-200,-200
404,E01,-200.0,-58.631596,-200.0,-200.0,-200.0,-200.0,-200.0,-200.0,-200.0,-200.0,-200.0,-200.0,-66.55326450000001,-66.01648,-200.0,-200.0,-200,-200,-200.0,-58.279194,-200,-200
405,E01,-200.0,-58.341564,-200.0,-200.0,-200.0,-200.0,-200.0,-200.0,-200.0,-200.0,-200.0,-200.0,-66.55326450000001,-66.015755,-200.0,-200.0,-200,-200,-200.0,-60.592655500000006,-200,-200
406,E01,-200.0,-61.16294,-200.0,-200.0,-200.0,-200.0,-200.0,-200.0,-200.0,-200.0,-200.0,-200.0,-65.48819,-66.01506,-200.0,-200.0,-200,-200,-200.0,-58.31072,-200,-200
407,E01,-200.0,-58.326626,-200.0,-200.0,-200.0,-200.0,-200.0,-200.0,-200.0,-200.0,-200.0,-200.0,-65.4231,-66.058136,-200.0,-200.0,-200,-200,-200.0,-58.29713,-200,-200
408,E01,-200.0,-58.181133,-200.0,-67.24864,-200.0,-200.0,-200.0,-200.0,-200.0,-200.0,-200.0,-200.0,-65.31712,-200.0,-200.0,-200.0,-200,-200,-200.0,-58.371605,-200,-200
409,E01,-200.0,-57.998272,-200.0,-66.93162,-200.0,-200.0,-200.0,-200.0,-200.0,-200.0,-200.0,-200.0,-65.21578,-200.0,-200.0,-200.0,-200,-200,-200.0,-58.530293,-200,-200
410,E01,-200.0,-57.823406,-200.0,-200.0,-200.0,-200.0,-200.0,-200.0,-200.0,-200.0,-200.0,-200.0,-66.55326450000001,-66.1868,-200.0,-200.0,-200,-200,-200.0,-60.592655500000006,-200,-200
411,E01,-200.0,-61.16294,-200.0,-200.0,-200.0,-200.0,-200.0,-200.0,-200.0,-200.0,-200.0,-200.0,-65.206345,-66.13489,-200.0,-200.0,-200,-200,-200.0,-60.592655500000006,-200,-200
412,E01,-200.0,-58.00607,-200.0,-200.0,-200.0,-200.0,-200.0,-200.0,-200.0,-200.0,-200.0,-200.0,-65.06612,-66.04152,-200.0,-200.0,-200,-200,-200.0,-58.375893,-200,-200
413,E01,-200.0,-57.962067,-200.0,-66.35793,-200.0,-200.0,-200.0,-200.0,-200.0,-200.0,-200.0,-200.0,-64.88828,-200.0,-200.0,-200.0,-200,-200,-200.0,-58.31572,-200,-200
414,E01,-200.0,-57.788788,-200.0,-200.0,-200.0,-200.0,-200.0,-200.0,-200.0,-200.0,-200.0,-200.0,-64.98064,-66.0397,-200.0,-200.0,-200,-200,-200.0,-58.433117,-200,-200
415,E01,-200.0,-57.623085,-200.0,-66.2874,-200.0,-200.0,-200.0,-200.0,-200.0,-200.0,-200.0,-200.0,-200.0,-66.0817,-200.0,-200.0,-200,-200,-200.0,-58.764057,-200,-200
416,E01,-200.0,-61.16294,-200.0,-66.40604,-200.0,-200.0,-200.0,-200.0,-200.0,-200.0,-200.0,-200.0,-200.0,-66.340546,-200.0,-200.0,-200,-200,-200.0,-60.592655500000006,-200,-200
417,E01,-200.0,-57.50836,-200.0,-200.0,-200.0,-200.0,-200.0,-200.0,-200.0,-200.0,-200.0,-200.0,-64.98148,-66.67553,-200.0,-200.0,-200,-200,-200.0,-58.774376,-200,-200
418,E01,-200.0,-57.442394,-200.0,-66.56322,-200.0,-200.0,-200.0,-200.0,-200.0,-200.0,-200.0,-200.0,-65.113495,-200.0,-200.0,-200.0,-200,-200,-200.0,-58.653038,-200,-200
419,E01,-200.0,-57.37931,-200.0,-66.62605,-200.0,-200.0,-200.0,-200.0,-200.0,-200.0,-200.0,-200.0,-65.28347,-200.0,-200.0,-200.0,-200,-200,-200.0,-58.449535,-200,-200
420,E01,-200.0,-57.36272,-200.0,-200.0,-200.0,-200.0,-200.0,-200.0,-200.0,-200.0,-200.0,-200.0,-66.55326450000001,-66.60225,-200.0,-200.0,-200,-200,-200.0,-60.592655500000006,-200,-200
421,E01,-200.0,-61.16294,-200.0,-200.0,-200.0,-200.0,-200.0,-200.0,-200.0,-200.0,-200.0,-200.0,-65.31481,-66.44471,-200.0,-200.0,-200,-200,-200.0,-60.592655500000006,-200,-200
422,E01,-200.0,-57.303123,-200.0,-200.0,-200.0,-200.0,-200.0,-200.0,-200.0,-200.0,-200.0,-200.0,-65.34478,-66.16284,-200.0,-200.0,-200,-200,-200.0,-58.47361,-200,-200
423,E01,-200.0,-57.15866,-200.0,-66.49998,-200.0,-200.0,-200.0,-200.0,-200.0,-200.0,-200.0,-200.0,-65.46091,-200.0,-200.0,-200.0,-200,-200,-200.0,-58.540367,-200,-200
424,E01,-200.0,-57.06425,-200.0,-66.43438,-200.0,-200.0,-200.0,-200.0,-200.0,-200.0,-200.0,-200.0,-200.0,-66.199455,-200.0,-200.0,-200,-200,-200.0,-58.604206,-200,-200
425,E01,-200.0,-56.930237,-200.0,-66.459114,-200.0,-200.0,-200.0,-200.0,-200.0,-200.0,-200.0,-200.0,-200.0,-66.10326,-200.0,-200.0,-200,-200,-200.0,-58.665253,-200,-200
426,E01,-200.0,-61.16294,-200.0,-200.0,-200.0,-200.0,-200.0,-200.0,-200.0,-200.0,-200.0,-200.0,-65.57195,-65.96754,-200.0,-200.0,-200,-200,-200.0,-60.592655500000006,-200,-200
427,E01,-200.0,-56.845818,-200.0,-200.0,-200.0,-200.0,-200.0,-200.0,-200.0,-200.0,-200.0,-200.0,-65.590675,-65.837746,-200.0,-200.0,-200,-200,-200.0,-58.67989,-200,-200
428,E01,-200.0,-56.721355,-200.0,-66.760155,-200.0,-200.0,-200.0,-200.0,-200.0,-200.0,-200.0,-200.0,-65.56484,-200.0,-200.0,-200.0,-200,-200,-200.0,-58.69389,-200,-200
429,E01,-200.0,-56.602337,-200.0,-200.0,-200.0,-200.0,-200.0,-200.0,-200.0,-200.0,-200.0,-200.0,-65.80255,-65.582436,-200.0,-200.0,-200,-200,-200.0,-58.707275,-200,-200
430,E01,-200.0,-56.48852,-200.0,-200.0,-200.0,-200.0,-200.0,-200.0,-200.0,-200.0,-200.0,-200.0,-66.55326450000001,-65.33829,-200.0,-200.0,-200,-200,-200.0,-60.592655500000006,-200,-200
431,E01,-200.0,-61.16294,-200.0,-200.0,-200.0,-200.0,-200.0,-200.0,-200.0,-200.0,-200.0,-200.0,-65.76745,-65.367226,-200.0,-200.0,-200,-200,-200.0,-59.2449,-200,-200
432,E01,-200.0,-56.554626,-200.0,-200.0,-200.0,-200.0,-200.0,-200.0,-200.0,-200.0,-200.0,-200.0,-65.73389,-65.3949,-200.0,-200.0,-200,-200,-200.0,-59.190453,-200,-200
433,E01,-200.0,-56.53037,-200.0,-200.0,-200.0,-200.0,-200.0,-200.0,-200.0,-200.0,-68.646774,-200.0,-65.78926,-200.0,-200.0,-200.0,-200,-200,-200.0,-59.050915,-200,-200
434,E01,-200.0,-56.507175,-200.0,-200.0,-200.0,-200.0,-200.0,-200.0,-200.0,-200.0,-200.0,-200.0,-65.84221,-65.33389,-200.0,-200.0,-200,-200,-200.0,-58.87375,-200,-200
435,E01,-200.0,-56.528732,-200.0,-200.0,-200.0,-200.0,-200.0,-200.0,-200.0,-200.0,-200.0,-200.0,-66.55326450000001,-65.31929,-200.0,-200.0,-200,-200,-200.0,-60.592655500000006,-200,-200
436,E01,-200.0,-61.16294,-200.0,-200.0,-200.0,-200.0,-200.0,-200.0,-200.0,-200.0,-200.0,-200.0,-66.11152,-65.30533,-200.0,-200.0,-200,-200,-200.0,-60.592655500000006,-200,-200
437,E01,-200.0,-56.724285,-200.0,-200.0,-200.0,-200.0,-200.0,-200.0,-200.0,-200.0,-200.0,-200.0,-66.150375,-65.24824,-200.0,-200.0,-200,-200,-200.0,-58.835533,-200,-200
438,E01,-200.0,-56.91128,-200.0,-68.27509,-200.0,-200.0,-200.0,-200.0,-200.0,-200.0,-200.0,-200.0,-66.10007,-200.0,-200.0,-200.0,-200,-200,-200.0,-58.798992,-200,-200
439,E01,-200.0,-57.046368,-200.0,-68.17559,-200.0,-200.0,-200.0,-200.0,-200.0,-200.0,-200.0,-200.0,-66.09569,-200.0,-200.0,-200.0,-200,-200,-200.0,-58.720314,-200,-200
440,E01,-200.0,-56.956867,-200.0,-200.0,-200.0,-200.0,-200.0,-200.0,-200.0,-200.0,-200.0,-200.0,-66.55326450000001,-65.14991,-200.0,-200.0,-200,-200,-200.0,-59.126163,-200,-200
441,E01,-200.0,-61.16294,-200.0,-200.0,-200.0,-200.0,-200.0,-200.0,-200.0,-200.0,-200.0,-200.0,-66.17897,-65.09962,-200.0,-200.0,-200,-200,-200.0,-60.592655500000006,-200,-200
442,E01,-200.0,-61.16294,-200.0,-200.0,-200.0,-200.0,-200.0,-200.0,-200.0,-200.0,-200.0,-200.0,-66.389824,-65.22646,-200.0,-200.0,-200,-200,-200.0,-58.90197,-200,-200
443,E01,-200.0,-57.089962,-200.0,-68.23702,-200.0,-200.0,-200.0,-200.0,-200.0,-200.0,-200.0,-200.0,-66.50398,-200.0,-200.0,-200.0,-200,-200,-200.0,-58.68758,-200,-200
444,E01,-200.0,-57.304703,-200.0,-200.0,-200.0,-200.0,-200.0,-200.0,-200.0,-200.0,-200.0,-200.0,-66.613144,-65.435234,-200.0,-200.0,-200,-200,-200.0,-58.438835,-200,-200
445,E01,-200.0,-57.42258,-200.0,-200.0,-200.0,-200.0,-200.0,-200.0,-200.0,-200.0,-200.0,-200.0,-66.55326450000001,-65.5474,-200.0,-200.0,-200,-200,-200.0,-60.592655500000006,-200,-200
446,E01,-200.0,-61.16294,-200.0,-200.0,-200.0,-200.0,-200.0,-200.0,-200.0,-200.0,-200.0,-200.0,-66.76127,-65.6984,-200.0,-200.0,-200,-200,-200.0,-60.592655500000006,-200,-200
447,E01,-200.0,-57.710243,-200.0,-200.0,-200.0,-200.0,-200.0,-200.0,-200.0,-200.0,-200.0,-200.0,-66.902916,-65.8428,-200.0,-200.0,-200,-200,-200.0,-58.638317,-200,-200
448,E01,-200.0,-57.98533,-200.0,-68.431595,-200.0,-200.0,-200.0,-200.0,-200.0,-200.0,-200.0,-200.0,-66.9509,-200.0,-200.0,-200.0,-200,-200,-200.0,-58.56666,-200,-200
449,E01,-200.0,-58.204647,-200.0,-68.54392,-200.0,-200.0,-200.0,-200.0,-200.0,-200.0,-200.0,-200.0,-66.95304,-200.0,-200.0,-200.0,-200,-200,-200.0,-58.71682,-200,-200
450,E01,-200.0,-58.41437,-200.0,-200.0,-200.0,-200.0,-200.0,-200.0,-200.0,-200.0,-200.0,-200.0,-66.55326450000001,-66.068344,-200.0,-200.0,-200,-200,-200.0,-58.90415,-200,-200
451,E01,-200.0,-61.16294,-200.0,-200.0,-200.0,-200.0,-200.0,-200.0,-200.0,-200.0,-200.0,-200.0,-66.55326450000001,-66.371506,-200.0,-200.0,-200,-200,-200.0,-60.592655500000006,-200,-200
452,E01,-200.0,-58.57119,-200.0,-200.0,-200.0,-200.0,-200.0,-200.0,-200.0,-200.0,-200.0,-200.0,-66.91136,-66.70514,-200.0,-200.0,-200,-200,-200.0,-58.820873,-200,-200
453,E01,-200.0,-58.72115,-200.0,-68.895676,-200.0,-200.0,-200.0,-200.0,-200.0,-200.0,-200.0,-200.0,-66.871506,-200.0,-200.0,-200.0,-200,-200,-200.0,-58.784973,-200,-200
454,E01,-200.0,-58.952023,-200.0,-200.0,-200.0,-200.0,-200.0,-200.0,-200.0,-200.0,-200.0,-200.0,-66.83339,-67.28659,-200.0,-200.0,-200,-200,-200.0,-58.706905,-200,-200
455,E01,-200.0,-59.435207,-200.0,-200.0,-200.0,-200.0,-200.0,-200.0,-200.0,-200.0,-200.0,-200.0,-66.55326450000001,-67.449,-200.0,-200.0,-200,-200,-200.0,-60.592655500000006,-200,-200
456,E01,-200.0,-61.16294,-200.0,-200.0,-200.0,-200.0,-200.0,-200.0,-200.0,-200.0,-200.0,-200.0,-67.23429,-67.56057,-200.0,-200.0,-200,-200,-200.0,-58.85093,-200,-200
457,E01,-200.0,-59.63485,-200.0,-200.0,-200.0,-200.0,-200.0,-200.0,-200.0,-200.0,-200.0,-200.0,-67.224045,-67.62353,-200.0,-200.0,-200,-200,-200.0,-58.901184,-200,-200
458,E01,-200.0,-59.782024,-200.0,-200.0,-200.0,-200.0,-200.0,-200.0,-200.0,-200.0,-200.0,-200.0,-67.21425,-69.215918,-200.0,-200.0,-200,-200,-200.0,-59.124184,-200,-200
459,E01,-200.0,-59.922764,-200.0,-200.0,-200.0,-200.0,-200.0,-200.0,-200.0,-200.0,-200.0,-200.0,-67.20488,-69.215918,-200.0,-200.0,-200,-200,-200.0,-59.293694,-200,-200
460,E01,-200.0,-60.10108,-200.0,-200.0,-200.0,-200.0,-200.0,-200.0,-200.0,-200.0,-200.0,-200.0,-66.55326450000001,-67.72746,-200.0,-200.0,-200,-200,-200.0,-60.592655500000006,-200,-200
461,E01,-200.0,-61.16294,-200.0,-200.0,-200.0,-200.0,-200.0,-200.0,-200.0,-200.0,-200.0,-200.0,-67.283394,-67.78312,-200.0,-200.0,-200,-200,-200.0,-60.592655500000006,-200,-200
462,E01,-200.0,-59.877983,-200.0,-200.0,-200.0,-200.0,-200.0,-200.0,-200.0,-200.0,-200.0,-200.0,-67.13979,-67.83634,-200.0,-200.0,-200,-200,-200.0,-59.36832,-200,-200
463,E01,-200.0,-59.664646,-200.0,-200.0,-200.0,-200.0,-200.0,-200.0,-200.0,-200.0,-200.0,-200.0,-66.74006,-69.215918,-200.0,-200.0,-200,-200,-200.0,-59.39595,-200,-200
464,E01,-200.0,-59.460636,-200.0,-200.0,-200.0,-200.0,-200.0,-200.0,-200.0,-200.0,-200.0,-200.0,-66.663956,-69.215918,-200.0,-200.0,-200,-200,-200.0,-59.247425,-200,-200
465,E01,-200.0,-59.35302,-200.0,-200.0,-200.0,-200.0,-200.0,-200.0,-200.0,-200.0,-200.0,-200.0,-66.55326450000001,-67.712296,-200.0,-200.0,-200,-200,-200.0,-59.061665,-200,-200
466,E01,-200.0,-61.16294,-200.0,-200.0,-200.0,-200.0,-200.0,-200.0,-200.0,-200.0,-200.0,-200.0,-66.76612,-67.59367,-200.0,-200.0,-200,-200,-200.0,-60.592655500000006,-200,-200
467,E01,-200.0,-59.381313,-200.0,-200.0,-200.0,-200.0,-200.0,-200.0,-200.0,-200.0,-200.0,-200.0,-66.47021,-67.48024,-200.0,-200.0,-200,-200,-200.0,-59.058968,-200,-200
468,E01,-200.0,-59.23343,-200.0,-200.0,-200.0,-200.0,-200.0,-200.0,-200.0,-200.0,-200.0,-200.0,-66.05603,-69.215918,-200.0,-200.0,-200,-200,-200.0,-59.012653,-200,-200
469,E01,-200.0,-59.17948,-200.0,-200.0,-200.0,-200.0,-200.0,-200.0,-200.0,-200.0,-200.0,-200.0,-66.05358,-67.37177,-200.0,-200.0,-200,-200,-200.0,-58.924633,-200,-200
470,E01,-200.0,-59.127895,-200.0,-200.0,-200.0,-200.0,-200.0,-200.0,-200.0,-200.0,-200.0,-200.0,-66.55326450000001,-67.311775,-200.0,-200.0,-200,-200,-200.0,-60.592655500000006,-200,-200
471,E01,-200.0,-61.16294,-200.0,-200.0,-200.0,-200.0,-200.0,-200.0,-200.0,-200.0,-200.0,-200.0,-65.745094,-67.2544,-200.0,-200.0,-200,-200,-200.0,-58.70925,-200,-200
472,E01,-200.0,-59.428448,-200.0,-200.0,-200.0,-200.0,-200.0,-200.0,-200.0,-200.0,-200.0,-200.0,-65.71251,-67.24328,-200.0,-200.0,-200,-200,-200.0,-58.547028,-200,-200
473,E01,-200.0,-59.49718,-200.0,-200.0,-200.0,-200.0,-200.0,-200.0,-200.0,-200.0,-200.0,-200.0,-65.68135,-69.215918,-200.0,-200.0,-200,-200,-200.0,-58.698044,-200,-200
474,E01,-200.0,-59.694115,-200.0,-200.0,-200.0,-200.0,-200.0,-200.0,-200.0,-200.0,-200.0,-200.0,-65.82649,-67.80119,-200.0,-200.0,-200,-200,-200.0,-58.973663,-200,-200
475,E01,-200.0,-59.92617,-200.0,-200.0,-200.0,-200.0,-200.0,-200.0,-200.0,-200.0,-200.0,-200.0,-66.55326450000001,-68.15977,-200.0,-200.0,-200,-200,-200.0,-60.592655500000006,-200,-200
476,E01,-200.0,-61.16294,-200.0,-200.0,-200.0,-200.0,-200.0,-200.0,-200.0,-200.0,-200.0,-200.0,-66.14023,-68.41519,-200.0,-200.0,-200,-200,-200.0,-60.592655500000006,-200,-200
477,E01,-200.0,-60.148075,-200.0,-200.0,-200.0,-200.0,-200.0,-200.0,-200.0,-200.0,-200.0,-200.0,-66.1341,-68.52824,-200.0,-200.0,-200,-200,-200.0,-60.592655500000006,-200,-200
478,E01,-200.0,-60.447746,-200.0,-200.0,-200.0,-200.0,-200.0,-200.0,-200.0,-200.0,-200.0,-200.0,-66.04077,-69.215918,-200.0,-200.0,-200,-200,-200.0,-59.106018,-200,-200
479,E01,-200.0,-60.73431,-200.0,-200.0,-200.0,-200.0,-200.0,-200.0,-200.0,-200.0,-200.0,-200.0,-66.55326450000001,-68.592606,-200.0,-200.0,-200,-200,-200.0,-59.276325,-200,-200
480,E01,-200.0,-60.964607,-200.0,-200.0,-200.0,-200.0,-200.0,-200.0,-200.0,-200.0,-200.0,-200.0,-66.55326450000001,-68.74163,-200.0,-200.0,-200,-200,-200.0,-59.482918,-200,-200
481,E01,-200.0,-61.16294,-200.0,-200.0,-200.0,-200.0,-200.0,-200.0,-200.0,-200.0,-200.0,-200.0,-66.12646,-68.92787,-200.0,-200.0,-200,-200,-200.0,-60.117825,-200,-200
482,E01,-200.0,-61.31604,-200.0,-69.05505,-200.0,-200.0,-200.0,-200.0,-200.0,-200.0,-200.0,-200.0,-66.25213,-200.0,-200.0,-200.0,-200,-200,-200.0,-60.724964,-200,-200
483,E01,-200.0,-61.520893,-200.0,-200.0,-200.0,-200.0,-200.0,-200.0,-200.0,-200.0,-200.0,-200.0,-66.328575,-69.215918,-200.0,-200.0,-200,-200,-200.0,-61.130608,-200,-200
484,E01,-200.0,-61.847992,-200.0,-200.0,-200.0,-200.0,-200.0,-200.0,-200.0,-200.0,-200.0,-200.0,-66.183,-69.447395,-200.0,-200.0,-200,-200,-200.0,-61.387306,-200,-200
